2026-06-13T23:09:04Z ERROR [databases] adapter failed after 0.0s: network down
2026-06-13 16:09:04,361 ERROR    scripts.data.scraper.main: Unknown source(s): ['nonexistent_source']. Available: ['databases', 'pubmed', 'semantic_scholar', 'openalex', 'biorxiv', 'patents_us', 'patents_epo', 'patents_wipo', 'lens', 'google_patents']
2026-06-13 16:09:04,363 INFO     scripts.data.scraper.main: Pipeline starting — sources: ['databases'], max_per_source: 500, dry_run: True
2026-06-13 16:09:04,363 INFO     scripts.data.scraper.main: [databases] Starting adapter
2026-06-13 16:09:04,363 INFO     scripts.data.scraper.main: [databases] 0 records in 0.0s
2026-06-13 16:09:04,363 INFO     scripts.data.scraper.main: All adapters done in 0.0s — 0 records collected from 1 sources
2026-06-13 16:09:04,363 INFO     scripts.data.scraper.main: Dry run — skipping write to disk.
2026-06-13 16:09:04,365 INFO     scripts.data.scraper.main: Pipeline starting — sources: ['databases'], max_per_source: 500, dry_run: False
2026-06-13 16:09:04,365 INFO     scripts.data.scraper.main: [databases] Starting adapter
2026-06-13 16:09:04,365 INFO     scripts.data.scraper.main: [databases] 0 records in 0.0s
2026-06-13 16:09:04,365 INFO     scripts.data.scraper.main: All adapters done in 0.0s — 0 records collected from 1 sources
2026-06-13 16:09:04,365 ERROR    scripts.data.scraper.main: Pipeline error: output_path (/private/var/folders/nq/qxs1sy3s0v11yyz6hx_sx3480000gn/T/pytest-of-shivanshbansal/pytest-7/test_main_safety_guard_exits_10/same.csv) must not be the same as master_path (/private/var/folders/nq/qxs1sy3s0v11yyz6hx_sx3480000gn/T/pytest-of-shivanshbansal/pytest-7/test_main_safety_guard_exits_10/same.csv). The master dataset must never be overwritten.
2026-06-13T23:09:12Z ERROR [databases] adapter failed after 0.0s: network down
2026-06-13 16:09:12,711 ERROR    scripts.data.scraper.main: Unknown source(s): ['nonexistent_source']. Available: ['databases', 'pubmed', 'semantic_scholar', 'openalex', 'biorxiv', 'patents_us', 'patents_epo', 'patents_wipo', 'lens', 'google_patents']
2026-06-13 16:09:12,712 INFO     scripts.data.scraper.main: Pipeline starting — sources: ['databases'], max_per_source: 500, dry_run: True
2026-06-13 16:09:12,712 INFO     scripts.data.scraper.main: [databases] Starting adapter
2026-06-13 16:09:12,712 INFO     scripts.data.scraper.main: [databases] 0 records in 0.0s
2026-06-13 16:09:12,712 INFO     scripts.data.scraper.main: All adapters done in 0.0s — 0 records collected from 1 sources
2026-06-13 16:09:12,712 INFO     scripts.data.scraper.main: Dry run — skipping write to disk.
2026-06-13 16:09:12,714 INFO     scripts.data.scraper.main: Pipeline starting — sources: ['databases'], max_per_source: 500, dry_run: False
2026-06-13 16:09:12,714 INFO     scripts.data.scraper.main: [databases] Starting adapter
2026-06-13 16:09:12,714 INFO     scripts.data.scraper.main: [databases] 0 records in 0.0s
2026-06-13 16:09:12,714 INFO     scripts.data.scraper.main: All adapters done in 0.0s — 0 records collected from 1 sources
2026-06-13 16:09:12,714 ERROR    scripts.data.scraper.main: Pipeline error: output_path (/private/var/folders/nq/qxs1sy3s0v11yyz6hx_sx3480000gn/T/pytest-of-shivanshbansal/pytest-8/test_main_safety_guard_exits_10/same.csv) must not be the same as master_path (/private/var/folders/nq/qxs1sy3s0v11yyz6hx_sx3480000gn/T/pytest-of-shivanshbansal/pytest-8/test_main_safety_guard_exits_10/same.csv). The master dataset must never be overwritten.
2026-06-13 16:28:31,659 INFO     __main__: Pipeline starting — sources: ['databases', 'pubmed'], max_per_source: 200, dry_run: True
2026-06-13 16:28:31,661 INFO     __main__: [databases] Starting adapter
2026-06-13 16:28:33,054 INFO     scripts.data.scraper.adapters.databases: DatabasesAdapter: 0 total records
2026-06-13 16:28:33,054 INFO     __main__: [databases] 0 records in 1.4s
2026-06-13 16:28:33,054 INFO     __main__: [pubmed] Starting adapter
2026-06-13 16:28:33,333 INFO     scripts.data.scraper.adapters.pubmed_pmc: PubMed query '("DNA aptamer"[Title/Abstract] AND "SELEX"[Title/Abstract])' → 50 new PMIDs
2026-06-13 16:28:37,626 INFO     scripts.data.scraper.adapters.pubmed_pmc: PubMed query '("aptamer"[Title/Abstract] AND "dissociation constant"[Title' → 40 new PMIDs
2026-06-13 16:28:40,330 INFO     scripts.data.scraper.adapters.pubmed_pmc: PubMed query '("aptamer"[Title/Abstract] AND "Kd"[Title/Abstract])' → 32 new PMIDs
2026-06-13 16:28:42,576 INFO     scripts.data.scraper.adapters.pubmed_pmc: PubMed query '("aptamer selection"[Title/Abstract] AND "binding affinity"[' → 48 new PMIDs
2026-06-13 16:28:46,200 INFO     scripts.data.scraper.adapters.pubmed_pmc: PubMed query '("ssDNA aptamer"[Title/Abstract])' → 46 new PMIDs
2026-06-13 16:28:50,115 INFO     scripts.data.scraper.adapters.pubmed_pmc: PubMed query '("RNA aptamer"[Title/Abstract] AND "SELEX"[Title/Abstract])' → 46 new PMIDs
2026-06-13 16:28:53,276 INFO     scripts.data.scraper.adapters.pubmed_pmc: PubMed query '("CE-SELEX"[Title/Abstract] AND "aptamer"[Title/Abstract])' → 38 new PMIDs
2026-06-13 16:28:56,159 INFO     scripts.data.scraper.adapters.pubmed_pmc: PubMed query '("Capture-SELEX"[Title/Abstract])' → 34 new PMIDs
2026-06-13 16:28:58,473 INFO     scripts.data.scraper.adapters.pubmed_pmc: PubMed query '("Cell-SELEX"[Title/Abstract] AND "aptamer"[Title/Abstract])' → 27 new PMIDs
2026-06-13 16:29:00,982 INFO     scripts.data.scraper.adapters.pubmed_pmc: PubMed query '("Microfluidic SELEX"[Title/Abstract])' → 18 new PMIDs
2026-06-13 16:29:02,706 INFO     scripts.data.scraper.adapters.pubmed_pmc: PubMed query '("aptamer"[Title/Abstract] AND "SPR"[Title/Abstract] AND "bi' → 42 new PMIDs
2026-06-13 16:29:05,775 INFO     scripts.data.scraper.adapters.pubmed_pmc: PubMed query '("aptamer"[Title/Abstract] AND "ITC"[Title/Abstract])' → 34 new PMIDs
2026-06-13 16:29:07,898 INFO     scripts.data.scraper.adapters.pubmed_pmc: PubMed query '("aptamer"[Title/Abstract] AND "EMSA"[Title/Abstract])' → 25 new PMIDs
2026-06-13 16:29:10,140 INFO     scripts.data.scraper.adapters.pubmed_pmc: PubMed query '("systematic evolution of ligands"[Title/Abstract])' → 29 new PMIDs
2026-06-13 16:29:12,479 INFO     scripts.data.scraper.adapters.pubmed_pmc: PubMed query '("in vitro selection"[Title/Abstract] AND "oligonucleotide"[' → 47 new PMIDs
2026-06-13 16:29:15,063 INFO     scripts.data.scraper.adapters.pubmed_pmc: PubMedPMCAdapter: extracted 0 records
2026-06-13 16:29:15,065 INFO     __main__: [pubmed] 0 records in 42.0s
2026-06-13 16:29:15,065 INFO     __main__: All adapters done in 43.4s — 0 records collected from 2 sources
2026-06-13 16:29:15,065 INFO     __main__: Dry run — skipping write to disk.
2026-06-17T05:19:00Z ERROR [databases] adapter failed after 0.0s: network down
2026-06-16 22:19:00,371 ERROR    scripts.data.scraper.main: Unknown source(s): ['nonexistent_source']. Available: ['databases', 'pubmed', 'semantic_scholar', 'openalex', 'biorxiv', 'patents_us', 'patents_epo', 'patents_wipo', 'lens', 'google_patents']
2026-06-16 22:19:00,372 INFO     scripts.data.scraper.main: Pipeline starting — sources: ['databases'], max_per_source: 500, dry_run: True
2026-06-16 22:19:00,372 INFO     scripts.data.scraper.main: [databases] Starting adapter
2026-06-16 22:19:00,373 INFO     scripts.data.scraper.main: [databases] 0 records in 0.0s
2026-06-16 22:19:00,373 INFO     scripts.data.scraper.main: All adapters done in 0.0s — 0 records collected from 1 sources
2026-06-16 22:19:00,373 INFO     scripts.data.scraper.main: Dry run — skipping write to disk.
2026-06-16 22:19:00,374 INFO     scripts.data.scraper.main: Pipeline starting — sources: ['databases'], max_per_source: 500, dry_run: False
2026-06-16 22:19:00,374 INFO     scripts.data.scraper.main: [databases] Starting adapter
2026-06-16 22:19:00,374 INFO     scripts.data.scraper.main: [databases] 0 records in 0.0s
2026-06-16 22:19:00,374 INFO     scripts.data.scraper.main: All adapters done in 0.0s — 0 records collected from 1 sources
2026-06-16 22:19:00,374 ERROR    scripts.data.scraper.main: Pipeline error: output_path (/private/var/folders/nq/qxs1sy3s0v11yyz6hx_sx3480000gn/T/pytest-of-shivanshbansal/pytest-24/test_main_safety_guard_exits_10/same.csv) must not be the same as master_path (/private/var/folders/nq/qxs1sy3s0v11yyz6hx_sx3480000gn/T/pytest-of-shivanshbansal/pytest-24/test_main_safety_guard_exits_10/same.csv). The master dataset must never be overwritten.
2026-06-16 22:19:00,384 INFO     scripts.data.scraper.adapters.supp_fetcher: Supplementary file parsed: https://example.com/data.csv (67 chars)
2026-06-16 22:19:00,395 INFO     scripts.data.scraper.adapters.supp_fetcher: Supplementary file parsed: https://example.com/supp.xlsx (66 chars)
2026-06-16 22:19:00,404 INFO     scripts.data.scraper.adapters.supp_fetcher: Supplementary file parsed: https://example.com/supp0.xlsx (66 chars)
2026-06-16 22:19:00,404 WARNING  scripts.data.scraper.parsers.excel_parser: Excel open failed (<bytes>): Excel file format cannot be determined, you must specify an engine manually.
2026-06-16 22:19:00,404 WARNING  scripts.data.scraper.parsers.excel_parser: Excel open failed (<bytes>): Excel file format cannot be determined, you must specify an engine manually.
2026-06-16 22:19:00,404 WARNING  scripts.data.scraper.parsers.excel_parser: Excel open failed (<bytes>): Excel file format cannot be determined, you must specify an engine manually.
2026-06-16 22:19:00,405 WARNING  scripts.data.scraper.parsers.excel_parser: Excel open failed (<bytes>): Excel file format cannot be determined, you must specify an engine manually.
2026-06-16 22:19:00,405 WARNING  scripts.data.scraper.parsers.excel_parser: Excel open failed (<bytes>): Excel file format cannot be determined, you must specify an engine manually.
2026-06-16 22:19:00,405 WARNING  scripts.data.scraper.parsers.excel_parser: Excel open failed (<bytes>): Excel file format cannot be determined, you must specify an engine manually.
2026-06-16 22:19:00,405 WARNING  scripts.data.scraper.parsers.excel_parser: Excel open failed (<bytes>): Excel file format cannot be determined, you must specify an engine manually.
2026-06-16 22:19:00,405 WARNING  scripts.data.scraper.parsers.excel_parser: Excel open failed (<bytes>): Excel file format cannot be determined, you must specify an engine manually.
2026-06-16 22:19:00,405 WARNING  scripts.data.scraper.parsers.excel_parser: Excel open failed (<bytes>): Excel file format cannot be determined, you must specify an engine manually.
2026-06-16 22:19:00,410 INFO     scripts.data.scraper.adapters.supp_fetcher: Supplementary file parsed: https://example.com/a.csv (4 chars)
2026-06-16 22:19:00,410 INFO     scripts.data.scraper.adapters.supp_fetcher: Supplementary file parsed: https://example.com/b.csv (4 chars)
2026-06-16 22:19:00,412 INFO     scripts.data.scraper.adapters.supp_fetcher: Supplementary file parsed: https://ncbi.nlm.nih.gov/pmc/articles/PMC999/bin/table1.csv (20 chars)
2026-06-16 22:19:00,415 INFO     scripts.data.scraper.adapters.pubmed_pmc: PubMed query '("DNA aptamer"[Title/Abstract] AND "SELEX"[Title/Abstract])' → 1 new PMIDs
2026-06-16 22:19:00,416 INFO     scripts.data.scraper.adapters.pubmed_pmc: PubMedPMCAdapter: extracted 0 records
2026-06-16 22:19:00,417 INFO     scripts.data.scraper.adapters.pubmed_pmc: PubMed query '("DNA aptamer"[Title/Abstract] AND "SELEX"[Title/Abstract])' → 1 new PMIDs
2026-06-16 22:19:00,417 INFO     scripts.data.scraper.adapters.pubmed_pmc: PubMedPMCAdapter: extracted 0 records
2026-06-16 23:49:22,855 INFO     __main__: Pipeline starting — sources: ['databases', 'pubmed', 'semantic_scholar', 'openalex', 'biorxiv', 'patents_us', 'patents_epo', 'patents_wipo', 'lens', 'google_patents'], max_per_source: 500, dry_run: False
2026-06-16 23:49:22,855 INFO     __main__: [databases] Starting adapter
2026-06-16 23:49:24,069 INFO     scripts.data.scraper.adapters.databases: DatabasesAdapter: 0 total records
2026-06-16 23:49:24,069 INFO     __main__: [databases] 0 records in 1.2s
2026-06-16 23:49:24,069 INFO     __main__: [pubmed] Starting adapter
2026-06-16 23:49:24,413 INFO     scripts.data.scraper.adapters.pubmed_pmc: PubMed query '("DNA aptamer"[Title/Abstract] AND "SELEX"[Title/Abstract])' → 50 new PMIDs
2026-06-16 23:49:29,524 INFO     scripts.data.scraper.adapters.pubmed_pmc: PubMed query '("aptamer"[Title/Abstract] AND "dissociation constant"[Title' → 39 new PMIDs
2026-06-16 23:49:38,201 INFO     scripts.data.scraper.adapters.pubmed_pmc: PubMed query '("aptamer"[Title/Abstract] AND "Kd"[Title/Abstract])' → 34 new PMIDs
2026-06-16 23:49:42,395 INFO     scripts.data.scraper.adapters.pubmed_pmc: PubMed query '("aptamer selection"[Title/Abstract] AND "binding affinity"[' → 48 new PMIDs
2026-06-16 23:49:46,596 INFO     scripts.data.scraper.adapters.pubmed_pmc: PubMed query '("ssDNA aptamer"[Title/Abstract])' → 46 new PMIDs
2026-06-16 23:50:01,530 INFO     scripts.data.scraper.adapters.pubmed_pmc: PubMed query '("RNA aptamer"[Title/Abstract] AND "SELEX"[Title/Abstract])' → 46 new PMIDs
2026-06-16 23:50:05,960 INFO     scripts.data.scraper.adapters.pubmed_pmc: PubMed query '("CE-SELEX"[Title/Abstract] AND "aptamer"[Title/Abstract])' → 38 new PMIDs
2026-06-16 23:50:13,337 INFO     scripts.data.scraper.adapters.pubmed_pmc: PubMed query '("Capture-SELEX"[Title/Abstract])' → 34 new PMIDs
2026-06-16 23:50:20,137 INFO     scripts.data.scraper.adapters.pubmed_pmc: PubMed query '("Cell-SELEX"[Title/Abstract] AND "aptamer"[Title/Abstract])' → 27 new PMIDs
2026-06-16 23:50:25,875 INFO     scripts.data.scraper.adapters.pubmed_pmc: PubMed query '("Microfluidic SELEX"[Title/Abstract])' → 18 new PMIDs
2026-06-16 23:50:28,020 INFO     scripts.data.scraper.adapters.pubmed_pmc: PubMed query '("aptamer"[Title/Abstract] AND "SPR"[Title/Abstract] AND "bi' → 42 new PMIDs
2026-06-16 23:50:33,907 INFO     scripts.data.scraper.adapters.pubmed_pmc: PubMed query '("aptamer"[Title/Abstract] AND "ITC"[Title/Abstract])' → 34 new PMIDs
2026-06-16 23:50:38,591 INFO     scripts.data.scraper.adapters.pubmed_pmc: PubMed query '("aptamer"[Title/Abstract] AND "EMSA"[Title/Abstract])' → 25 new PMIDs
2026-06-16 23:50:47,149 INFO     scripts.data.scraper.adapters.pubmed_pmc: PubMed query '("systematic evolution of ligands"[Title/Abstract])' → 29 new PMIDs
2026-06-16 23:50:52,597 INFO     scripts.data.scraper.adapters.pubmed_pmc: PubMed query '("in vitro selection"[Title/Abstract] AND "oligonucleotide"[' → 47 new PMIDs
2026-06-16 23:51:01,703 INFO     scripts.data.scraper.adapters.pubmed_pmc: PubMedPMCAdapter: extracted 0 records
2026-06-16 23:51:01,705 INFO     __main__: [pubmed] 0 records in 97.2s
2026-06-16 23:51:01,706 INFO     __main__: [semantic_scholar] Starting adapter
2026-06-16 23:51:01,970 WARNING  scripts.data.scraper.adapters.base: semantic_scholar rate-limited (429); sleeping 5s
2026-06-16 23:51:07,144 WARNING  scripts.data.scraper.adapters.base: semantic_scholar rate-limited (429); sleeping 15s
2026-06-16 23:51:22,355 WARNING  scripts.data.scraper.adapters.base: semantic_scholar rate-limited (429); sleeping 30s
2026-06-16 23:51:52,454 WARNING  scripts.data.scraper.adapters.base: semantic_scholar https://api.semanticscholar.org/graph/v1/paper/search failed after retries: 429 Client Error:  for url: https://api.semanticscholar.org/graph/v1/paper/search?query=DNA+aptamer+SELEX+binding+protein&fields=paperId%2Ctitle%2Cabstract%2Cyear%2CexternalIds%2CopenAccessPdf&offset=0&limit=62
2026-06-16 23:51:55,436 WARNING  scripts.data.scraper.adapters.base: semantic_scholar rate-limited (429); sleeping 5s
2026-06-16 23:52:00,616 WARNING  scripts.data.scraper.adapters.base: semantic_scholar rate-limited (429); sleeping 15s
2026-06-16 23:52:15,740 WARNING  scripts.data.scraper.adapters.base: semantic_scholar rate-limited (429); sleeping 30s
2026-06-16 23:52:57,858 WARNING  scripts.data.scraper.adapters.base: semantic_scholar rate-limited (429); sleeping 5s
2026-06-16 23:53:02,985 WARNING  scripts.data.scraper.adapters.base: semantic_scholar rate-limited (429); sleeping 15s
2026-06-16 23:53:26,174 INFO     scripts.data.scraper.adapters.semantic_scholar: SemanticScholarAdapter: 2 records
2026-06-16 23:53:26,175 INFO     __main__: [semantic_scholar] 2 records in 144.5s
2026-06-16 23:53:26,176 INFO     __main__: [openalex] Starting adapter
2026-06-17 00:00:29,494 INFO     scripts.data.scraper.adapters.openalex: OpenAlexAdapter: 34 records
2026-06-17 00:00:29,498 INFO     __main__: [openalex] 34 records in 423.3s
2026-06-17 00:00:29,498 INFO     __main__: [biorxiv] Starting adapter
2026-06-17 00:02:42,492 INFO     scripts.data.scraper.adapters.biorxiv: BioRxivAdapter: 0 records
2026-06-17 00:02:42,495 INFO     __main__: [biorxiv] 0 records in 133.0s
2026-06-17 00:02:42,495 INFO     __main__: [patents_us] Starting adapter
2026-06-17 00:02:42,554 WARNING  scripts.data.scraper.adapters.base: patents_us https://search.patentsview.org/api/v1/patent/ request error: HTTPSConnectionPool(host='search.patentsview.org', port=443): Max retries exceeded with url: /api/v1/patent/ (Caused by NameResolutionError("HTTPSConnection(host='search.patentsview.org', port=443): Failed to resolve 'search.patentsview.org' ([Errno 8] nodename nor servname provided, or not known)"))
2026-06-17 00:02:43,016 WARNING  scripts.data.scraper.adapters.base: patents_us https://search.patentsview.org/api/v1/patent/ request error: HTTPSConnectionPool(host='search.patentsview.org', port=443): Max retries exceeded with url: /api/v1/patent/ (Caused by NameResolutionError("HTTPSConnection(host='search.patentsview.org', port=443): Failed to resolve 'search.patentsview.org' ([Errno 8] nodename nor servname provided, or not known)"))
2026-06-17 00:02:43,521 WARNING  scripts.data.scraper.adapters.base: patents_us https://search.patentsview.org/api/v1/patent/ request error: HTTPSConnectionPool(host='search.patentsview.org', port=443): Max retries exceeded with url: /api/v1/patent/ (Caused by NameResolutionError("HTTPSConnection(host='search.patentsview.org', port=443): Failed to resolve 'search.patentsview.org' ([Errno 8] nodename nor servname provided, or not known)"))
2026-06-17 00:02:44,024 WARNING  scripts.data.scraper.adapters.base: patents_us https://search.patentsview.org/api/v1/patent/ request error: HTTPSConnectionPool(host='search.patentsview.org', port=443): Max retries exceeded with url: /api/v1/patent/ (Caused by NameResolutionError("HTTPSConnection(host='search.patentsview.org', port=443): Failed to resolve 'search.patentsview.org' ([Errno 8] nodename nor servname provided, or not known)"))
2026-06-17 00:02:44,024 INFO     scripts.data.scraper.adapters.patents_us: PatentsUSAdapter: 0 records
2026-06-17 00:02:44,024 INFO     __main__: [patents_us] 0 records in 1.5s
2026-06-17 00:02:44,025 INFO     __main__: [patents_epo] Starting adapter
2026-06-17 00:04:10,078 WARNING  scripts.data.scraper.adapters.base: patents_epo https://ops.epo.org/3.2/rest-services/published-data/search failed after retries: 403 Client Error: Forbidden for url: https://ops.epo.org/3.2/rest-services/published-data/search?q=txt%3D%22aptamer%22+AND+txt%3D%22SELEX%22+AND+txt%3D%22binding%22&Range=1851-1875
2026-06-17 00:04:15,097 WARNING  scripts.data.scraper.adapters.base: patents_epo https://ops.epo.org/3.2/rest-services/published-data/search failed after retries: 403 Client Error: Forbidden for url: https://ops.epo.org/3.2/rest-services/published-data/search?q=txt%3D%22DNA+aptamer%22+AND+txt%3D%22dissociation+constant%22&Range=76-100
2026-06-17 00:04:25,712 WARNING  scripts.data.scraper.adapters.base: patents_epo https://ops.epo.org/3.2/rest-services/published-data/search failed after retries: 403 Client Error: Forbidden for url: https://ops.epo.org/3.2/rest-services/published-data/search?q=txt%3D%22ssDNA%22+AND+txt%3D%22SELEX%22+AND+txt%3D%22protein%22&Range=201-225
2026-06-17 00:04:26,944 WARNING  scripts.data.scraper.adapters.base: patents_epo https://ops.epo.org/3.2/rest-services/published-data/search failed after retries: 403 Client Error: Forbidden for url: https://ops.epo.org/3.2/rest-services/published-data/search?q=txt%3D%22aptamer%22+AND+txt%3D%22Kd%22+AND+txt%3D%22nM%22&Range=1-25
2026-06-17 00:04:26,945 INFO     scripts.data.scraper.adapters.patents_epo: EPOAdapter: 0 records
2026-06-17 00:04:26,945 INFO     __main__: [patents_epo] 0 records in 102.9s
2026-06-17 00:04:26,945 INFO     __main__: [patents_wipo] Starting adapter
2026-06-17 00:04:31,595 WARNING  scripts.data.scraper.adapters.base: patents_wipo https://patentscope.wipo.int/search/en/query.jsf failed after retries: 404 Client Error: Not Found for url: https://patentscope.wipo.int/search/en/query.jsf
2026-06-17 00:04:44,459 WARNING  scripts.data.scraper.adapters.base: patents_wipo https://patentscope.wipo.int/search/en/query.jsf failed after retries: 404 Client Error: Not Found for url: https://patentscope.wipo.int/search/en/query.jsf
2026-06-17 00:04:56,089 WARNING  scripts.data.scraper.adapters.base: patents_wipo https://patentscope.wipo.int/search/en/query.jsf failed after retries: 404 Client Error: Not Found for url: https://patentscope.wipo.int/search/en/query.jsf
2026-06-17 00:05:07,050 INFO     scripts.data.scraper.adapters.patents_wipo: WIPOAdapter: 0 records
2026-06-17 00:05:07,051 INFO     __main__: [patents_wipo] 0 records in 40.1s
2026-06-17 00:05:07,051 INFO     __main__: [lens] Starting adapter
2026-06-17 00:05:31,164 INFO     scripts.data.scraper.adapters.lens: LensAdapter: 0 records
2026-06-17 00:05:31,167 INFO     __main__: [lens] 0 records in 24.1s
2026-06-17 00:05:31,167 INFO     __main__: [google_patents] Starting adapter
2026-06-17 00:06:53,491 WARNING  scripts.data.scraper.adapters.base: google_patents https://patents.google.com/xhr/query?url=q%3Daptamer%2520selection%2520oligonucleotide%2520binding%2520affinity%26num%3D10%26start%3D10&exp= failed after retries: 503 Server Error: Service Unavailable for url: https://patents.google.com/xhr/query?url=q%3Daptamer%2520selection%2520oligonucleotide%2520binding%2520affinity%26num%3D10%26start%3D10&exp=
2026-06-17 00:06:58,125 WARNING  scripts.data.scraper.adapters.base: google_patents https://patents.google.com/xhr/query?url=q%3Din%2520vitro%2520SELEX%2520DNA%2520binding%2520target%2520protein%26num%3D10%26start%3D0&exp= failed after retries: 503 Server Error: Service Unavailable for url: https://patents.google.com/xhr/query?url=q%3Din%2520vitro%2520SELEX%2520DNA%2520binding%2520target%2520protein%26num%3D10%26start%3D0&exp=
2026-06-17 00:06:58,125 INFO     scripts.data.scraper.adapters.google_patents: GooglePatentsAdapter: 163 records
2026-06-17 00:06:58,126 INFO     __main__: [google_patents] 163 records in 87.0s
2026-06-17 00:06:58,126 INFO     __main__: All adapters done in 1054.8s — 199 records collected from 10 sources
2026-06-17 00:06:58,129 INFO     scripts.data.scraper.merge: Merge: 199 incoming → 199 valid, 0 invalid
2026-06-17 00:06:58,129 WARNING  scripts.data.scraper.utils.deduplication: Master dataset not found at /Users/shivanshbansal/GitHub/data/processed/master_dataset.csv — starting with empty dedup set
2026-06-17 00:06:58,129 INFO     scripts.data.scraper.merge: Deduplicator loaded 0 pairs from master
2026-06-17 00:06:58,157 INFO     scripts.data.scraper.merge: Merge: 194 unique new rows, 5 duplicates (combined master + intra-batch)
2026-06-17 00:06:58,164 INFO     scripts.data.scraper.merge: Wrote 194 rows to /Users/shivanshbansal/GitHub/data/raw/scraped_dataset.csv
2026-06-17 00:06:58,165 INFO     scripts.data.scraper.merge: Coverage report written to /Users/shivanshbansal/GitHub/data/raw/scraper_coverage_report.txt
2026-06-17 00:06:58,165 INFO     __main__: Pipeline complete — 194 new rows written to /Users/shivanshbansal/GitHub/data/raw/scraped_dataset.csv
2026-06-17 10:12:36,835 INFO     __main__: Pipeline starting — sources: ['databases', 'pubmed', 'semantic_scholar', 'openalex', 'biorxiv', 'patents_us', 'patents_epo', 'patents_wipo', 'lens', 'google_patents'], max_per_source: 1000, dry_run: False
2026-06-17 10:12:36,836 INFO     __main__: [databases] Starting adapter
2026-06-17 10:12:38,246 WARNING  scripts.data.scraper.adapters.databases: Failed to load UTexas CSV aptamer_database.csv: No columns to parse from file
2026-06-17 10:12:38,246 INFO     scripts.data.scraper.adapters.databases: UTexas DB: 0 curated records
2026-06-17 10:12:38,246 INFO     scripts.data.scraper.adapters.databases: DatabasesAdapter: 0 total records
2026-06-17 10:12:38,247 INFO     __main__: [databases] 0 records in 1.4s
2026-06-17 10:12:38,247 INFO     __main__: [pubmed] Starting adapter
2026-06-17 10:12:38,771 INFO     scripts.data.scraper.adapters.pubmed_pmc: PubMed query '("DNA aptamer"[Title/Abstract] AND "SELEX"[Title/Abstract])' → 66 new PMIDs
2026-06-17 10:12:43,135 INFO     scripts.data.scraper.adapters.pubmed_pmc: PubMed query '("aptamer"[Title/Abstract] AND "dissociation constant"[Title' → 51 new PMIDs
2026-06-17 10:12:46,769 INFO     scripts.data.scraper.adapters.pubmed_pmc: PubMed query '("aptamer"[Title/Abstract] AND "Kd"[Title/Abstract])' → 44 new PMIDs
2026-06-17 10:12:51,109 INFO     scripts.data.scraper.adapters.pubmed_pmc: PubMed query '("aptamer selection"[Title/Abstract] AND "binding affinity"[' → 54 new PMIDs
2026-06-17 10:12:56,452 INFO     scripts.data.scraper.adapters.pubmed_pmc: PubMed query '("ssDNA aptamer"[Title/Abstract])' → 60 new PMIDs
2026-06-17 10:13:01,616 INFO     scripts.data.scraper.adapters.pubmed_pmc: PubMed query '("RNA aptamer"[Title/Abstract] AND "SELEX"[Title/Abstract])' → 61 new PMIDs
2026-06-17 10:13:05,666 INFO     scripts.data.scraper.adapters.pubmed_pmc: PubMed query '("CE-SELEX"[Title/Abstract] AND "aptamer"[Title/Abstract])' → 37 new PMIDs
2026-06-17 10:13:09,127 INFO     scripts.data.scraper.adapters.pubmed_pmc: PubMed query '("Capture-SELEX"[Title/Abstract])' → 41 new PMIDs
2026-06-17 10:13:12,472 INFO     scripts.data.scraper.adapters.pubmed_pmc: PubMed query '("Cell-SELEX"[Title/Abstract] AND "aptamer"[Title/Abstract])' → 39 new PMIDs
2026-06-17 10:13:15,419 INFO     scripts.data.scraper.adapters.pubmed_pmc: PubMed query '("Microfluidic SELEX"[Title/Abstract])' → 18 new PMIDs
2026-06-17 10:13:17,527 INFO     scripts.data.scraper.adapters.pubmed_pmc: PubMed query '("aptamer"[Title/Abstract] AND "SPR"[Title/Abstract] AND "bi' → 56 new PMIDs
2026-06-17 10:13:21,728 INFO     scripts.data.scraper.adapters.pubmed_pmc: PubMed query '("aptamer"[Title/Abstract] AND "ITC"[Title/Abstract])' → 45 new PMIDs
2026-06-17 10:13:25,135 INFO     scripts.data.scraper.adapters.pubmed_pmc: PubMed query '("aptamer"[Title/Abstract] AND "EMSA"[Title/Abstract])' → 24 new PMIDs
2026-06-17 10:13:29,830 INFO     scripts.data.scraper.adapters.pubmed_pmc: PubMed query '("systematic evolution of ligands"[Title/Abstract])' → 40 new PMIDs
2026-06-17 10:13:36,180 INFO     scripts.data.scraper.adapters.pubmed_pmc: PubMed query '("in vitro selection"[Title/Abstract] AND "oligonucleotide"[' → 62 new PMIDs
2026-06-17 10:13:40,108 INFO     scripts.data.scraper.adapters.pubmed_pmc: PubMedPMCAdapter: extracted 50 records
2026-06-17 10:13:40,110 INFO     __main__: [pubmed] 50 records in 61.9s
2026-06-17 10:13:40,110 INFO     __main__: [semantic_scholar] Starting adapter
2026-06-17 10:13:40,380 WARNING  scripts.data.scraper.adapters.base: semantic_scholar rate-limited (429); sleeping 5s
2026-06-17 10:13:51,587 WARNING  scripts.data.scraper.adapters.base: semantic_scholar rate-limited (429); sleeping 5s
2026-06-17 10:13:59,673 WARNING  scripts.data.scraper.adapters.base: semantic_scholar rate-limited (429); sleeping 5s
2026-06-17 10:14:04,851 WARNING  scripts.data.scraper.adapters.base: semantic_scholar rate-limited (429); sleeping 15s
2026-06-17 10:14:22,926 WARNING  scripts.data.scraper.adapters.base: semantic_scholar rate-limited (429); sleeping 5s
2026-06-17 10:14:37,070 WARNING  scripts.data.scraper.adapters.base: semantic_scholar rate-limited (429); sleeping 5s
2026-06-17 10:14:45,192 WARNING  scripts.data.scraper.adapters.base: semantic_scholar rate-limited (429); sleeping 5s
2026-06-17 10:14:50,307 WARNING  scripts.data.scraper.adapters.base: semantic_scholar rate-limited (429); sleeping 15s
2026-06-17 10:15:17,418 WARNING  scripts.data.scraper.adapters.base: semantic_scholar rate-limited (429); sleeping 5s
2026-06-17 10:15:25,531 WARNING  scripts.data.scraper.adapters.base: semantic_scholar rate-limited (429); sleeping 5s
2026-06-17 10:15:30,668 WARNING  scripts.data.scraper.adapters.base: semantic_scholar rate-limited (429); sleeping 15s
2026-06-17 10:15:51,015 INFO     scripts.data.scraper.adapters.semantic_scholar: SemanticScholarAdapter: 4 records
2026-06-17 10:15:51,016 INFO     __main__: [semantic_scholar] 4 records in 130.9s
2026-06-17 10:15:51,016 INFO     __main__: [openalex] Starting adapter
2026-06-17 10:20:41,899 WARNING  scripts.data.scraper.adapters.base: openalex rate-limited (429); sleeping 5s
2026-06-17 10:20:46,943 WARNING  scripts.data.scraper.adapters.base: openalex rate-limited (429); sleeping 15s
2026-06-17 10:21:02,048 WARNING  scripts.data.scraper.adapters.base: openalex rate-limited (429); sleeping 30s
2026-06-17 10:21:32,120 WARNING  scripts.data.scraper.adapters.base: openalex https://api.openalex.org/works failed after retries: 429 Client Error: Too Many Requests for url: https://api.openalex.org/works?search=aptamer+selection+protein+target&per-page=100&cursor=IlsyLjk1MzM5NzMsIDE3NjYxMDI0MDAwMDAsICdodHRwczovL29wZW5hbGV4Lm9yZy9XNDQxNzUwNzUwMCddIg%3D%3D&select=id%2Cdoi%2Ctitle%2Cabstract_inverted_index%2Copen_access
2026-06-17 10:21:32,297 WARNING  scripts.data.scraper.adapters.base: openalex rate-limited (429); sleeping 5s
2026-06-17 10:21:37,338 WARNING  scripts.data.scraper.adapters.base: openalex rate-limited (429); sleeping 15s
2026-06-17 10:21:52,388 WARNING  scripts.data.scraper.adapters.base: openalex rate-limited (429); sleeping 30s
2026-06-17 10:22:22,477 WARNING  scripts.data.scraper.adapters.base: openalex https://api.openalex.org/works failed after retries: 429 Client Error: Too Many Requests for url: https://api.openalex.org/works?search=ssDNA+aptamer+SELEX+Kd&per-page=100&cursor=%2A&select=id%2Cdoi%2Ctitle%2Cabstract_inverted_index%2Copen_access
2026-06-17 10:22:22,640 WARNING  scripts.data.scraper.adapters.base: openalex rate-limited (429); sleeping 5s
2026-06-17 10:22:27,678 WARNING  scripts.data.scraper.adapters.base: openalex rate-limited (429); sleeping 15s
2026-06-17 10:22:42,737 WARNING  scripts.data.scraper.adapters.base: openalex rate-limited (429); sleeping 30s
2026-06-17 10:23:12,798 WARNING  scripts.data.scraper.adapters.base: openalex https://api.openalex.org/works failed after retries: 429 Client Error: Too Many Requests for url: https://api.openalex.org/works?search=RNA+aptamer+in+vitro+selection&per-page=100&cursor=%2A&select=id%2Cdoi%2Ctitle%2Cabstract_inverted_index%2Copen_access
2026-06-17 10:23:12,800 INFO     scripts.data.scraper.adapters.openalex: OpenAlexAdapter: 34 records
2026-06-17 10:23:12,804 INFO     __main__: [openalex] 34 records in 441.8s
2026-06-17 10:23:12,805 INFO     __main__: [biorxiv] Starting adapter
2026-06-17 10:25:49,718 WARNING  scripts.data.scraper.adapters.base: biorxiv https://api.biorxiv.org/details/biorxiv/2025-06-17/2026-06-17/2430 request error: HTTPSConnectionPool(host='api.biorxiv.org', port=443): Read timed out. (read timeout=30)
2026-06-17 10:25:49,723 INFO     scripts.data.scraper.adapters.biorxiv: BioRxivAdapter: 0 records
2026-06-17 10:25:49,724 INFO     __main__: [biorxiv] 0 records in 156.9s
2026-06-17 10:25:49,724 INFO     __main__: [patents_us] Starting adapter
2026-06-17 10:25:49,992 WARNING  scripts.data.scraper.adapters.patents_us: PatentsView: cannot resolve 'search.patentsview.org' — likely a DNS/network issue in this environment. Skipping PatentsView adapter. Works normally on open networks.
2026-06-17 10:25:49,992 INFO     __main__: [patents_us] 0 records in 0.3s
2026-06-17 10:25:49,993 INFO     __main__: [patents_epo] Starting adapter
2026-06-17 10:30:20,432 WARNING  scripts.data.scraper.adapters.base: patents_epo https://ops.epo.org/3.2/rest-services/published-data/search failed after retries: 403 Client Error: Forbidden for url: https://ops.epo.org/3.2/rest-services/published-data/search?q=txt%3D%22aptamer%22+AND+txt%3D%22Kd%22+AND+txt%3D%22nM%22&Range=751-775
2026-06-17 10:30:20,436 INFO     scripts.data.scraper.adapters.patents_epo: EPOAdapter: 0 records
2026-06-17 10:30:20,436 INFO     __main__: [patents_epo] 0 records in 270.4s
2026-06-17 10:30:20,436 INFO     __main__: [patents_wipo] Starting adapter
2026-06-17 10:30:32,402 WARNING  scripts.data.scraper.adapters.base: patents_wipo rate-limited (429); sleeping 5s
2026-06-17 10:30:38,669 WARNING  scripts.data.scraper.adapters.base: patents_wipo rate-limited (429); sleeping 5s
2026-06-17 10:30:44,743 WARNING  scripts.data.scraper.adapters.base: patents_wipo rate-limited (429); sleeping 5s
2026-06-17 10:30:50,861 WARNING  scripts.data.scraper.adapters.base: patents_wipo rate-limited (429); sleeping 5s
2026-06-17 10:30:57,091 WARNING  scripts.data.scraper.adapters.base: patents_wipo rate-limited (429); sleeping 5s
2026-06-17 10:31:05,195 WARNING  scripts.data.scraper.adapters.base: patents_wipo rate-limited (429); sleeping 5s
2026-06-17 10:31:11,879 WARNING  scripts.data.scraper.adapters.base: patents_wipo rate-limited (429); sleeping 5s
2026-06-17 10:31:18,845 WARNING  scripts.data.scraper.adapters.base: patents_wipo rate-limited (429); sleeping 5s
2026-06-17 10:31:26,338 INFO     scripts.data.scraper.adapters.patents_wipo: WIPOAdapter (via Lens PCT): 822 records
2026-06-17 10:31:26,340 INFO     __main__: [patents_wipo] 822 records in 65.9s
2026-06-17 10:31:26,340 INFO     __main__: [lens] Starting adapter
2026-06-17 10:31:51,735 INFO     scripts.data.scraper.adapters.lens: LensAdapter: 74 records
2026-06-17 10:31:51,736 INFO     __main__: [lens] 74 records in 25.4s
2026-06-17 10:31:51,736 INFO     __main__: [google_patents] Starting adapter
2026-06-17 10:33:08,888 WARNING  scripts.data.scraper.adapters.base: google_patents https://patents.google.com/patent/US9944933B2 failed after retries: 503 Server Error: Service Unavailable for url: https://patents.google.com/patent/US9944933B2
2026-06-17 10:33:14,064 WARNING  scripts.data.scraper.adapters.base: google_patents https://patents.google.com/xhr/query?url=q%3Daptamer%2520selection%2520oligonucleotide%2520binding%2520affinity%26num%3D10%26start%3D10&exp= failed after retries: 503 Server Error: Service Unavailable for url: https://patents.google.com/xhr/query?url=q%3Daptamer%2520selection%2520oligonucleotide%2520binding%2520affinity%26num%3D10%26start%3D10&exp=
2026-06-17 10:33:19,078 WARNING  scripts.data.scraper.adapters.base: google_patents https://patents.google.com/xhr/query?url=q%3Din%2520vitro%2520SELEX%2520DNA%2520binding%2520target%2520protein%26num%3D10%26start%3D0&exp= failed after retries: 503 Server Error: Service Unavailable for url: https://patents.google.com/xhr/query?url=q%3Din%2520vitro%2520SELEX%2520DNA%2520binding%2520target%2520protein%26num%3D10%26start%3D0&exp=
2026-06-17 10:33:19,079 INFO     scripts.data.scraper.adapters.google_patents: GooglePatentsAdapter: 121 records
2026-06-17 10:33:19,079 INFO     __main__: [google_patents] 121 records in 87.3s
2026-06-17 10:33:19,079 INFO     __main__: All adapters done in 1242.2s — 1105 records collected from 10 sources
2026-06-17 10:33:19,082 INFO     scripts.data.scraper.merge: Merge: 1105 incoming → 1105 valid, 0 invalid
2026-06-17 10:33:19,303 INFO     scripts.data.scraper.utils.deduplication: Deduplicator loaded 3841 existing (sequence, target) pairs from /Users/shivanshbansal/GitHub/continuitybioML/data/processed/master_dataset.csv
2026-06-17 10:33:19,303 INFO     scripts.data.scraper.merge: Deduplicator loaded 3841 pairs from master
2026-06-17 10:33:19,309 INFO     scripts.data.scraper.utils.deduplication: Deduplicator loaded 194 existing (sequence, target) pairs from /Users/shivanshbansal/GitHub/continuitybioML/data/raw/scraped_dataset.csv
2026-06-17 10:33:19,340 INFO     scripts.data.scraper.merge: Merge: 819 unique new rows, 286 duplicates (combined master + intra-batch)
2026-06-17 10:33:19,349 INFO     scripts.data.scraper.merge: Wrote 819 rows to /Users/shivanshbansal/GitHub/continuitybioML/data/raw/scraped_dataset.csv
2026-06-17 10:33:19,350 INFO     scripts.data.scraper.merge: Coverage report written to /Users/shivanshbansal/GitHub/continuitybioML/data/raw/scraper_coverage_report.txt
2026-06-17 10:33:19,350 INFO     __main__: Pipeline complete — 819 new rows written to /Users/shivanshbansal/GitHub/continuitybioML/data/raw/scraped_dataset.csv
2026-06-17 11:07:55,253 INFO     __main__: Pipeline starting — sources: ['patents_epo'], max_per_source: 50, workers: 1, dry_run: False
2026-06-17 11:07:56,365 WARNING  scripts.data.scraper.adapters.patents_epo: EPO_CLIENT_KEY / EPO_CLIENT_SECRET not set; skipping EPO adapter
2026-06-17 11:07:56,365 INFO     __main__: [patents_epo] 0 records in 1.1s
2026-06-17 11:07:56,365 INFO     __main__: All adapters done in 1.1s — 0 records collected from 1 sources
2026-06-17 11:07:56,365 INFO     scripts.data.scraper.merge: Merge: 0 incoming → 0 valid, 0 invalid
2026-06-17 11:07:56,365 WARNING  scripts.data.scraper.merge: No valid records to merge.
2026-06-17 11:07:56,367 INFO     scripts.data.scraper.merge: Coverage report written to /Users/shivanshbansal/GitHub/continuitybioML/data/raw/scraper_coverage_report.txt
2026-06-17 11:07:56,367 INFO     __main__: Pipeline complete — 0 new rows written to /Users/shivanshbansal/GitHub/continuitybioML/data/raw/scraped_dataset.csv
2026-06-17 11:08:02,872 INFO     __main__: Pipeline starting — sources: ['patents_epo'], max_per_source: 50, workers: 1, dry_run: False
2026-06-17 11:08:06,034 ERROR    __main__: [patents_epo] adapter failed: 'list' object has no attribute 'get'
2026-06-17 11:08:06,035 INFO     __main__: All adapters done in 3.2s — 0 records collected from 1 sources
2026-06-17 11:08:06,035 INFO     scripts.data.scraper.merge: Merge: 0 incoming → 0 valid, 0 invalid
2026-06-17 11:08:06,035 WARNING  scripts.data.scraper.merge: No valid records to merge.
2026-06-17 11:08:06,038 INFO     scripts.data.scraper.merge: Coverage report written to /Users/shivanshbansal/GitHub/continuitybioML/data/raw/scraper_coverage_report.txt
2026-06-17T18:08:06Z ERROR [patents_epo] adapter failed: 'list' object has no attribute 'get'
2026-06-17 11:08:06,038 INFO     __main__: Pipeline complete — 0 new rows written to /Users/shivanshbansal/GitHub/continuitybioML/data/raw/scraped_dataset.csv
2026-06-17 11:12:32,177 INFO     __main__: Pipeline starting — sources: ['databases', 'pubmed', 'semantic_scholar', 'openalex', 'biorxiv', 'patents_us', 'patents_epo', 'patents_wipo', 'lens', 'google_patents'], max_per_source: 1000, workers: 10, dry_run: False
2026-06-17 11:12:33,346 WARNING  scripts.data.scraper.adapters.databases: Failed to load UTexas CSV aptamer_database.csv: No columns to parse from file
2026-06-17 11:12:33,346 INFO     scripts.data.scraper.adapters.databases: UTexas DB: 0 curated records
2026-06-17 11:12:33,346 INFO     scripts.data.scraper.adapters.databases: DatabasesAdapter: 0 total records
2026-06-17 11:12:33,346 INFO     __main__: [databases] 0 records in 1.2s
2026-06-17 11:12:33,384 WARNING  scripts.data.scraper.adapters.patents_us: PatentsView: cannot resolve 'search.patentsview.org' — likely a DNS/network issue in this environment. Skipping PatentsView adapter. Works normally on open networks.
2026-06-17 11:12:33,391 INFO     __main__: [patents_us] 0 records in 1.2s
2026-06-17 11:12:33,955 INFO     scripts.data.scraper.adapters.pubmed_pmc: PubMed query '("DNA aptamer"[Title/Abstract] AND "SELEX"[Title/Abstract])' → 66 new PMIDs
2026-06-17 11:12:35,068 WARNING  scripts.data.scraper.adapters.base: google_patents https://patents.google.com/xhr/query?url=q%3DDNA%2520aptamer%2520SELEX%2520binding%2520protein%26num%3D10%26start%3D0&exp= failed after retries: 503 Server Error: Service Unavailable for url: https://patents.google.com/xhr/query?url=q%3DDNA%2520aptamer%2520SELEX%2520binding%2520protein%26num%3D10%26start%3D0&exp=
2026-06-17 11:12:39,331 INFO     scripts.data.scraper.adapters.pubmed_pmc: PubMed query '("aptamer"[Title/Abstract] AND "dissociation constant"[Title' → 51 new PMIDs
2026-06-17 11:12:39,892 WARNING  scripts.data.scraper.adapters.base: google_patents https://patents.google.com/xhr/query?url=q%3DssDNA%2520aptamer%2520dissociation%2520constant%2520Kd%2520nM%26num%3D10%26start%3D0&exp= failed after retries: 503 Server Error: Service Unavailable for url: https://patents.google.com/xhr/query?url=q%3DssDNA%2520aptamer%2520dissociation%2520constant%2520Kd%2520nM%26num%3D10%26start%3D0&exp=
2026-06-17 11:12:44,781 WARNING  scripts.data.scraper.adapters.base: semantic_scholar rate-limited (429); sleeping 5s
2026-06-17 11:12:45,226 WARNING  scripts.data.scraper.adapters.base: google_patents https://patents.google.com/xhr/query?url=q%3Daptamer%2520selection%2520oligonucleotide%2520binding%2520affinity%26num%3D10%26start%3D0&exp= failed after retries: 503 Server Error: Service Unavailable for url: https://patents.google.com/xhr/query?url=q%3Daptamer%2520selection%2520oligonucleotide%2520binding%2520affinity%26num%3D10%26start%3D0&exp=
2026-06-17 11:12:46,002 INFO     scripts.data.scraper.adapters.pubmed_pmc: PubMed query '("aptamer"[Title/Abstract] AND "Kd"[Title/Abstract])' → 44 new PMIDs
2026-06-17 11:12:48,589 WARNING  scripts.data.scraper.adapters.base: patents_wipo rate-limited (429); sleeping 5s
2026-06-17 11:12:49,817 WARNING  scripts.data.scraper.adapters.base: google_patents https://patents.google.com/xhr/query?url=q%3Din%2520vitro%2520SELEX%2520DNA%2520binding%2520target%2520protein%26num%3D10%26start%3D0&exp= failed after retries: 503 Server Error: Service Unavailable for url: https://patents.google.com/xhr/query?url=q%3Din%2520vitro%2520SELEX%2520DNA%2520binding%2520target%2520protein%26num%3D10%26start%3D0&exp=
2026-06-17 11:12:49,817 INFO     scripts.data.scraper.adapters.google_patents: GooglePatentsAdapter: 0 records
2026-06-17 11:12:49,819 INFO     __main__: [google_patents] 0 records in 17.6s
2026-06-17 11:12:49,861 WARNING  scripts.data.scraper.adapters.base: semantic_scholar rate-limited (429); sleeping 15s
2026-06-17 11:12:50,079 INFO     scripts.data.scraper.adapters.pubmed_pmc: PubMed query '("aptamer selection"[Title/Abstract] AND "binding affinity"[' → 54 new PMIDs
2026-06-17 11:12:51,489 WARNING  scripts.data.scraper.adapters.base: lens rate-limited (429); sleeping 5s
2026-06-17 11:12:54,683 WARNING  scripts.data.scraper.adapters.base: patents_wipo rate-limited (429); sleeping 5s
2026-06-17 11:12:55,305 INFO     scripts.data.scraper.adapters.pubmed_pmc: PubMed query '("ssDNA aptamer"[Title/Abstract])' → 60 new PMIDs
2026-06-17 11:12:57,531 WARNING  scripts.data.scraper.adapters.base: lens rate-limited (429); sleeping 15s
2026-06-17 11:12:59,642 INFO     scripts.data.scraper.adapters.pubmed_pmc: PubMed query '("RNA aptamer"[Title/Abstract] AND "SELEX"[Title/Abstract])' → 61 new PMIDs
2026-06-17 11:13:01,619 WARNING  scripts.data.scraper.adapters.base: patents_wipo rate-limited (429); sleeping 5s
2026-06-17 11:13:04,973 WARNING  scripts.data.scraper.adapters.base: semantic_scholar rate-limited (429); sleeping 30s
2026-06-17 11:13:05,526 INFO     scripts.data.scraper.adapters.pubmed_pmc: PubMed query '("CE-SELEX"[Title/Abstract] AND "aptamer"[Title/Abstract])' → 37 new PMIDs
2026-06-17 11:13:07,880 WARNING  scripts.data.scraper.adapters.base: patents_wipo rate-limited (429); sleeping 5s
2026-06-17 11:13:08,274 INFO     scripts.data.scraper.adapters.pubmed_pmc: PubMed query '("Capture-SELEX"[Title/Abstract])' → 41 new PMIDs
2026-06-17 11:13:11,607 INFO     scripts.data.scraper.adapters.pubmed_pmc: PubMed query '("Cell-SELEX"[Title/Abstract] AND "aptamer"[Title/Abstract])' → 39 new PMIDs
2026-06-17 11:13:14,720 WARNING  scripts.data.scraper.adapters.base: patents_wipo rate-limited (429); sleeping 5s
2026-06-17 11:13:15,417 INFO     scripts.data.scraper.adapters.pubmed_pmc: PubMed query '("Microfluidic SELEX"[Title/Abstract])' → 18 new PMIDs
2026-06-17 11:13:17,450 INFO     scripts.data.scraper.adapters.pubmed_pmc: PubMed query '("aptamer"[Title/Abstract] AND "SPR"[Title/Abstract] AND "bi' → 56 new PMIDs
2026-06-17 11:13:18,220 INFO     scripts.data.scraper.adapters.patents_epo: EPOAdapter: 26 records
2026-06-17 11:13:18,222 INFO     __main__: [patents_epo] 26 records in 46.0s
2026-06-17 11:13:19,941 WARNING  scripts.data.scraper.adapters.base: patents_wipo rate-limited (429); sleeping 15s
2026-06-17 11:13:20,009 INFO     scripts.data.scraper.adapters.lens: LensAdapter: 74 records
2026-06-17 11:13:20,010 INFO     __main__: [lens] 74 records in 47.8s
2026-06-17 11:13:21,822 INFO     scripts.data.scraper.adapters.pubmed_pmc: PubMed query '("aptamer"[Title/Abstract] AND "ITC"[Title/Abstract])' → 45 new PMIDs
2026-06-17 11:13:26,576 INFO     scripts.data.scraper.adapters.pubmed_pmc: PubMed query '("aptamer"[Title/Abstract] AND "EMSA"[Title/Abstract])' → 24 new PMIDs
2026-06-17 11:13:29,373 INFO     scripts.data.scraper.adapters.pubmed_pmc: PubMed query '("systematic evolution of ligands"[Title/Abstract])' → 40 new PMIDs
2026-06-17 11:13:33,660 INFO     scripts.data.scraper.adapters.pubmed_pmc: PubMed query '("in vitro selection"[Title/Abstract] AND "oligonucleotide"[' → 62 new PMIDs
2026-06-17 11:13:45,854 INFO     scripts.data.scraper.adapters.pubmed_pmc: PubMedPMCAdapter: extracted 50 records
2026-06-17 11:13:45,855 INFO     __main__: [pubmed] 50 records in 73.7s
2026-06-17 11:13:50,906 WARNING  scripts.data.scraper.adapters.base: semantic_scholar rate-limited (429); sleeping 5s
2026-06-17 11:13:56,020 WARNING  scripts.data.scraper.adapters.base: semantic_scholar rate-limited (429); sleeping 15s
2026-06-17 11:14:01,134 INFO     scripts.data.scraper.adapters.patents_wipo: WIPOAdapter (via Lens PCT): 822 records
2026-06-17 11:14:01,138 INFO     __main__: [patents_wipo] 822 records in 89.0s
2026-06-17 11:14:14,135 WARNING  scripts.data.scraper.adapters.base: semantic_scholar rate-limited (429); sleeping 5s
2026-06-17 11:14:19,243 WARNING  scripts.data.scraper.adapters.base: semantic_scholar rate-limited (429); sleeping 15s
2026-06-17 11:14:36,720 WARNING  scripts.data.scraper.adapters.base: semantic_scholar rate-limited (429); sleeping 30s
2026-06-17 11:15:06,929 WARNING  scripts.data.scraper.adapters.base: semantic_scholar https://api.semanticscholar.org/graph/v1/paper/search failed after retries: 429 Client Error:  for url: https://api.semanticscholar.org/graph/v1/paper/search?query=aptamer+binding+affinity+nM+protein+target&fields=paperId%2Ctitle%2Cabstract%2Cyear%2CexternalIds%2CopenAccessPdf&offset=0&limit=100
2026-06-17 11:15:13,535 WARNING  scripts.data.scraper.adapters.base: semantic_scholar rate-limited (429); sleeping 5s
2026-06-17 11:15:18,738 WARNING  scripts.data.scraper.adapters.base: semantic_scholar rate-limited (429); sleeping 15s
2026-06-17 11:15:33,892 WARNING  scripts.data.scraper.adapters.base: semantic_scholar rate-limited (429); sleeping 30s
2026-06-17 11:16:04,006 WARNING  scripts.data.scraper.adapters.base: semantic_scholar https://api.semanticscholar.org/graph/v1/paper/search failed after retries: 429 Client Error:  for url: https://api.semanticscholar.org/graph/v1/paper/search?query=CE-SELEX+aptamer+selection+binding&fields=paperId%2Ctitle%2Cabstract%2Cyear%2CexternalIds%2CopenAccessPdf&offset=100&limit=100
2026-06-17 11:16:07,113 WARNING  scripts.data.scraper.adapters.base: semantic_scholar rate-limited (429); sleeping 5s
2026-06-17 11:16:12,264 WARNING  scripts.data.scraper.adapters.base: semantic_scholar rate-limited (429); sleeping 15s
2026-06-17 11:16:30,431 WARNING  scripts.data.scraper.adapters.base: semantic_scholar rate-limited (429); sleeping 5s
2026-06-17 11:16:35,589 WARNING  scripts.data.scraper.adapters.base: semantic_scholar rate-limited (429); sleeping 15s
2026-06-17 11:16:56,847 WARNING  scripts.data.scraper.adapters.base: semantic_scholar rate-limited (429); sleeping 5s
2026-06-17 11:17:02,064 WARNING  scripts.data.scraper.adapters.base: semantic_scholar rate-limited (429); sleeping 15s
2026-06-17 11:17:25,522 WARNING  scripts.data.scraper.adapters.base: semantic_scholar rate-limited (429); sleeping 5s
2026-06-17 11:17:28,309 INFO     scripts.data.scraper.adapters.biorxiv: BioRxivAdapter: 0 records
2026-06-17 11:17:28,315 INFO     __main__: [biorxiv] 0 records in 296.1s
2026-06-17 11:17:30,670 WARNING  scripts.data.scraper.adapters.base: semantic_scholar rate-limited (429); sleeping 15s
2026-06-17 11:17:46,986 INFO     scripts.data.scraper.adapters.semantic_scholar: SemanticScholarAdapter: 4 records
2026-06-17 11:17:46,987 INFO     __main__: [semantic_scholar] 4 records in 314.8s
2026-06-17 11:20:43,444 INFO     scripts.data.scraper.adapters.openalex: OpenAlexAdapter: 34 records
2026-06-17 11:20:43,448 INFO     __main__: [openalex] 34 records in 491.3s
2026-06-17 11:20:43,449 INFO     __main__: All adapters done in 491.3s — 1010 records collected from 10 sources
2026-06-17 11:20:43,452 INFO     scripts.data.scraper.merge: Merge: 1010 incoming → 1010 valid, 0 invalid
2026-06-17 11:20:43,577 INFO     scripts.data.scraper.utils.deduplication: Deduplicator loaded 4284 existing (sequence, target) pairs from /Users/shivanshbansal/GitHub/continuitybioML/data/processed/master_dataset.csv
2026-06-17 11:20:43,577 INFO     scripts.data.scraper.merge: Deduplicator loaded 4284 pairs from master
2026-06-17 11:20:43,598 INFO     scripts.data.scraper.utils.deduplication: Deduplicator loaded 1013 existing (sequence, target) pairs from /Users/shivanshbansal/GitHub/continuitybioML/data/raw/scraped_dataset.csv
2026-06-17 11:20:43,619 INFO     scripts.data.scraper.merge: Merge: 16 unique new rows, 994 duplicates (combined master + intra-batch)
2026-06-17 11:20:43,624 INFO     scripts.data.scraper.merge: Wrote 16 rows to /Users/shivanshbansal/GitHub/continuitybioML/data/raw/scraped_dataset.csv
2026-06-17 11:20:43,625 INFO     scripts.data.scraper.merge: Coverage report written to /Users/shivanshbansal/GitHub/continuitybioML/data/raw/scraper_coverage_report.txt
2026-06-17 11:20:43,625 INFO     __main__: Pipeline complete — 16 new rows written to /Users/shivanshbansal/GitHub/continuitybioML/data/raw/scraped_dataset.csv
2026-06-17T20:44:11Z ERROR [databases] adapter failed: network down
2026-06-17 13:44:11,486 ERROR    scripts.data.scraper.main: Unknown source(s): ['nonexistent_source']. Available: ['databases', 'pubmed', 'semantic_scholar', 'openalex', 'biorxiv', 'patents_us', 'patents_epo', 'patents_wipo', 'lens', 'google_patents']
2026-06-17 13:44:11,487 INFO     scripts.data.scraper.main: Pipeline starting — sources: ['databases'], max_per_source: 500, workers: 1, dry_run: True
2026-06-17 13:44:11,487 INFO     scripts.data.scraper.main: [databases] 0 records in 0.0s
2026-06-17 13:44:11,487 INFO     scripts.data.scraper.main: All adapters done in 0.0s — 0 records collected from 1 sources
2026-06-17 13:44:11,488 INFO     scripts.data.scraper.main: Dry run — skipping write to disk.
2026-06-17 13:44:11,489 INFO     scripts.data.scraper.main: Pipeline starting — sources: ['databases'], max_per_source: 500, workers: 1, dry_run: False
2026-06-17 13:44:11,490 INFO     scripts.data.scraper.main: [databases] 0 records in 0.0s
2026-06-17 13:44:11,490 INFO     scripts.data.scraper.main: All adapters done in 0.0s — 0 records collected from 1 sources
2026-06-17 13:44:11,490 ERROR    scripts.data.scraper.main: Pipeline error: output_path (/private/var/folders/nq/qxs1sy3s0v11yyz6hx_sx3480000gn/T/pytest-of-shivanshbansal/pytest-25/test_main_safety_guard_exits_10/same.csv) must not be the same as master_path (/private/var/folders/nq/qxs1sy3s0v11yyz6hx_sx3480000gn/T/pytest-of-shivanshbansal/pytest-25/test_main_safety_guard_exits_10/same.csv). The master dataset must never be overwritten.
2026-06-17T20:44:24Z ERROR [databases] adapter failed: network down
2026-06-17 13:44:24,670 ERROR    scripts.data.scraper.main: Unknown source(s): ['nonexistent_source']. Available: ['databases', 'pubmed', 'semantic_scholar', 'openalex', 'biorxiv', 'patents_us', 'patents_epo', 'patents_wipo', 'lens', 'google_patents']
2026-06-17 13:44:24,672 INFO     scripts.data.scraper.main: Pipeline starting — sources: ['databases'], max_per_source: 500, workers: 1, dry_run: True
2026-06-17 13:44:24,673 INFO     scripts.data.scraper.main: [databases] 0 records in 0.0s
2026-06-17 13:44:24,673 INFO     scripts.data.scraper.main: All adapters done in 0.0s — 0 records collected from 1 sources
2026-06-17 13:44:24,673 INFO     scripts.data.scraper.main: Dry run — skipping write to disk.
2026-06-17 13:44:24,675 INFO     scripts.data.scraper.main: Pipeline starting — sources: ['databases'], max_per_source: 500, workers: 1, dry_run: False
2026-06-17 13:44:24,675 INFO     scripts.data.scraper.main: [databases] 0 records in 0.0s
2026-06-17 13:44:24,676 INFO     scripts.data.scraper.main: All adapters done in 0.0s — 0 records collected from 1 sources
2026-06-17 13:44:24,676 ERROR    scripts.data.scraper.main: Pipeline error: output_path (/private/var/folders/nq/qxs1sy3s0v11yyz6hx_sx3480000gn/T/pytest-of-shivanshbansal/pytest-26/test_main_safety_guard_exits_10/same.csv) must not be the same as master_path (/private/var/folders/nq/qxs1sy3s0v11yyz6hx_sx3480000gn/T/pytest-of-shivanshbansal/pytest-26/test_main_safety_guard_exits_10/same.csv). The master dataset must never be overwritten.
2026-06-17 13:44:24,688 INFO     scripts.data.scraper.adapters.supp_fetcher: Supplementary file parsed: https://example.com/data.csv (67 chars)
2026-06-17 13:44:24,697 INFO     scripts.data.scraper.adapters.supp_fetcher: Supplementary file parsed: https://example.com/supp.xlsx (66 chars)
2026-06-17 13:44:24,712 INFO     scripts.data.scraper.adapters.supp_fetcher: Supplementary file parsed: https://example.com/supp0.xlsx (66 chars)
2026-06-17 13:44:24,712 WARNING  scripts.data.scraper.parsers.excel_parser: Excel open failed (<bytes>): Excel file format cannot be determined, you must specify an engine manually.
2026-06-17 13:44:24,712 WARNING  scripts.data.scraper.parsers.excel_parser: Excel open failed (<bytes>): Excel file format cannot be determined, you must specify an engine manually.
2026-06-17 13:44:24,712 WARNING  scripts.data.scraper.parsers.excel_parser: Excel open failed (<bytes>): Excel file format cannot be determined, you must specify an engine manually.
2026-06-17 13:44:24,712 WARNING  scripts.data.scraper.parsers.excel_parser: Excel open failed (<bytes>): Excel file format cannot be determined, you must specify an engine manually.
2026-06-17 13:44:24,712 WARNING  scripts.data.scraper.parsers.excel_parser: Excel open failed (<bytes>): Excel file format cannot be determined, you must specify an engine manually.
2026-06-17 13:44:24,713 WARNING  scripts.data.scraper.parsers.excel_parser: Excel open failed (<bytes>): Excel file format cannot be determined, you must specify an engine manually.
2026-06-17 13:44:24,713 WARNING  scripts.data.scraper.parsers.excel_parser: Excel open failed (<bytes>): Excel file format cannot be determined, you must specify an engine manually.
2026-06-17 13:44:24,713 WARNING  scripts.data.scraper.parsers.excel_parser: Excel open failed (<bytes>): Excel file format cannot be determined, you must specify an engine manually.
2026-06-17 13:44:24,713 WARNING  scripts.data.scraper.parsers.excel_parser: Excel open failed (<bytes>): Excel file format cannot be determined, you must specify an engine manually.
2026-06-17 13:44:24,720 INFO     scripts.data.scraper.adapters.supp_fetcher: Supplementary file parsed: https://example.com/a.csv (4 chars)
2026-06-17 13:44:24,721 INFO     scripts.data.scraper.adapters.supp_fetcher: Supplementary file parsed: https://example.com/b.csv (4 chars)
2026-06-17 13:44:24,723 INFO     scripts.data.scraper.adapters.supp_fetcher: Supplementary file parsed: https://ncbi.nlm.nih.gov/pmc/articles/PMC999/bin/table1.csv (20 chars)
2026-06-17 13:44:24,729 INFO     scripts.data.scraper.adapters.pubmed_pmc: PubMed query '("DNA aptamer"[Title/Abstract] AND "SELEX"[Title/Abstract])' → 1 new PMIDs
2026-06-17 13:44:24,730 INFO     scripts.data.scraper.adapters.pubmed_pmc: PubMedPMCAdapter: extracted 0 records
2026-06-17 13:44:24,731 INFO     scripts.data.scraper.adapters.pubmed_pmc: PubMed query '("DNA aptamer"[Title/Abstract] AND "SELEX"[Title/Abstract])' → 1 new PMIDs
2026-06-17 13:44:24,732 INFO     scripts.data.scraper.adapters.pubmed_pmc: PubMedPMCAdapter: extracted 0 records
2026-06-17T20:47:34Z ERROR [databases] adapter failed: network down
2026-06-17 13:47:34,234 ERROR    scripts.data.scraper.main: Unknown source(s): ['nonexistent_source']. Available: ['databases', 'pubmed', 'semantic_scholar', 'openalex', 'biorxiv', 'patents_us', 'patents_epo', 'patents_wipo', 'lens', 'google_patents']
2026-06-17 13:47:34,235 INFO     scripts.data.scraper.main: Pipeline starting — sources: ['databases'], max_per_source: 500, workers: 1, dry_run: True
2026-06-17 13:47:34,235 INFO     scripts.data.scraper.main: [databases] 0 records in 0.0s
2026-06-17 13:47:34,235 INFO     scripts.data.scraper.main: All adapters done in 0.0s — 0 records collected from 1 sources
2026-06-17 13:47:34,235 INFO     scripts.data.scraper.main: Dry run — skipping write to disk.
2026-06-17 13:47:34,237 INFO     scripts.data.scraper.main: Pipeline starting — sources: ['databases'], max_per_source: 500, workers: 1, dry_run: False
2026-06-17 13:47:34,237 INFO     scripts.data.scraper.main: [databases] 0 records in 0.0s
2026-06-17 13:47:34,237 INFO     scripts.data.scraper.main: All adapters done in 0.0s — 0 records collected from 1 sources
2026-06-17 13:47:34,237 ERROR    scripts.data.scraper.main: Pipeline error: output_path (/private/var/folders/nq/qxs1sy3s0v11yyz6hx_sx3480000gn/T/pytest-of-shivanshbansal/pytest-27/test_main_safety_guard_exits_10/same.csv) must not be the same as master_path (/private/var/folders/nq/qxs1sy3s0v11yyz6hx_sx3480000gn/T/pytest-of-shivanshbansal/pytest-27/test_main_safety_guard_exits_10/same.csv). The master dataset must never be overwritten.
2026-06-17 13:47:34,246 INFO     scripts.data.scraper.adapters.supp_fetcher: Supplementary file parsed: https://example.com/data.csv (67 chars)
2026-06-17 13:47:34,255 INFO     scripts.data.scraper.adapters.supp_fetcher: Supplementary file parsed: https://example.com/supp.xlsx (66 chars)
2026-06-17 13:47:34,264 INFO     scripts.data.scraper.adapters.supp_fetcher: Supplementary file parsed: https://example.com/supp0.xlsx (66 chars)
2026-06-17 13:47:34,264 WARNING  scripts.data.scraper.parsers.excel_parser: Excel open failed (<bytes>): Excel file format cannot be determined, you must specify an engine manually.
2026-06-17 13:47:34,264 WARNING  scripts.data.scraper.parsers.excel_parser: Excel open failed (<bytes>): Excel file format cannot be determined, you must specify an engine manually.
2026-06-17 13:47:34,264 WARNING  scripts.data.scraper.parsers.excel_parser: Excel open failed (<bytes>): Excel file format cannot be determined, you must specify an engine manually.
2026-06-17 13:47:34,264 WARNING  scripts.data.scraper.parsers.excel_parser: Excel open failed (<bytes>): Excel file format cannot be determined, you must specify an engine manually.
2026-06-17 13:47:34,264 WARNING  scripts.data.scraper.parsers.excel_parser: Excel open failed (<bytes>): Excel file format cannot be determined, you must specify an engine manually.
2026-06-17 13:47:34,264 WARNING  scripts.data.scraper.parsers.excel_parser: Excel open failed (<bytes>): Excel file format cannot be determined, you must specify an engine manually.
2026-06-17 13:47:34,264 WARNING  scripts.data.scraper.parsers.excel_parser: Excel open failed (<bytes>): Excel file format cannot be determined, you must specify an engine manually.
2026-06-17 13:47:34,265 WARNING  scripts.data.scraper.parsers.excel_parser: Excel open failed (<bytes>): Excel file format cannot be determined, you must specify an engine manually.
2026-06-17 13:47:34,265 WARNING  scripts.data.scraper.parsers.excel_parser: Excel open failed (<bytes>): Excel file format cannot be determined, you must specify an engine manually.
2026-06-17 13:47:34,270 INFO     scripts.data.scraper.adapters.supp_fetcher: Supplementary file parsed: https://example.com/a.csv (4 chars)
2026-06-17 13:47:34,270 INFO     scripts.data.scraper.adapters.supp_fetcher: Supplementary file parsed: https://example.com/b.csv (4 chars)
2026-06-17 13:47:34,272 INFO     scripts.data.scraper.adapters.supp_fetcher: Supplementary file parsed: https://ncbi.nlm.nih.gov/pmc/articles/PMC999/bin/table1.csv (20 chars)
2026-06-17 13:47:34,275 INFO     scripts.data.scraper.adapters.pubmed_pmc: PubMed query '("DNA aptamer"[Title/Abstract] AND "SELEX"[Title/Abstract])' → 1 new PMIDs
2026-06-17 13:47:34,275 INFO     scripts.data.scraper.adapters.pubmed_pmc: PubMedPMCAdapter: extracted 0 records
2026-06-17 13:47:34,276 INFO     scripts.data.scraper.adapters.pubmed_pmc: PubMed query '("DNA aptamer"[Title/Abstract] AND "SELEX"[Title/Abstract])' → 1 new PMIDs
2026-06-17 13:47:34,277 INFO     scripts.data.scraper.adapters.pubmed_pmc: PubMedPMCAdapter: extracted 0 records
2026-06-17 13:55:41,334 INFO     __main__: Pipeline starting — sources: ['databases', 'pubmed', 'semantic_scholar', 'openalex', 'biorxiv', 'patents_us', 'patents_epo', 'patents_wipo', 'lens', 'google_patents'], max_per_source: 2000, workers: 6, dry_run: False
2026-06-17 13:55:42,834 WARNING  scripts.data.scraper.adapters.patents_us: PatentsView: cannot resolve 'search.patentsview.org' — likely a DNS/network issue in this environment. Skipping PatentsView adapter. Works normally on open networks.
2026-06-17 13:55:42,834 WARNING  scripts.data.scraper.adapters.databases: Failed to load UTexas CSV aptamer_database.csv: No columns to parse from file
2026-06-17 13:55:42,834 INFO     __main__: [patents_us] 0 records in 1.5s
2026-06-17 13:55:42,835 INFO     scripts.data.scraper.adapters.databases: UTexas DB: 0 curated records
2026-06-17 13:55:42,835 DEBUG    scripts.data.scraper.adapters.databases: AptamerBase dump not found at /Users/shivanshbansal/GitHub/continuitybioML/data/raw/aptamerbase
2026-06-17 13:55:42,835 INFO     scripts.data.scraper.adapters.databases: DatabasesAdapter: 0 total records
2026-06-17 13:55:42,835 INFO     __main__: [databases] 0 records in 1.5s
2026-06-17 13:55:42,864 DEBUG    urllib3.connectionpool: Starting new HTTPS connection (1): api.biorxiv.org:443
2026-06-17 13:55:42,864 DEBUG    urllib3.connectionpool: Starting new HTTPS connection (1): api.semanticscholar.org:443
2026-06-17 13:55:42,864 DEBUG    urllib3.connectionpool: Starting new HTTPS connection (1): api.openalex.org:443
2026-06-17 13:55:42,905 DEBUG    urllib3.connectionpool: Starting new HTTPS connection (1): api.lens.org:443
2026-06-17 13:55:43,144 DEBUG    urllib3.connectionpool: Starting new HTTPS connection (1): ops.epo.org:443
2026-06-17 13:55:43,190 INFO     scripts.data.scraper.adapters.pubmed_pmc: PubMed query '("DNA aptamer"[Title/Abstract] AND "SELEX"[Title/Abstract])' → 133 new PMIDs
2026-06-17 13:55:43,665 DEBUG    urllib3.connectionpool: https://api.openalex.org:443 "GET /works?search=DNA+aptamer+SELEX&per-page=100&cursor=%2A&select=id%2Cdoi%2Ctitle%2Cabstract_inverted_index%2Copen_access HTTP/1.1" 200 None
2026-06-17 13:55:43,861 DEBUG    urllib3.connectionpool: https://ops.epo.org:443 "POST /3.2/auth/accesstoken HTTP/1.1" 200 542
2026-06-17 13:55:44,084 DEBUG    urllib3.connectionpool: https://api.lens.org:443 "POST /patent/search HTTP/1.1" 200 None
2026-06-17 13:55:44,322 DEBUG    urllib3.connectionpool: https://api.biorxiv.org:443 "GET /details/biorxiv/2025-06-17/2026-06-17/0 HTTP/1.1" 200 None
2026-06-17 13:55:44,367 DEBUG    urllib3.connectionpool: https://api.semanticscholar.org:443 "GET /graph/v1/paper/search?query=DNA+aptamer+SELEX+binding+protein&fields=paperId%2Ctitle%2Cabstract%2Cyear%2CexternalIds%2CopenAccessPdf&offset=0&limit=100 HTTP/1.1" 200 216126
2026-06-17 13:55:44,669 DEBUG    urllib3.connectionpool: https://api.openalex.org:443 "GET /works?search=DNA+aptamer+SELEX&per-page=100&cursor=Ils0NzMuNTA1MTMsIDEzNTgyOTQ0MDAwMDAsICdodHRwczovL29wZW5hbGV4Lm9yZy9XMTk4Mzg1MzM4MSddIg%3D%3D&select=id%2Cdoi%2Ctitle%2Cabstract_inverted_index%2Copen_access HTTP/1.1" 200 None
2026-06-17 13:55:44,986 DEBUG    urllib3.connectionpool: https://ops.epo.org:443 "GET /3.2/rest-services/published-data/search/biblio?q=txt%3D%22aptamer%22+AND+txt%3D%22SELEX%22+AND+txt%3D%22binding%22&Range=1-25 HTTP/1.1" 200 120461
2026-06-17 13:55:45,633 DEBUG    urllib3.connectionpool: https://api.openalex.org:443 "GET /works?search=DNA+aptamer+SELEX&per-page=100&cursor=IlszNjAuMjc2MSwgMTQzNzk1NTIwMDAwMCwgJ2h0dHBzOi8vb3BlbmFsZXgub3JnL1cxOTAyOTY0Nzk4J10i&select=id%2Cdoi%2Ctitle%2Cabstract_inverted_index%2Copen_access HTTP/1.1" 200 None
2026-06-17 13:55:45,908 DEBUG    urllib3.connectionpool: https://api.biorxiv.org:443 "GET /details/biorxiv/2025-06-17/2026-06-17/30 HTTP/1.1" 200 None
2026-06-17 13:55:46,017 DEBUG    urllib3.connectionpool: https://api.semanticscholar.org:443 "GET /graph/v1/paper/search?query=DNA+aptamer+SELEX+binding+protein&fields=paperId%2Ctitle%2Cabstract%2Cyear%2CexternalIds%2CopenAccessPdf&offset=100&limit=100 HTTP/1.1" 429 174
2026-06-17 13:55:46,033 WARNING  scripts.data.scraper.adapters.base: semantic_scholar rate-limited (429); sleeping 5s
2026-06-17 13:55:46,523 DEBUG    urllib3.connectionpool: https://ops.epo.org:443 "GET /3.2/rest-services/published-data/search/biblio?q=txt%3D%22aptamer%22+AND+txt%3D%22SELEX%22+AND+txt%3D%22binding%22&Range=26-50 HTTP/1.1" 200 143791
2026-06-17 13:55:46,739 DEBUG    urllib3.connectionpool: https://api.lens.org:443 "POST /patent/search HTTP/1.1" 200 None
2026-06-17 13:55:46,792 DEBUG    urllib3.connectionpool: https://api.openalex.org:443 "GET /works?search=DNA+aptamer+SELEX&per-page=100&cursor=IlszMTAuNDc1OTgsIDE0NTA3NDI0MDAwMDAsICdodHRwczovL29wZW5hbGV4Lm9yZy9XMjMwMzc2Njk3MCddIg%3D%3D&select=id%2Cdoi%2Ctitle%2Cabstract_inverted_index%2Copen_access HTTP/1.1" 200 None
2026-06-17 13:55:47,412 DEBUG    urllib3.connectionpool: https://api.biorxiv.org:443 "GET /details/biorxiv/2025-06-17/2026-06-17/60 HTTP/1.1" 200 None
2026-06-17 13:55:47,544 DEBUG    urllib3.connectionpool: https://api.openalex.org:443 "GET /works?search=DNA+aptamer+SELEX&per-page=100&cursor=IlsyNjYuMzkwNDQsIDE0NjcwNzIwMDAwMDAsICdodHRwczovL29wZW5hbGV4Lm9yZy9XMjQ2MDc5MzQ5OSddIg%3D%3D&select=id%2Cdoi%2Ctitle%2Cabstract_inverted_index%2Copen_access HTTP/1.1" 200 None
2026-06-17 13:55:47,776 DEBUG    urllib3.connectionpool: https://ops.epo.org:443 "GET /3.2/rest-services/published-data/search/biblio?q=txt%3D%22aptamer%22+AND+txt%3D%22SELEX%22+AND+txt%3D%22binding%22&Range=51-75 HTTP/1.1" 200 147603
2026-06-17 13:55:48,313 DEBUG    urllib3.connectionpool: https://api.openalex.org:443 "GET /works?search=DNA+aptamer+SELEX&per-page=100&cursor=IlsyMzcuNDgyODYsIDE2MDQ5NjY0MDAwMDAsICdodHRwczovL29wZW5hbGV4Lm9yZy9XMzA5OTU2MDU0NyddIg%3D%3D&select=id%2Cdoi%2Ctitle%2Cabstract_inverted_index%2Copen_access HTTP/1.1" 200 None
2026-06-17 13:55:48,945 DEBUG    urllib3.connectionpool: https://api.biorxiv.org:443 "GET /details/biorxiv/2025-06-17/2026-06-17/90 HTTP/1.1" 200 None
2026-06-17 13:55:49,011 DEBUG    urllib3.connectionpool: https://api.lens.org:443 "POST /patent/search HTTP/1.1" 200 None
2026-06-17 13:55:49,135 DEBUG    urllib3.connectionpool: https://api.openalex.org:443 "GET /works?search=DNA+aptamer+SELEX&per-page=100&cursor=IlsyMTUuNjcxODYsIDE1NzcwNTkyMDAwMDAsICdodHRwczovL29wZW5hbGV4Lm9yZy9XMjk5NTAwMTkzOCddIg%3D%3D&select=id%2Cdoi%2Ctitle%2Cabstract_inverted_index%2Copen_access HTTP/1.1" 200 None
2026-06-17 13:55:49,815 DEBUG    urllib3.connectionpool: https://ops.epo.org:443 "GET /3.2/rest-services/published-data/search/biblio?q=txt%3D%22aptamer%22+AND+txt%3D%22SELEX%22+AND+txt%3D%22binding%22&Range=76-100 HTTP/1.1" 200 230485
2026-06-17 13:55:49,939 DEBUG    urllib3.connectionpool: https://api.openalex.org:443 "GET /works?search=DNA+aptamer+SELEX&per-page=100&cursor=IlsxOTguMTY1NCwgMTQ5NDk3OTIwMDAwMCwgJ2h0dHBzOi8vb3BlbmFsZXgub3JnL1cyNjE0MjIwODYwJ10i&select=id%2Cdoi%2Ctitle%2Cabstract_inverted_index%2Copen_access HTTP/1.1" 200 None
2026-06-17 13:55:50,383 DEBUG    urllib3.connectionpool: https://api.biorxiv.org:443 "GET /details/biorxiv/2025-06-17/2026-06-17/120 HTTP/1.1" 200 None
2026-06-17 13:55:50,670 DEBUG    urllib3.connectionpool: https://api.openalex.org:443 "GET /works?search=DNA+aptamer+SELEX&per-page=100&cursor=IlsxODAuNTAzNywgMTM5MTk5MDQwMDAwMCwgJ2h0dHBzOi8vb3BlbmFsZXgub3JnL1cyMDM0NTI2MDExJ10i&select=id%2Cdoi%2Ctitle%2Cabstract_inverted_index%2Copen_access HTTP/1.1" 200 None
2026-06-17 13:55:50,886 DEBUG    urllib3.connectionpool: https://api.lens.org:443 "POST /patent/search HTTP/1.1" 200 None
2026-06-17 13:55:51,204 DEBUG    urllib3.connectionpool: https://api.semanticscholar.org:443 "GET /graph/v1/paper/search?query=DNA+aptamer+SELEX+binding+protein&fields=paperId%2Ctitle%2Cabstract%2Cyear%2CexternalIds%2CopenAccessPdf&offset=100&limit=100 HTTP/1.1" 429 174
2026-06-17 13:55:51,204 WARNING  scripts.data.scraper.adapters.base: semantic_scholar rate-limited (429); sleeping 15s
2026-06-17 13:55:51,393 DEBUG    urllib3.connectionpool: https://ops.epo.org:443 "GET /3.2/rest-services/published-data/search/biblio?q=txt%3D%22aptamer%22+AND+txt%3D%22SELEX%22+AND+txt%3D%22binding%22&Range=101-125 HTTP/1.1" 200 226774
2026-06-17 13:55:51,401 DEBUG    urllib3.connectionpool: https://api.openalex.org:443 "GET /works?search=DNA+aptamer+SELEX&per-page=100&cursor=IlsxNjYuOTA1NTgsIDE1MzY3OTY4MDAwMDAsICdodHRwczovL29wZW5hbGV4Lm9yZy9XMjg5MTU2ODQ5MCddIg%3D%3D&select=id%2Cdoi%2Ctitle%2Cabstract_inverted_index%2Copen_access HTTP/1.1" 200 None
2026-06-17 13:55:52,032 DEBUG    urllib3.connectionpool: https://api.openalex.org:443 "GET /works?search=DNA+aptamer+SELEX&per-page=100&cursor=IlsxNTQuNjU2MTYsIDE0MzAzNTIwMDAwMDAsICdodHRwczovL29wZW5hbGV4Lm9yZy9XMTAwNzQ5MDE1MCddIg%3D%3D&select=id%2Cdoi%2Ctitle%2Cabstract_inverted_index%2Copen_access HTTP/1.1" 200 None
2026-06-17 13:55:52,068 DEBUG    urllib3.connectionpool: https://api.biorxiv.org:443 "GET /details/biorxiv/2025-06-17/2026-06-17/150 HTTP/1.1" 200 None
2026-06-17 13:55:52,301 INFO     scripts.data.scraper.adapters.pubmed_pmc: PubMed query '("aptamer"[Title/Abstract] AND "dissociation constant"[Title' → 104 new PMIDs
2026-06-17 13:55:52,434 DEBUG    urllib3.connectionpool: https://ops.epo.org:443 "GET /3.2/rest-services/published-data/search/biblio?q=txt%3D%22aptamer%22+AND+txt%3D%22SELEX%22+AND+txt%3D%22binding%22&Range=126-150 HTTP/1.1" 200 239156
2026-06-17 13:55:52,716 DEBUG    urllib3.connectionpool: https://api.openalex.org:443 "GET /works?search=DNA+aptamer+SELEX&per-page=100&cursor=IlsxNDYuMjgzODYsIDE0NDk3OTIwMDAwMDAsICdodHRwczovL29wZW5hbGV4Lm9yZy9XMjE5MzgzMDI5MiddIg%3D%3D&select=id%2Cdoi%2Ctitle%2Cabstract_inverted_index%2Copen_access HTTP/1.1" 200 None
2026-06-17 13:55:52,746 DEBUG    urllib3.connectionpool: https://api.lens.org:443 "POST /patent/search HTTP/1.1" 200 None
2026-06-17 13:55:53,495 DEBUG    urllib3.connectionpool: https://api.openalex.org:443 "GET /works?search=DNA+aptamer+SELEX&per-page=100&cursor=IlsxMzguMjYzOSwgMTEyMDE3NjAwMDAwMCwgJ2h0dHBzOi8vb3BlbmFsZXgub3JnL1cyMDIzNDAyNTg2J10i&select=id%2Cdoi%2Ctitle%2Cabstract_inverted_index%2Copen_access HTTP/1.1" 200 None
2026-06-17 13:55:53,534 DEBUG    urllib3.connectionpool: https://api.biorxiv.org:443 "GET /details/biorxiv/2025-06-17/2026-06-17/180 HTTP/1.1" 200 None
2026-06-17 13:55:53,712 DEBUG    urllib3.connectionpool: https://ops.epo.org:443 "GET /3.2/rest-services/published-data/search/biblio?q=txt%3D%22aptamer%22+AND+txt%3D%22SELEX%22+AND+txt%3D%22binding%22&Range=151-175 HTTP/1.1" 200 290461
2026-06-17 13:55:54,584 DEBUG    urllib3.connectionpool: https://api.openalex.org:443 "GET /works?search=DNA+aptamer+SELEX&per-page=100&cursor=IlsxMzAuMjU1NDMsIDEzNDY5NzYwMDAwMDAsICdodHRwczovL29wZW5hbGV4Lm9yZy9XMjA2ODQ2ODM3MiddIg%3D%3D&select=id%2Cdoi%2Ctitle%2Cabstract_inverted_index%2Copen_access HTTP/1.1" 200 None
2026-06-17 13:55:55,094 DEBUG    urllib3.connectionpool: https://api.biorxiv.org:443 "GET /details/biorxiv/2025-06-17/2026-06-17/210 HTTP/1.1" 200 None
2026-06-17 13:55:55,689 DEBUG    urllib3.connectionpool: https://api.openalex.org:443 "GET /works?search=DNA+aptamer+SELEX&per-page=100&cursor=IlsxMjMuNDkzMDgsIDE2MzU3MjQ4MDAwMDAsICdodHRwczovL29wZW5hbGV4Lm9yZy9XNDIwMDAwODgxMSddIg%3D%3D&select=id%2Cdoi%2Ctitle%2Cabstract_inverted_index%2Copen_access HTTP/1.1" 200 None
2026-06-17 13:55:55,797 DEBUG    urllib3.connectionpool: https://ops.epo.org:443 "GET /3.2/rest-services/published-data/search/biblio?q=txt%3D%22aptamer%22+AND+txt%3D%22SELEX%22+AND+txt%3D%22binding%22&Range=176-200 HTTP/1.1" 200 204440
2026-06-17 13:55:55,864 DEBUG    urllib3.connectionpool: https://api.lens.org:443 "POST /patent/search HTTP/1.1" 200 None
2026-06-17 13:55:56,422 DEBUG    urllib3.connectionpool: https://api.openalex.org:443 "GET /works?search=DNA+aptamer+SELEX&per-page=100&cursor=IlsxMTcuMzM2MjQsIDE2NDA5OTUyMDAwMDAsICdodHRwczovL29wZW5hbGV4Lm9yZy9XNDIyNDk5MjA0MiddIg%3D%3D&select=id%2Cdoi%2Ctitle%2Cabstract_inverted_index%2Copen_access HTTP/1.1" 200 None
2026-06-17 13:55:56,634 DEBUG    urllib3.connectionpool: https://api.biorxiv.org:443 "GET /details/biorxiv/2025-06-17/2026-06-17/240 HTTP/1.1" 200 None
2026-06-17 13:55:57,165 DEBUG    urllib3.connectionpool: https://ops.epo.org:443 "GET /3.2/rest-services/published-data/search/biblio?q=txt%3D%22aptamer%22+AND+txt%3D%22SELEX%22+AND+txt%3D%22binding%22&Range=201-225 HTTP/1.1" 200 355757
2026-06-17 13:55:57,435 DEBUG    urllib3.connectionpool: https://api.openalex.org:443 "GET /works?search=DNA+aptamer+SELEX&per-page=100&cursor=IlsxMTAuNTcyNjEsIDE2MTY1NDQwMDAwMDAsICdodHRwczovL29wZW5hbGV4Lm9yZy9XMzEzNzgwNTUyNiddIg%3D%3D&select=id%2Cdoi%2Ctitle%2Cabstract_inverted_index%2Copen_access HTTP/1.1" 200 None
2026-06-17 13:55:58,501 DEBUG    urllib3.connectionpool: https://api.biorxiv.org:443 "GET /details/biorxiv/2025-06-17/2026-06-17/270 HTTP/1.1" 200 None
2026-06-17 13:55:58,604 DEBUG    urllib3.connectionpool: https://api.openalex.org:443 "GET /works?search=DNA+aptamer+SELEX&per-page=100&cursor=IlsxMDIuNjMwNTQsIDE3Mzg2MjcyMDAwMDAsICdodHRwczovL29wZW5hbGV4Lm9yZy9XNDQwNzE0NDcyNyddIg%3D%3D&select=id%2Cdoi%2Ctitle%2Cabstract_inverted_index%2Copen_access HTTP/1.1" 200 None
2026-06-17 13:55:59,135 DEBUG    urllib3.connectionpool: https://ops.epo.org:443 "GET /3.2/rest-services/published-data/search/biblio?q=txt%3D%22aptamer%22+AND+txt%3D%22SELEX%22+AND+txt%3D%22binding%22&Range=226-250 HTTP/1.1" 200 258427
2026-06-17 13:55:59,286 DEBUG    urllib3.connectionpool: https://api.openalex.org:443 "GET /works?search=DNA+aptamer+SELEX&per-page=100&cursor=Ils5Ny4xMTI0MiwgMTY4MDA0ODAwMDAwMCwgJ2h0dHBzOi8vb3BlbmFsZXgub3JnL1c0MzYyNDU3MDUyJ10i&select=id%2Cdoi%2Ctitle%2Cabstract_inverted_index%2Copen_access HTTP/1.1" 200 None
2026-06-17 13:55:59,465 DEBUG    urllib3.connectionpool: https://api.lens.org:443 "POST /patent/search HTTP/1.1" 200 None
2026-06-17 13:55:59,906 DEBUG    urllib3.connectionpool: https://api.openalex.org:443 "GET /works?search=DNA+aptamer+SELEX&per-page=100&cursor=Ils5Mi4xMjAyOCwgMTY4MjcyNjQwMDAwMCwgJ2h0dHBzOi8vb3BlbmFsZXgub3JnL1c0MzY3Mzk2NTQwJ10i&select=id%2Cdoi%2Ctitle%2Cabstract_inverted_index%2Copen_access HTTP/1.1" 200 None
2026-06-17 13:56:00,041 DEBUG    urllib3.connectionpool: https://api.biorxiv.org:443 "GET /details/biorxiv/2025-06-17/2026-06-17/300 HTTP/1.1" 200 None
2026-06-17 13:56:00,398 INFO     scripts.data.scraper.adapters.pubmed_pmc: PubMed query '("aptamer"[Title/Abstract] AND "Kd"[Title/Abstract])' → 83 new PMIDs
2026-06-17 13:56:00,417 DEBUG    urllib3.connectionpool: https://ops.epo.org:443 "GET /3.2/rest-services/published-data/search/biblio?q=txt%3D%22DNA+aptamer%22+AND+txt%3D%22dissociation+constant%22&Range=1-25 HTTP/1.1" 200 188645
2026-06-17 13:56:00,728 DEBUG    urllib3.connectionpool: https://api.openalex.org:443 "GET /works?search=DNA+aptamer+SELEX&per-page=100&cursor=Ils4Ni43ODAwNDUsIDE3MDQ4NDQ4MDAwMDAsICdodHRwczovL29wZW5hbGV4Lm9yZy9XNDM5MDcxODEzNSddIg%3D%3D&select=id%2Cdoi%2Ctitle%2Cabstract_inverted_index%2Copen_access HTTP/1.1" 200 None
2026-06-17 13:56:01,440 DEBUG    urllib3.connectionpool: https://api.openalex.org:443 "GET /works?search=DNA+aptamer+SELEX&per-page=100&cursor=Ils4Mi4zMjE3OSwgMTcyNzM5NTIwMDAwMCwgJ2h0dHBzOi8vb3BlbmFsZXgub3JnL1c0NDAyOTI1NzMwJ10i&select=id%2Cdoi%2Ctitle%2Cabstract_inverted_index%2Copen_access HTTP/1.1" 200 None
2026-06-17 13:56:01,461 DEBUG    urllib3.connectionpool: https://ops.epo.org:443 "GET /3.2/rest-services/published-data/search/biblio?q=txt%3D%22DNA+aptamer%22+AND+txt%3D%22dissociation+constant%22&Range=26-50 HTTP/1.1" 200 198284
2026-06-17 13:56:01,885 DEBUG    urllib3.connectionpool: https://api.biorxiv.org:443 "GET /details/biorxiv/2025-06-17/2026-06-17/330 HTTP/1.1" 200 None
2026-06-17 13:56:02,408 DEBUG    urllib3.connectionpool: https://api.openalex.org:443 "GET /works?search=DNA+aptamer+SELEX&per-page=100&cursor=Ils3OC4xMTM0OTUsIDEzNDA3NTUyMDAwMDAsICdodHRwczovL29wZW5hbGV4Lm9yZy9XMjAwNzAzMjk5MiddIg%3D%3D&select=id%2Cdoi%2Ctitle%2Cabstract_inverted_index%2Copen_access HTTP/1.1" 200 None
2026-06-17 13:56:02,478 DEBUG    urllib3.connectionpool: https://api.lens.org:443 "POST /patent/search HTTP/1.1" 200 None
2026-06-17 13:56:02,507 DEBUG    urllib3.connectionpool: https://ops.epo.org:443 "GET /3.2/rest-services/published-data/search/biblio?q=txt%3D%22DNA+aptamer%22+AND+txt%3D%22dissociation+constant%22&Range=51-75 HTTP/1.1" 200 280159
2026-06-17 13:56:03,189 DEBUG    urllib3.connectionpool: https://api.openalex.org:443 "GET /works?search=DNA+aptamer+SELEX&per-page=100&cursor=Ils3NC4zNDA1NSwgMTU1ODkxNTIwMDAwMCwgJ2h0dHBzOi8vb3BlbmFsZXgub3JnL1cyOTQ2ODkzNzU0J10i&select=id%2Cdoi%2Ctitle%2Cabstract_inverted_index%2Copen_access HTTP/1.1" 200 None
2026-06-17 13:56:03,447 DEBUG    urllib3.connectionpool: https://api.biorxiv.org:443 "GET /details/biorxiv/2025-06-17/2026-06-17/360 HTTP/1.1" 200 None
2026-06-17 13:56:03,680 DEBUG    urllib3.connectionpool: https://ops.epo.org:443 "GET /3.2/rest-services/published-data/search/biblio?q=txt%3D%22DNA+aptamer%22+AND+txt%3D%22dissociation+constant%22&Range=76-100 HTTP/1.1" 200 364979
2026-06-17 13:56:03,754 DEBUG    urllib3.connectionpool: https://api.openalex.org:443 "GET /works?search=DNA+aptamer+SELEX&per-page=100&cursor=Ils3MC42MTc1MTYsIDE2Njg2NDMyMDAwMDAsICdodHRwczovL29wZW5hbGV4Lm9yZy9XNDMxMzI0NzE2MCddIg%3D%3D&select=id%2Cdoi%2Ctitle%2Cabstract_inverted_index%2Copen_access HTTP/1.1" 200 None
2026-06-17 13:56:05,072 DEBUG    urllib3.connectionpool: https://api.openalex.org:443 "GET /works?search=DNA+aptamer+SELEX&per-page=100&cursor=Ils2Ny4xNzgxNSwgMTY5MDUwMjQwMDAwMCwgJ2h0dHBzOi8vb3BlbmFsZXgub3JnL1c0Mzg1MzM3MzgxJ10i&select=id%2Cdoi%2Ctitle%2Cabstract_inverted_index%2Copen_access HTTP/1.1" 200 None
2026-06-17 13:56:05,288 DEBUG    urllib3.connectionpool: https://api.lens.org:443 "POST /patent/search HTTP/1.1" 200 None
2026-06-17 13:56:05,363 DEBUG    urllib3.connectionpool: https://ops.epo.org:443 "GET /3.2/rest-services/published-data/search/biblio?q=txt%3D%22DNA+aptamer%22+AND+txt%3D%22dissociation+constant%22&Range=101-125 HTTP/1.1" 200 270416
2026-06-17 13:56:05,650 DEBUG    urllib3.connectionpool: https://api.biorxiv.org:443 "GET /details/biorxiv/2025-06-17/2026-06-17/390 HTTP/1.1" 200 None
2026-06-17 13:56:05,764 DEBUG    urllib3.connectionpool: https://api.openalex.org:443 "GET /works?search=DNA+aptamer+SELEX&per-page=100&cursor=Ils2My4zNzczOTYsIDE0MjIzMTY4MDAwMDAsICdodHRwczovL29wZW5hbGV4Lm9yZy9XMjA5NzA5ODAzNiddIg%3D%3D&select=id%2Cdoi%2Ctitle%2Cabstract_inverted_index%2Copen_access HTTP/1.1" 200 None
2026-06-17 13:56:05,796 INFO     scripts.data.scraper.adapters.pubmed_pmc: PubMed query '("aptamer selection"[Title/Abstract] AND "binding affinity"[' → 50 new PMIDs
2026-06-17 13:56:06,337 DEBUG    urllib3.connectionpool: https://api.semanticscholar.org:443 "GET /graph/v1/paper/search?query=DNA+aptamer+SELEX+binding+protein&fields=paperId%2Ctitle%2Cabstract%2Cyear%2CexternalIds%2CopenAccessPdf&offset=100&limit=100 HTTP/1.1" 429 174
2026-06-17 13:56:06,337 WARNING  scripts.data.scraper.adapters.base: semantic_scholar rate-limited (429); sleeping 30s
2026-06-17 13:56:06,384 DEBUG    urllib3.connectionpool: https://ops.epo.org:443 "GET /3.2/rest-services/published-data/search/biblio?q=txt%3D%22DNA+aptamer%22+AND+txt%3D%22dissociation+constant%22&Range=126-150 HTTP/1.1" 200 204289
2026-06-17 13:56:06,609 DEBUG    urllib3.connectionpool: https://api.openalex.org:443 "GET /works?search=DNA+aptamer+SELEX&per-page=100&cursor=Ils1OS40ODQxNzcsIDE0MDQ2OTEyMDAwMDAsICdodHRwczovL29wZW5hbGV4Lm9yZy9XMjA0ODQyMzY4NiddIg%3D%3D&select=id%2Cdoi%2Ctitle%2Cabstract_inverted_index%2Copen_access HTTP/1.1" 200 None
2026-06-17 13:56:07,323 DEBUG    urllib3.connectionpool: https://ops.epo.org:443 "GET /3.2/rest-services/published-data/search/biblio?q=txt%3D%22DNA+aptamer%22+AND+txt%3D%22dissociation+constant%22&Range=151-175 HTTP/1.1" 200 304453
2026-06-17 13:56:07,467 DEBUG    urllib3.connectionpool: https://api.openalex.org:443 "GET /works?search=DNA+aptamer+SELEX&per-page=100&cursor=Ils1Ni4zOTI1NDgsIDExMzYwNzM2MDAwMDAsICdodHRwczovL29wZW5hbGV4Lm9yZy9XMTM4ODY0NDEzJ10i&select=id%2Cdoi%2Ctitle%2Cabstract_inverted_index%2Copen_access HTTP/1.1" 200 None
2026-06-17 13:56:08,078 DEBUG    urllib3.connectionpool: https://api.biorxiv.org:443 "GET /details/biorxiv/2025-06-17/2026-06-17/420 HTTP/1.1" 200 None
2026-06-17 13:56:08,507 DEBUG    urllib3.connectionpool: https://api.openalex.org:443 "GET /works?search=DNA+aptamer+SELEX&per-page=100&cursor=Ils1My43NDgzMywgMTY0MzU4NzIwMDAwMCwgJ2h0dHBzOi8vb3BlbmFsZXgub3JnL1c0MjEwNTc4Nzg5J10i&select=id%2Cdoi%2Ctitle%2Cabstract_inverted_index%2Copen_access HTTP/1.1" 200 None
2026-06-17 13:56:08,822 DEBUG    urllib3.connectionpool: https://api.lens.org:443 "POST /patent/search HTTP/1.1" 200 None
2026-06-17 13:56:09,264 DEBUG    urllib3.connectionpool: https://ops.epo.org:443 "GET /3.2/rest-services/published-data/search/biblio?q=txt%3D%22DNA+aptamer%22+AND+txt%3D%22dissociation+constant%22&Range=176-200 HTTP/1.1" 200 406837
2026-06-17 13:56:09,411 DEBUG    urllib3.connectionpool: https://api.openalex.org:443 "GET /works?search=DNA+aptamer+SELEX&per-page=100&cursor=Ils1MS4xMDcwMTgsIDE2MDY4NjcyMDAwMDAsICdodHRwczovL29wZW5hbGV4Lm9yZy9XMzEwNjkzOTYxMSddIg%3D%3D&select=id%2Cdoi%2Ctitle%2Cabstract_inverted_index%2Copen_access HTTP/1.1" 200 None
2026-06-17 13:56:09,514 DEBUG    urllib3.connectionpool: https://api.biorxiv.org:443 "GET /details/biorxiv/2025-06-17/2026-06-17/450 HTTP/1.1" 200 None
2026-06-17 13:56:09,993 DEBUG    urllib3.connectionpool: https://api.openalex.org:443 "GET /works?search=DNA+aptamer+SELEX&per-page=100&cursor=Ils0OC4zODc4NDQsIDE3MjcxMzYwMDAwMDAsICdodHRwczovL29wZW5hbGV4Lm9yZy9XNDQwMjc2NTY2MyddIg%3D%3D&select=id%2Cdoi%2Ctitle%2Cabstract_inverted_index%2Copen_access HTTP/1.1" 200 None
2026-06-17 13:56:10,026 INFO     scripts.data.scraper.adapters.pubmed_pmc: PubMed query '("ssDNA aptamer"[Title/Abstract])' → 123 new PMIDs
2026-06-17 13:56:10,393 DEBUG    urllib3.connectionpool: https://ops.epo.org:443 "GET /3.2/rest-services/published-data/search/biblio?q=txt%3D%22DNA+aptamer%22+AND+txt%3D%22dissociation+constant%22&Range=201-225 HTTP/1.1" 200 335806
2026-06-17 13:56:10,790 DEBUG    urllib3.connectionpool: https://api.openalex.org:443 "GET /works?search=DNA+aptamer+SELEX&per-page=100&cursor=Ils0NS45MTc0MDgsIDE3MzQ0ODAwMDAwMDAsICdodHRwczovL29wZW5hbGV4Lm9yZy9XNDQwNTUxNTA0MCddIg%3D%3D&select=id%2Cdoi%2Ctitle%2Cabstract_inverted_index%2Copen_access HTTP/1.1" 200 None
2026-06-17 13:56:10,970 DEBUG    urllib3.connectionpool: https://api.lens.org:443 "POST /patent/search HTTP/1.1" 200 None
2026-06-17 13:56:11,117 DEBUG    urllib3.connectionpool: https://api.biorxiv.org:443 "GET /details/biorxiv/2025-06-17/2026-06-17/480 HTTP/1.1" 200 None
2026-06-17 13:56:11,395 DEBUG    urllib3.connectionpool: https://ops.epo.org:443 "GET /3.2/rest-services/published-data/search/biblio?q=txt%3D%22DNA+aptamer%22+AND+txt%3D%22dissociation+constant%22&Range=226-250 HTTP/1.1" 200 343506
2026-06-17 13:56:11,867 DEBUG    urllib3.connectionpool: https://api.openalex.org:443 "GET /works?search=DNA+aptamer+SELEX&per-page=100&cursor=Ils0My40MjExOCwgMTU0NjMwMDgwMDAwMCwgJ2h0dHBzOi8vb3BlbmFsZXgub3JnL1cyOTE0NTgyOTQyJ10i&select=id%2Cdoi%2Ctitle%2Cabstract_inverted_index%2Copen_access HTTP/1.1" 200 None
2026-06-17 13:56:12,988 DEBUG    urllib3.connectionpool: https://api.openalex.org:443 "GET /works?search=DNA+aptamer+SELEX&per-page=100&cursor=Ils0MS4zNzE2LCAxNDgzMjI4ODAwMDAwLCAnaHR0cHM6Ly9vcGVuYWxleC5vcmcvVzI5MDI5NTIxMTknXSI%3D&select=id%2Cdoi%2Ctitle%2Cabstract_inverted_index%2Copen_access HTTP/1.1" 200 None
2026-06-17 13:56:13,064 DEBUG    urllib3.connectionpool: https://api.biorxiv.org:443 "GET /details/biorxiv/2025-06-17/2026-06-17/510 HTTP/1.1" 200 None
2026-06-17 13:56:13,325 DEBUG    urllib3.connectionpool: https://ops.epo.org:443 "GET /3.2/rest-services/published-data/search/biblio?q=txt%3D%22ssDNA%22+AND+txt%3D%22SELEX%22+AND+txt%3D%22protein%22&Range=1-25 HTTP/1.1" 200 154255
2026-06-17 13:56:13,934 DEBUG    urllib3.connectionpool: https://api.lens.org:443 "POST /patent/search HTTP/1.1" 200 None
2026-06-17 13:56:13,993 DEBUG    urllib3.connectionpool: https://api.openalex.org:443 "GET /works?search=DNA+aptamer+SELEX&per-page=100&cursor=IlszOS4zNTYwMSwgMTc1NjE2NjQwMDAwMCwgJ2h0dHBzOi8vb3BlbmFsZXgub3JnL1c0NDEzNjI5ODc4J10i&select=id%2Cdoi%2Ctitle%2Cabstract_inverted_index%2Copen_access HTTP/1.1" 200 None
2026-06-17 13:56:14,328 DEBUG    urllib3.connectionpool: https://ops.epo.org:443 "GET /3.2/rest-services/published-data/search/biblio?q=txt%3D%22ssDNA%22+AND+txt%3D%22SELEX%22+AND+txt%3D%22protein%22&Range=26-50 HTTP/1.1" 200 270355
2026-06-17 13:56:14,547 DEBUG    urllib3.connectionpool: https://api.biorxiv.org:443 "GET /details/biorxiv/2025-06-17/2026-06-17/540 HTTP/1.1" 200 None
2026-06-17 13:56:14,703 DEBUG    urllib3.connectionpool: https://api.openalex.org:443 "GET /works?search=DNA+aptamer+SELEX&per-page=100&cursor=IlszNy4yNzA0OCwgMTMwNDAzNTIwMDAwMCwgJ2h0dHBzOi8vb3BlbmFsZXgub3JnL1cyMDU4NTU0NDI3J10i&select=id%2Cdoi%2Ctitle%2Cabstract_inverted_index%2Copen_access HTTP/1.1" 200 None
2026-06-17 13:56:15,581 DEBUG    urllib3.connectionpool: https://ops.epo.org:443 "GET /3.2/rest-services/published-data/search/biblio?q=txt%3D%22ssDNA%22+AND+txt%3D%22SELEX%22+AND+txt%3D%22protein%22&Range=51-75 HTTP/1.1" 200 282361
2026-06-17 13:56:15,765 DEBUG    urllib3.connectionpool: https://api.openalex.org:443 "GET /works?search=DNA+aptamer+SELEX&per-page=100&cursor=IlszNS4zNjUxNywgMTYyMjUwNTYwMDAwMCwgJ2h0dHBzOi8vb3BlbmFsZXgub3JnL1czMTcxNDI1NTg2J10i&select=id%2Cdoi%2Ctitle%2Cabstract_inverted_index%2Copen_access HTTP/1.1" 200 None
2026-06-17 13:56:16,228 DEBUG    urllib3.connectionpool: https://api.biorxiv.org:443 "GET /details/biorxiv/2025-06-17/2026-06-17/570 HTTP/1.1" 200 None
2026-06-17 13:56:16,555 DEBUG    urllib3.connectionpool: https://api.lens.org:443 "POST /patent/search HTTP/1.1" 200 None
2026-06-17 13:56:16,570 DEBUG    urllib3.connectionpool: https://api.openalex.org:443 "GET /works?search=DNA+aptamer+SELEX&per-page=100&cursor=IlszMy4xODczMSwgMTUzMzE2ODAwMDAwMCwgJ2h0dHBzOi8vb3BlbmFsZXgub3JnL1cyODA3NzI4ODEzJ10i&select=id%2Cdoi%2Ctitle%2Cabstract_inverted_index%2Copen_access HTTP/1.1" 200 None
2026-06-17 13:56:16,975 DEBUG    urllib3.connectionpool: https://ops.epo.org:443 "GET /3.2/rest-services/published-data/search/biblio?q=txt%3D%22ssDNA%22+AND+txt%3D%22SELEX%22+AND+txt%3D%22protein%22&Range=76-100 HTTP/1.1" 200 304435
2026-06-17 13:56:17,495 DEBUG    urllib3.connectionpool: https://api.openalex.org:443 "GET /works?search=DNA+aptamer+SELEX&per-page=100&cursor=IlszMS4yMjM5MywgMTE1MzI2NzIwMDAwMCwgJ2h0dHBzOi8vb3BlbmFsZXgub3JnL1cyMTEyNjEyNTc3J10i&select=id%2Cdoi%2Ctitle%2Cabstract_inverted_index%2Copen_access HTTP/1.1" 200 None
2026-06-17 13:56:17,894 DEBUG    urllib3.connectionpool: https://api.biorxiv.org:443 "GET /details/biorxiv/2025-06-17/2026-06-17/600 HTTP/1.1" 200 None
2026-06-17 13:56:18,048 DEBUG    urllib3.connectionpool: https://ops.epo.org:443 "GET /3.2/rest-services/published-data/search/biblio?q=txt%3D%22ssDNA%22+AND+txt%3D%22SELEX%22+AND+txt%3D%22protein%22&Range=101-125 HTTP/1.1" 200 465870
2026-06-17 13:56:18,293 DEBUG    urllib3.connectionpool: https://api.openalex.org:443 "GET /works?search=DNA+aptamer+SELEX&per-page=100&cursor=IlsyOS42MTIyNzgsIDE1NzIyMjA4MDAwMDAsICdodHRwczovL29wZW5hbGV4Lm9yZy9XMjk4MTgxNTk4OSddIg%3D%3D&select=id%2Cdoi%2Ctitle%2Cabstract_inverted_index%2Copen_access HTTP/1.1" 200 None
2026-06-17 13:56:18,403 INFO     scripts.data.scraper.adapters.pubmed_pmc: PubMed query '("RNA aptamer"[Title/Abstract] AND "SELEX"[Title/Abstract])' → 124 new PMIDs
2026-06-17 13:56:18,539 DEBUG    urllib3.connectionpool: https://api.lens.org:443 "POST /patent/search HTTP/1.1" 200 None
2026-06-17 13:56:19,072 DEBUG    urllib3.connectionpool: https://api.openalex.org:443 "GET /works?search=DNA+aptamer+SELEX&per-page=100&cursor=IlsyNy44OTUxOTcsIDE3MTUwNDAwMDAwMDAsICdodHRwczovL29wZW5hbGV4Lm9yZy9XNDM5NjY5MzE4NSddIg%3D%3D&select=id%2Cdoi%2Ctitle%2Cabstract_inverted_index%2Copen_access HTTP/1.1" 200 None
2026-06-17 13:56:19,177 DEBUG    urllib3.connectionpool: https://ops.epo.org:443 "GET /3.2/rest-services/published-data/search/biblio?q=txt%3D%22ssDNA%22+AND+txt%3D%22SELEX%22+AND+txt%3D%22protein%22&Range=126-150 HTTP/1.1" 200 380329
2026-06-17 13:56:19,582 DEBUG    urllib3.connectionpool: https://api.biorxiv.org:443 "GET /details/biorxiv/2025-06-17/2026-06-17/630 HTTP/1.1" 200 None
2026-06-17 13:56:19,758 DEBUG    urllib3.connectionpool: https://api.openalex.org:443 "GET /works?search=DNA+aptamer+SELEX&per-page=100&cursor=IlsyNi4xOTg1NzQsIDEzOTQwNjQwMDAwMDAsICdodHRwczovL29wZW5hbGV4Lm9yZy9XMjAwNTAyNDEyMiddIg%3D%3D&select=id%2Cdoi%2Ctitle%2Cabstract_inverted_index%2Copen_access HTTP/1.1" 200 None
2026-06-17 13:56:20,089 DEBUG    urllib3.connectionpool: https://ops.epo.org:443 "GET /3.2/rest-services/published-data/search/biblio?q=txt%3D%22ssDNA%22+AND+txt%3D%22SELEX%22+AND+txt%3D%22protein%22&Range=151-175 HTTP/1.1" 200 316441
2026-06-17 13:56:20,978 DEBUG    urllib3.connectionpool: https://api.openalex.org:443 "GET /works?search=DNA+aptamer+SELEX&per-page=100&cursor=IlsyNC40ODE1MTgsIDEzMTEwMzM2MDAwMDAsICdodHRwczovL29wZW5hbGV4Lm9yZy9XMTk5Mjc4Mjc1OSddIg%3D%3D&select=id%2Cdoi%2Ctitle%2Cabstract_inverted_index%2Copen_access HTTP/1.1" 200 None
2026-06-17 13:56:21,397 DEBUG    urllib3.connectionpool: https://ops.epo.org:443 "GET /3.2/rest-services/published-data/search/biblio?q=txt%3D%22ssDNA%22+AND+txt%3D%22SELEX%22+AND+txt%3D%22protein%22&Range=176-200 HTTP/1.1" 200 334467
2026-06-17 13:56:21,404 DEBUG    urllib3.connectionpool: https://api.lens.org:443 "POST /patent/search HTTP/1.1" 200 None
2026-06-17 13:56:21,615 DEBUG    urllib3.connectionpool: https://api.biorxiv.org:443 "GET /details/biorxiv/2025-06-17/2026-06-17/660 HTTP/1.1" 200 None
2026-06-17 13:56:21,801 DEBUG    urllib3.connectionpool: https://api.openalex.org:443 "GET /works?search=DNA+aptamer+SELEX&per-page=100&cursor=IlsyMy4wOTgyNjMsIDE2Nzc3MTUyMDAwMDAsICdodHRwczovL29wZW5hbGV4Lm9yZy9XNDMyMjc3MDM4OCddIg%3D%3D&select=id%2Cdoi%2Ctitle%2Cabstract_inverted_index%2Copen_access HTTP/1.1" 200 None
2026-06-17 13:56:22,390 DEBUG    urllib3.connectionpool: https://ops.epo.org:443 "GET /3.2/rest-services/published-data/search/biblio?q=txt%3D%22ssDNA%22+AND+txt%3D%22SELEX%22+AND+txt%3D%22protein%22&Range=201-225 HTTP/1.1" 200 174359
2026-06-17 13:56:22,500 DEBUG    urllib3.connectionpool: https://api.openalex.org:443 "GET /works?search=DNA+aptamer+SELEX&per-page=100&cursor=IlsyMS43OTM4MzcsIDE0NDU5MDQwMDAwMDAsICdodHRwczovL29wZW5hbGV4Lm9yZy9XMTgyODM0OTM4MiddIg%3D%3D&select=id%2Cdoi%2Ctitle%2Cabstract_inverted_index%2Copen_access HTTP/1.1" 200 None
2026-06-17 13:56:23,388 DEBUG    urllib3.connectionpool: https://api.biorxiv.org:443 "GET /details/biorxiv/2025-06-17/2026-06-17/690 HTTP/1.1" 200 None
2026-06-17 13:56:23,561 DEBUG    urllib3.connectionpool: https://api.openalex.org:443 "GET /works?search=DNA+aptamer+SELEX&per-page=100&cursor=IlsyMC4zNzQ1MzMsIDE1NDYzMDA4MDAwMDAsICdodHRwczovL29wZW5hbGV4Lm9yZy9XMjkwNzYxMjk0MSddIg%3D%3D&select=id%2Cdoi%2Ctitle%2Cabstract_inverted_index%2Copen_access HTTP/1.1" 200 None
2026-06-17 13:56:23,725 DEBUG    urllib3.connectionpool: https://ops.epo.org:443 "GET /3.2/rest-services/published-data/search/biblio?q=txt%3D%22ssDNA%22+AND+txt%3D%22SELEX%22+AND+txt%3D%22protein%22&Range=226-250 HTTP/1.1" 200 427939
2026-06-17 13:56:23,959 DEBUG    urllib3.connectionpool: https://api.lens.org:443 "POST /patent/search HTTP/1.1" 200 None
2026-06-17 13:56:24,433 DEBUG    urllib3.connectionpool: https://api.openalex.org:443 "GET /works?search=DNA+aptamer+SELEX&per-page=100&cursor=IlsxOS4yODQ4NSwgMTYwODI0OTYwMDAwMCwgJ2h0dHBzOi8vb3BlbmFsZXgub3JnL1czMTEzMTEyNjg3J10i&select=id%2Cdoi%2Ctitle%2Cabstract_inverted_index%2Copen_access HTTP/1.1" 200 None
2026-06-17 13:56:25,000 DEBUG    urllib3.connectionpool: https://api.biorxiv.org:443 "GET /details/biorxiv/2025-06-17/2026-06-17/720 HTTP/1.1" 200 None
2026-06-17 13:56:25,087 DEBUG    urllib3.connectionpool: https://api.openalex.org:443 "GET /works?search=DNA+aptamer+SELEX&per-page=100&cursor=IlsxOC4zNDM1NiwgMTU5MzEyOTYwMDAwMCwgJ2h0dHBzOi8vb3BlbmFsZXgub3JnL1czMDM3MzI4MjgzJ10i&select=id%2Cdoi%2Ctitle%2Cabstract_inverted_index%2Copen_access HTTP/1.1" 200 None
2026-06-17 13:56:25,333 DEBUG    urllib3.connectionpool: https://ops.epo.org:443 "GET /3.2/rest-services/published-data/search/biblio?q=txt%3D%22aptamer%22+AND+txt%3D%22Kd%22+AND+txt%3D%22nM%22&Range=1-25 HTTP/1.1" 200 165220
2026-06-17 13:56:25,724 DEBUG    urllib3.connectionpool: https://api.lens.org:443 "POST /patent/search HTTP/1.1" 429 None
2026-06-17 13:56:25,724 WARNING  scripts.data.scraper.adapters.base: patents_wipo rate-limited (429); sleeping 5s
2026-06-17 13:56:25,988 DEBUG    urllib3.connectionpool: https://api.openalex.org:443 "GET /works?search=DNA+aptamer+SELEX&per-page=100&cursor=IlsxNy4zOTk3MjcsIDE1NzAxNDcyMDAwMDAsICdodHRwczovL29wZW5hbGV4Lm9yZy9XMjk3ODE2Njg5OCddIg%3D%3D&select=id%2Cdoi%2Ctitle%2Cabstract_inverted_index%2Copen_access HTTP/1.1" 200 None
2026-06-17 13:56:26,345 DEBUG    urllib3.connectionpool: https://api.biorxiv.org:443 "GET /details/biorxiv/2025-06-17/2026-06-17/750 HTTP/1.1" 200 None
2026-06-17 13:56:26,569 DEBUG    urllib3.connectionpool: https://ops.epo.org:443 "GET /3.2/rest-services/published-data/search/biblio?q=txt%3D%22aptamer%22+AND+txt%3D%22Kd%22+AND+txt%3D%22nM%22&Range=26-50 HTTP/1.1" 200 212069
2026-06-17 13:56:26,634 DEBUG    urllib3.connectionpool: https://api.openalex.org:443 "GET /works?search=DNA+aptamer+SELEX&per-page=100&cursor=IlsxNi42MDAzOTEsIDE1OTc4ODE2MDAwMDAsICdodHRwczovL29wZW5hbGV4Lm9yZy9XMzA1NTI2NzQ5OCddIg%3D%3D&select=id%2Cdoi%2Ctitle%2Cabstract_inverted_index%2Copen_access HTTP/1.1" 200 None
2026-06-17 13:56:27,321 DEBUG    urllib3.connectionpool: https://api.openalex.org:443 "GET /works?search=DNA+aptamer+SELEX&per-page=100&cursor=IlsxNS44OTQwMTUsIDExOTkxNDU2MDAwMDAsICdodHRwczovL29wZW5hbGV4Lm9yZy9XMjE4NzI1Njk4NSddIg%3D%3D&select=id%2Cdoi%2Ctitle%2Cabstract_inverted_index%2Copen_access HTTP/1.1" 200 None
2026-06-17 13:56:27,748 DEBUG    urllib3.connectionpool: https://ops.epo.org:443 "GET /3.2/rest-services/published-data/search/biblio?q=txt%3D%22aptamer%22+AND+txt%3D%22Kd%22+AND+txt%3D%22nM%22&Range=51-75 HTTP/1.1" 200 332207
2026-06-17 13:56:27,960 DEBUG    urllib3.connectionpool: https://api.openalex.org:443 "GET /works?search=DNA+aptamer+SELEX&per-page=100&cursor=IlsxNS4yMTA2NDksIDE2MTYzNzEyMDAwMDAsICdodHRwczovL29wZW5hbGV4Lm9yZy9XMzEzNzg1OTA0NiddIg%3D%3D&select=id%2Cdoi%2Ctitle%2Cabstract_inverted_index%2Copen_access HTTP/1.1" 200 None
2026-06-17 13:56:27,996 DEBUG    urllib3.connectionpool: https://api.biorxiv.org:443 "GET /details/biorxiv/2025-06-17/2026-06-17/780 HTTP/1.1" 200 None
2026-06-17 13:56:28,616 DEBUG    urllib3.connectionpool: https://api.openalex.org:443 "GET /works?search=DNA+aptamer+SELEX&per-page=100&cursor=IlsxNC40MDMwNywgMTQ5MTg2ODgwMDAwMCwgJ2h0dHBzOi8vb3BlbmFsZXgub3JnL1cyNzQzNjQyNzQ0J10i&select=id%2Cdoi%2Ctitle%2Cabstract_inverted_index%2Copen_access HTTP/1.1" 200 None
2026-06-17 13:56:29,140 INFO     scripts.data.scraper.adapters.pubmed_pmc: PubMed query '("CE-SELEX"[Title/Abstract] AND "aptamer"[Title/Abstract])' → 34 new PMIDs
2026-06-17 13:56:29,239 DEBUG    urllib3.connectionpool: https://api.openalex.org:443 "GET /works?search=DNA+aptamer+SELEX&per-page=100&cursor=IlsxMy43OTAxOSwgMTYwMTQyNDAwMDAwMCwgJ2h0dHBzOi8vb3BlbmFsZXgub3JnL1czMDkxNTczMzQxJ10i&select=id%2Cdoi%2Ctitle%2Cabstract_inverted_index%2Copen_access HTTP/1.1" 200 None
2026-06-17 13:56:29,342 DEBUG    urllib3.connectionpool: https://ops.epo.org:443 "GET /3.2/rest-services/published-data/search/biblio?q=txt%3D%22aptamer%22+AND+txt%3D%22Kd%22+AND+txt%3D%22nM%22&Range=76-100 HTTP/1.1" 200 371569
2026-06-17 13:56:29,577 DEBUG    urllib3.connectionpool: https://api.biorxiv.org:443 "GET /details/biorxiv/2025-06-17/2026-06-17/810 HTTP/1.1" 200 None
2026-06-17 13:56:29,924 DEBUG    urllib3.connectionpool: https://api.openalex.org:443 "GET /works?search=DNA+aptamer+SELEX&per-page=100&cursor=IlsxMy4xMjg3NDEsIDE3NTY2ODQ4MDAwMDAsICdodHRwczovL29wZW5hbGV4Lm9yZy9XNDQxMzk5MzYxNyddIg%3D%3D&select=id%2Cdoi%2Ctitle%2Cabstract_inverted_index%2Copen_access HTTP/1.1" 200 None
2026-06-17 13:56:30,712 DEBUG    urllib3.connectionpool: https://ops.epo.org:443 "GET /3.2/rest-services/published-data/search/biblio?q=txt%3D%22aptamer%22+AND+txt%3D%22Kd%22+AND+txt%3D%22nM%22&Range=101-125 HTTP/1.1" 200 262365
2026-06-17 13:56:30,939 DEBUG    urllib3.connectionpool: https://api.openalex.org:443 "GET /works?search=DNA+aptamer+SELEX&per-page=100&cursor=IlsxMi40ODQyNzQsIDE2MDY4NjcyMDAwMDAsICdodHRwczovL29wZW5hbGV4Lm9yZy9XMzEwNzc3NjU0NiddIg%3D%3D&select=id%2Cdoi%2Ctitle%2Cabstract_inverted_index%2Copen_access HTTP/1.1" 200 None
2026-06-17 13:56:31,233 DEBUG    urllib3.connectionpool: https://api.biorxiv.org:443 "GET /details/biorxiv/2025-06-17/2026-06-17/840 HTTP/1.1" 200 None
2026-06-17 13:56:31,240 DEBUG    urllib3.connectionpool: https://api.lens.org:443 "POST /patent/search HTTP/1.1" 200 None
2026-06-17 13:56:31,631 DEBUG    urllib3.connectionpool: https://api.openalex.org:443 "GET /works?search=DNA+aptamer+SELEX&per-page=100&cursor=IlsxMS43MTk4MDQsIDE1NzUzMzEyMDAwMDAsICdodHRwczovL29wZW5hbGV4Lm9yZy9XMjk5MzA5MDMzNyddIg%3D%3D&select=id%2Cdoi%2Ctitle%2Cabstract_inverted_index%2Copen_access HTTP/1.1" 200 None
2026-06-17 13:56:32,025 DEBUG    urllib3.connectionpool: https://ops.epo.org:443 "GET /3.2/rest-services/published-data/search/biblio?q=txt%3D%22aptamer%22+AND+txt%3D%22Kd%22+AND+txt%3D%22nM%22&Range=126-150 HTTP/1.1" 200 268054
2026-06-17 13:56:32,382 DEBUG    urllib3.connectionpool: https://api.openalex.org:443 "GET /works?search=DNA+aptamer+SELEX&per-page=100&cursor=IlsxMS4xNzM0MDgsIDE2NzU3MjgwMDAwMDAsICdodHRwczovL29wZW5hbGV4Lm9yZy9XNDMxOTMzNjY1NSddIg%3D%3D&select=id%2Cdoi%2Ctitle%2Cabstract_inverted_index%2Copen_access HTTP/1.1" 200 None
2026-06-17 13:56:32,600 DEBUG    urllib3.connectionpool: https://api.biorxiv.org:443 "GET /details/biorxiv/2025-06-17/2026-06-17/870 HTTP/1.1" 200 None
2026-06-17 13:56:32,750 INFO     scripts.data.scraper.adapters.pubmed_pmc: PubMed query '("Capture-SELEX"[Title/Abstract])' → 63 new PMIDs
2026-06-17 13:56:33,078 DEBUG    urllib3.connectionpool: https://api.openalex.org:443 "GET /works?search=DNA+aptamer+SELEX&per-page=100&cursor=IlsxMC42ODUyOTUsIDEzOTQ0OTYwMDAwMDAsICdodHRwczovL29wZW5hbGV4Lm9yZy9XMjE3MTUxMjU3NiddIg%3D%3D&select=id%2Cdoi%2Ctitle%2Cabstract_inverted_index%2Copen_access HTTP/1.1" 200 None
2026-06-17 13:56:33,329 DEBUG    urllib3.connectionpool: https://api.lens.org:443 "POST /patent/search HTTP/1.1" 200 None
2026-06-17 13:56:33,339 DEBUG    urllib3.connectionpool: https://ops.epo.org:443 "GET /3.2/rest-services/published-data/search/biblio?q=txt%3D%22aptamer%22+AND+txt%3D%22Kd%22+AND+txt%3D%22nM%22&Range=151-175 HTTP/1.1" 200 361132
2026-06-17 13:56:33,966 DEBUG    urllib3.connectionpool: https://api.openalex.org:443 "GET /works?search=DNA+aptamer+SELEX&per-page=100&cursor=IlsxMC4xMTE0OTYsIDE3NDQzMjk2MDAwMDAsICdodHRwczovL29wZW5hbGV4Lm9yZy9XNDQwOTM1Mjk1NiddIg%3D%3D&select=id%2Cdoi%2Ctitle%2Cabstract_inverted_index%2Copen_access HTTP/1.1" 200 None
2026-06-17 13:56:34,134 DEBUG    urllib3.connectionpool: https://api.biorxiv.org:443 "GET /details/biorxiv/2025-06-17/2026-06-17/900 HTTP/1.1" 200 None
2026-06-17 13:56:34,792 DEBUG    urllib3.connectionpool: https://ops.epo.org:443 "GET /3.2/rest-services/published-data/search/biblio?q=txt%3D%22aptamer%22+AND+txt%3D%22Kd%22+AND+txt%3D%22nM%22&Range=176-200 HTTP/1.1" 200 297058
2026-06-17 13:56:35,125 DEBUG    urllib3.connectionpool: https://api.openalex.org:443 "GET /works?search=DNA+aptamer+SELEX&per-page=100&cursor=Ils5LjU2NDc0OSwgMTM1Njk5ODQwMDAwMCwgJ2h0dHBzOi8vb3BlbmFsZXgub3JnL1cyMDE0Mzg1NDk2J10i&select=id%2Cdoi%2Ctitle%2Cabstract_inverted_index%2Copen_access HTTP/1.1" 200 None
2026-06-17 13:56:35,687 DEBUG    urllib3.connectionpool: https://api.lens.org:443 "POST /patent/search HTTP/1.1" 429 None
2026-06-17 13:56:35,707 WARNING  scripts.data.scraper.adapters.base: patents_wipo rate-limited (429); sleeping 5s
2026-06-17 13:56:35,988 DEBUG    urllib3.connectionpool: https://api.biorxiv.org:443 "GET /details/biorxiv/2025-06-17/2026-06-17/930 HTTP/1.1" 200 None
2026-06-17 13:56:36,103 DEBUG    urllib3.connectionpool: https://api.openalex.org:443 "GET /works?search=DNA+aptamer+SELEX&per-page=100&cursor=Ils5LjA3NzI1MywgMTU4ODgwOTYwMDAwMCwgJ2h0dHBzOi8vb3BlbmFsZXgub3JnL1czMDgxNjkyNzY1J10i&select=id%2Cdoi%2Ctitle%2Cabstract_inverted_index%2Copen_access HTTP/1.1" 200 None
2026-06-17 13:56:36,479 DEBUG    urllib3.connectionpool: https://api.semanticscholar.org:443 "GET /graph/v1/paper/search?query=DNA+aptamer+SELEX+binding+protein&fields=paperId%2Ctitle%2Cabstract%2Cyear%2CexternalIds%2CopenAccessPdf&offset=100&limit=100 HTTP/1.1" 429 174
2026-06-17 13:56:36,479 WARNING  scripts.data.scraper.adapters.base: semantic_scholar https://api.semanticscholar.org/graph/v1/paper/search failed after retries: 429 Client Error:  for url: https://api.semanticscholar.org/graph/v1/paper/search?query=DNA+aptamer+SELEX+binding+protein&fields=paperId%2Ctitle%2Cabstract%2Cyear%2CexternalIds%2CopenAccessPdf&offset=100&limit=100
2026-06-17 13:56:36,999 DEBUG    urllib3.connectionpool: https://ops.epo.org:443 "GET /3.2/rest-services/published-data/search/biblio?q=txt%3D%22aptamer%22+AND+txt%3D%22Kd%22+AND+txt%3D%22nM%22&Range=201-225 HTTP/1.1" 200 343739
2026-06-17 13:56:37,017 DEBUG    urllib3.connectionpool: https://api.openalex.org:443 "GET /works?search=DNA+aptamer+SELEX&per-page=100&cursor=Ils4LjY0MDIwNCwgMTU3NzgzNjgwMDAwMCwgJ2h0dHBzOi8vb3BlbmFsZXgub3JnL1czMTE4NzcwNDgxJ10i&select=id%2Cdoi%2Ctitle%2Cabstract_inverted_index%2Copen_access HTTP/1.1" 200 None
2026-06-17 13:56:37,416 DEBUG    urllib3.connectionpool: https://api.biorxiv.org:443 "GET /details/biorxiv/2025-06-17/2026-06-17/960 HTTP/1.1" 200 None
2026-06-17 13:56:37,672 DEBUG    urllib3.connectionpool: https://api.openalex.org:443 "GET /works?search=DNA+aptamer+SELEX&per-page=100&cursor=Ils4LjI3Nzk5MiwgMTE1MjY2MjQwMDAwMCwgJ2h0dHBzOi8vb3BlbmFsZXgub3JnL1cyMDkzMDA3MDQ0J10i&select=id%2Cdoi%2Ctitle%2Cabstract_inverted_index%2Copen_access HTTP/1.1" 200 None
2026-06-17 13:56:38,381 DEBUG    urllib3.connectionpool: https://ops.epo.org:443 "GET /3.2/rest-services/published-data/search/biblio?q=txt%3D%22aptamer%22+AND+txt%3D%22Kd%22+AND+txt%3D%22nM%22&Range=226-250 HTTP/1.1" 200 412569
2026-06-17 13:56:38,388 DEBUG    urllib3.connectionpool: https://api.openalex.org:443 "GET /works?search=DNA+aptamer+SELEX&per-page=100&cursor=Ils3LjkyODg3LCAxNTQ2MzAwODAwMDAwLCAnaHR0cHM6Ly9vcGVuYWxleC5vcmcvVzI5NDI4MDM2OTMnXSI%3D&select=id%2Cdoi%2Ctitle%2Cabstract_inverted_index%2Copen_access HTTP/1.1" 200 None
2026-06-17 13:56:38,481 INFO     scripts.data.scraper.adapters.patents_epo: EPOAdapter: 26 records
2026-06-17 13:56:38,484 INFO     __main__: [patents_epo] 26 records in 55.6s
2026-06-17 13:56:38,489 DEBUG    urllib3.connectionpool: Starting new HTTPS connection (1): api.lens.org:443
2026-06-17 13:56:38,792 DEBUG    urllib3.connectionpool: https://api.biorxiv.org:443 "GET /details/biorxiv/2025-06-17/2026-06-17/990 HTTP/1.1" 200 None
2026-06-17 13:56:38,827 INFO     scripts.data.scraper.adapters.pubmed_pmc: PubMed query '("Cell-SELEX"[Title/Abstract] AND "aptamer"[Title/Abstract])' → 85 new PMIDs
2026-06-17 13:56:38,987 DEBUG    urllib3.connectionpool: https://api.openalex.org:443 "GET /works?search=DNA+aptamer+SELEX&per-page=100&cursor=Ils3LjU2MzA4NywgMTc3MTk3NzYwMDAwMCwgJ2h0dHBzOi8vb3BlbmFsZXgub3JnL1c3MTU0OTYwNjk5J10i&select=id%2Cdoi%2Ctitle%2Cabstract_inverted_index%2Copen_access HTTP/1.1" 200 None
2026-06-17 13:56:39,460 DEBUG    urllib3.connectionpool: https://api.semanticscholar.org:443 "GET /graph/v1/paper/search?query=ssDNA+aptamer+dissociation+constant+Kd&fields=paperId%2Ctitle%2Cabstract%2Cyear%2CexternalIds%2CopenAccessPdf&offset=0&limit=100 HTTP/1.1" 429 174
2026-06-17 13:56:39,460 WARNING  scripts.data.scraper.adapters.base: semantic_scholar rate-limited (429); sleeping 5s
2026-06-17 13:56:39,628 DEBUG    urllib3.connectionpool: https://api.lens.org:443 "POST /scholarly/search HTTP/1.1" 200 None
2026-06-17 13:56:39,749 DEBUG    urllib3.connectionpool: https://api.openalex.org:443 "GET /works?search=DNA+aptamer+SELEX&per-page=100&cursor=Ils3LjE1ODE0NjQsIDE2ODk4OTc2MDAwMDAsICdodHRwczovL29wZW5hbGV4Lm9yZy9XNDM4NTA3MDM5MCddIg%3D%3D&select=id%2Cdoi%2Ctitle%2Cabstract_inverted_index%2Copen_access HTTP/1.1" 200 None
2026-06-17 13:56:40,184 DEBUG    urllib3.connectionpool: https://api.biorxiv.org:443 "GET /details/biorxiv/2025-06-17/2026-06-17/1020 HTTP/1.1" 200 None
2026-06-17 13:56:40,696 DEBUG    urllib3.connectionpool: https://api.openalex.org:443 "GET /works?search=DNA+aptamer+SELEX&per-page=100&cursor=Ils2Ljc1MDgzMTYsIDE2NDc5OTM2MDAwMDAsICdodHRwczovL29wZW5hbGV4Lm9yZy9XNDIyMTAyNjAwNSddIg%3D%3D&select=id%2Cdoi%2Ctitle%2Cabstract_inverted_index%2Copen_access HTTP/1.1" 200 None
2026-06-17 13:56:41,223 DEBUG    urllib3.connectionpool: https://api.lens.org:443 "POST /patent/search HTTP/1.1" 200 None
2026-06-17 13:56:41,629 DEBUG    urllib3.connectionpool: https://api.openalex.org:443 "GET /works?search=DNA+aptamer+SELEX&per-page=100&cursor=Ils2LjI4ODA4NCwgMTE1OTc0NzIwMDAwMCwgJ2h0dHBzOi8vb3BlbmFsZXgub3JnL1cyNjAwMDA2NjgzJ10i&select=id%2Cdoi%2Ctitle%2Cabstract_inverted_index%2Copen_access HTTP/1.1" 200 None
2026-06-17 13:56:42,258 DEBUG    urllib3.connectionpool: https://api.biorxiv.org:443 "GET /details/biorxiv/2025-06-17/2026-06-17/1050 HTTP/1.1" 200 None
2026-06-17 13:56:42,353 DEBUG    urllib3.connectionpool: https://api.openalex.org:443 "GET /works?search=DNA+aptamer+SELEX&per-page=100&cursor=Ils1Ljc3MTg0NTMsIDEwNDEzNzkyMDAwMDAsICdodHRwczovL29wZW5hbGV4Lm9yZy9XMzAyNDk2MjkyJ10i&select=id%2Cdoi%2Ctitle%2Cabstract_inverted_index%2Copen_access HTTP/1.1" 200 None
2026-06-17 13:56:42,984 DEBUG    urllib3.connectionpool: https://api.lens.org:443 "POST /patent/search HTTP/1.1" 429 None
2026-06-17 13:56:42,997 WARNING  scripts.data.scraper.adapters.base: patents_wipo rate-limited (429); sleeping 5s
2026-06-17 13:56:43,408 DEBUG    urllib3.connectionpool: https://api.openalex.org:443 "GET /works?search=DNA+aptamer+SELEX&per-page=100&cursor=Ils1LjIxOTQxNCwgMTQ5MTM1MDQwMDAwMCwgJ2h0dHBzOi8vb3BlbmFsZXgub3JnL1cyNjA0MTU5NDU1J10i&select=id%2Cdoi%2Ctitle%2Cabstract_inverted_index%2Copen_access HTTP/1.1" 200 None
2026-06-17 13:56:43,935 DEBUG    urllib3.connectionpool: https://api.biorxiv.org:443 "GET /details/biorxiv/2025-06-17/2026-06-17/1080 HTTP/1.1" 200 None
2026-06-17 13:56:44,337 DEBUG    urllib3.connectionpool: https://api.openalex.org:443 "GET /works?search=DNA+aptamer+SELEX&per-page=100&cursor=Ils0LjY5ODYwNDYsIDE2NTg4ODAwMDAwMDAsICdodHRwczovL29wZW5hbGV4Lm9yZy9XNDI4ODQzODExMyddIg%3D%3D&select=id%2Cdoi%2Ctitle%2Cabstract_inverted_index%2Copen_access HTTP/1.1" 200 None
2026-06-17 13:56:45,076 DEBUG    urllib3.connectionpool: https://api.openalex.org:443 "GET /works?search=DNA+aptamer+SELEX&per-page=100&cursor=Ils0LjEyODcyMSwgMTI4OTUyMDAwMDAwMCwgJ2h0dHBzOi8vb3BlbmFsZXgub3JnL1czMTkwMDIzOCddIg%3D%3D&select=id%2Cdoi%2Ctitle%2Cabstract_inverted_index%2Copen_access HTTP/1.1" 200 None
2026-06-17 13:56:45,208 INFO     scripts.data.scraper.adapters.pubmed_pmc: PubMed query '("Microfluidic SELEX"[Title/Abstract])' → 17 new PMIDs
2026-06-17 13:56:45,420 DEBUG    urllib3.connectionpool: https://api.lens.org:443 "POST /scholarly/search HTTP/1.1" 200 None
2026-06-17 13:56:45,739 DEBUG    urllib3.connectionpool: https://api.openalex.org:443 "GET /works?search=DNA+aptamer+SELEX&per-page=100&cursor=IlszLjUwMDE5MTUsIDEzMTAwODMyMDAwMDAsICdodHRwczovL29wZW5hbGV4Lm9yZy9XMjI2ODkxNTA0OSddIg%3D%3D&select=id%2Cdoi%2Ctitle%2Cabstract_inverted_index%2Copen_access HTTP/1.1" 200 None
2026-06-17 13:56:45,814 DEBUG    urllib3.connectionpool: https://api.semanticscholar.org:443 "GET /graph/v1/paper/search?query=ssDNA+aptamer+dissociation+constant+Kd&fields=paperId%2Ctitle%2Cabstract%2Cyear%2CexternalIds%2CopenAccessPdf&offset=0&limit=100 HTTP/1.1" 200 219240
2026-06-17 13:56:45,987 DEBUG    urllib3.connectionpool: https://api.biorxiv.org:443 "GET /details/biorxiv/2025-06-17/2026-06-17/1110 HTTP/1.1" 200 None
2026-06-17 13:56:46,533 DEBUG    urllib3.connectionpool: https://api.openalex.org:443 "GET /works?search=DNA+aptamer+SELEX&per-page=100&cursor=IlsyLjk0Mzc0NCwgMTcwNzc4MjQwMDAwMCwgJ2h0dHBzOi8vb3BlbmFsZXgub3JnL1c0MzkxNzc1NzI2J10i&select=id%2Cdoi%2Ctitle%2Cabstract_inverted_index%2Copen_access HTTP/1.1" 200 None
2026-06-17 13:56:47,324 INFO     scripts.data.scraper.adapters.pubmed_pmc: PubMed query '("aptamer"[Title/Abstract] AND "SPR"[Title/Abstract] AND "bi' → 118 new PMIDs
2026-06-17 13:56:47,344 DEBUG    urllib3.connectionpool: https://api.biorxiv.org:443 "GET /details/biorxiv/2025-06-17/2026-06-17/1140 HTTP/1.1" 200 None
2026-06-17 13:56:47,485 DEBUG    urllib3.connectionpool: https://api.openalex.org:443 "GET /works?search=DNA+aptamer+SELEX&per-page=100&cursor=IlsyLjM3NTkyMzYsIDE1Nzc4MzY4MDAwMDAsICdodHRwczovL29wZW5hbGV4Lm9yZy9XNDM2NDM3ODE0MCddIg%3D%3D&select=id%2Cdoi%2Ctitle%2Cabstract_inverted_index%2Copen_access HTTP/1.1" 200 None
2026-06-17 13:56:47,561 DEBUG    urllib3.connectionpool: https://api.semanticscholar.org:443 "GET /graph/v1/paper/search?query=ssDNA+aptamer+dissociation+constant+Kd&fields=paperId%2Ctitle%2Cabstract%2Cyear%2CexternalIds%2CopenAccessPdf&offset=100&limit=100 HTTP/1.1" 429 174
2026-06-17 13:56:47,562 WARNING  scripts.data.scraper.adapters.base: semantic_scholar rate-limited (429); sleeping 5s
2026-06-17 13:56:48,267 DEBUG    urllib3.connectionpool: https://api.openalex.org:443 "GET /works?search=DNA+aptamer+SELEX&per-page=100&cursor=IlsxLjkzMzAzOTksIDE1MzE3ODU2MDAwMDAsICdodHRwczovL29wZW5hbGV4Lm9yZy9XMjkwMDc5MjY3OCddIg%3D%3D&select=id%2Cdoi%2Ctitle%2Cabstract_inverted_index%2Copen_access HTTP/1.1" 200 None
2026-06-17 13:56:48,546 DEBUG    urllib3.connectionpool: https://api.lens.org:443 "POST /patent/search HTTP/1.1" 200 None
2026-06-17 13:56:48,621 DEBUG    urllib3.connectionpool: https://api.biorxiv.org:443 "GET /details/biorxiv/2025-06-17/2026-06-17/1170 HTTP/1.1" 200 None
2026-06-17 13:56:49,107 DEBUG    urllib3.connectionpool: https://api.openalex.org:443 "GET /works?search=DNA+aptamer+SELEX&per-page=100&cursor=IlsxLjYwNDk4NTIsIDE0MjAwNzA0MDAwMDAsICdodHRwczovL29wZW5hbGV4Lm9yZy9XMTUwNTE2ODIxMSddIg%3D%3D&select=id%2Cdoi%2Ctitle%2Cabstract_inverted_index%2Copen_access HTTP/1.1" 200 None
2026-06-17 13:56:50,186 DEBUG    urllib3.connectionpool: https://api.openalex.org:443 "GET /works?search=DNA+aptamer+SELEX&per-page=100&cursor=IlsxLjQyMDE4ODQsIDE1MzA0MDMyMDAwMDAsICdodHRwczovL29wZW5hbGV4Lm9yZy9XMzIwMzczOTI2MSddIg%3D%3D&select=id%2Cdoi%2Ctitle%2Cabstract_inverted_index%2Copen_access HTTP/1.1" 200 None
2026-06-17 13:56:50,186 DEBUG    urllib3.connectionpool: https://api.biorxiv.org:443 "GET /details/biorxiv/2025-06-17/2026-06-17/1200 HTTP/1.1" 200 None
2026-06-17 13:56:50,685 DEBUG    urllib3.connectionpool: https://api.openalex.org:443 "GET /works?search=DNA+aptamer+SELEX&per-page=100&cursor=IlsxLjMxMjI3NDksIDE2MDY2OTQ0MDAwMDAsICdodHRwczovL29wZW5hbGV4Lm9yZy9XNDIzOTY1NjUzNSddIg%3D%3D&select=id%2Cdoi%2Ctitle%2Cabstract_inverted_index%2Copen_access HTTP/1.1" 200 None
2026-06-17 13:56:50,789 DEBUG    urllib3.connectionpool: https://api.lens.org:443 "POST /scholarly/search HTTP/1.1" 200 None
2026-06-17 13:56:51,236 DEBUG    urllib3.connectionpool: https://api.openalex.org:443 "GET /works?search=DNA+aptamer+SELEX&per-page=100&cursor=IlsxLjE2NDI2MDQsIDEzOTc3NzkyMDAwMDAsICdodHRwczovL29wZW5hbGV4Lm9yZy9XNDI0NDM5MzkxNSddIg%3D%3D&select=id%2Cdoi%2Ctitle%2Cabstract_inverted_index%2Copen_access HTTP/1.1" 200 None
2026-06-17 13:56:51,554 DEBUG    urllib3.connectionpool: https://api.biorxiv.org:443 "GET /details/biorxiv/2025-06-17/2026-06-17/1230 HTTP/1.1" 200 None
2026-06-17 13:56:51,955 DEBUG    urllib3.connectionpool: https://api.lens.org:443 "POST /patent/search HTTP/1.1" 200 None
2026-06-17 13:56:52,013 DEBUG    urllib3.connectionpool: https://api.openalex.org:443 "GET /works?search=DNA+aptamer+SELEX&per-page=100&cursor=IlsxLjAzMjk0NCwgMTM0MDA2NDAwMDAwMCwgJ2h0dHBzOi8vb3BlbmFsZXgub3JnL1cyNjE2Njk4NzU1J10i&select=id%2Cdoi%2Ctitle%2Cabstract_inverted_index%2Copen_access HTTP/1.1" 200 None
2026-06-17 13:56:52,739 DEBUG    urllib3.connectionpool: https://api.semanticscholar.org:443 "GET /graph/v1/paper/search?query=ssDNA+aptamer+dissociation+constant+Kd&fields=paperId%2Ctitle%2Cabstract%2Cyear%2CexternalIds%2CopenAccessPdf&offset=100&limit=100 HTTP/1.1" 429 174
2026-06-17 13:56:52,752 WARNING  scripts.data.scraper.adapters.base: semantic_scholar rate-limited (429); sleeping 15s
2026-06-17 13:56:52,829 DEBUG    urllib3.connectionpool: https://api.openalex.org:443 "GET /works?search=DNA+aptamer+SELEX&per-page=100&cursor=IlswLjg3NDMyMzEsIDg4MzYxMjgwMDAwMCwgJ2h0dHBzOi8vb3BlbmFsZXgub3JnL1cyMjM4MjE3NzcwJ10i&select=id%2Cdoi%2Ctitle%2Cabstract_inverted_index%2Copen_access HTTP/1.1" 200 None
2026-06-17 13:56:52,877 DEBUG    urllib3.connectionpool: https://api.lens.org:443 "POST /patent/search HTTP/1.1" 429 None
2026-06-17 13:56:52,884 WARNING  scripts.data.scraper.adapters.base: patents_wipo rate-limited (429); sleeping 5s
2026-06-17 13:56:52,969 DEBUG    urllib3.connectionpool: https://api.biorxiv.org:443 "GET /details/biorxiv/2025-06-17/2026-06-17/1260 HTTP/1.1" 200 None
2026-06-17 13:56:53,535 DEBUG    urllib3.connectionpool: https://api.openalex.org:443 "GET /works?search=DNA+aptamer+SELEX&per-page=100&cursor=IlswLjU5MTIwODA0LCAxNjM5NjEyODAwMDAwLCAnaHR0cHM6Ly9vcGVuYWxleC5vcmcvVzQyMDA0MzcwMzQnXSI%3D&select=id%2Cdoi%2Ctitle%2Cabstract_inverted_index%2Copen_access HTTP/1.1" 200 None
2026-06-17 13:56:54,111 DEBUG    urllib3.connectionpool: https://api.openalex.org:443 "GET /works?search=aptamer+binding+affinity+dissociation+constant&per-page=100&cursor=%2A&select=id%2Cdoi%2Ctitle%2Cabstract_inverted_index%2Copen_access HTTP/1.1" 200 None
2026-06-17 13:56:54,822 DEBUG    urllib3.connectionpool: https://api.openalex.org:443 "GET /works?search=aptamer+binding+affinity+dissociation+constant&per-page=100&cursor=IlszMDQuNDI1MjMsIDg4NjI5MTIwMDAwMCwgJ2h0dHBzOi8vb3BlbmFsZXgub3JnL1cyMDUyMjE1OTQ2J10i&select=id%2Cdoi%2Ctitle%2Cabstract_inverted_index%2Copen_access HTTP/1.1" 200 None
2026-06-17 13:56:54,908 DEBUG    urllib3.connectionpool: https://api.biorxiv.org:443 "GET /details/biorxiv/2025-06-17/2026-06-17/1290 HTTP/1.1" 200 None
2026-06-17 13:56:55,498 DEBUG    urllib3.connectionpool: https://api.openalex.org:443 "GET /works?search=aptamer+binding+affinity+dissociation+constant&per-page=100&cursor=IlsyMzAuMTM3MzksIDE0MzY4MzIwMDAwMDAsICdodHRwczovL29wZW5hbGV4Lm9yZy9XMTc4ODcwOTU0OSddIg%3D%3D&select=id%2Cdoi%2Ctitle%2Cabstract_inverted_index%2Copen_access HTTP/1.1" 200 None
2026-06-17 13:56:55,983 INFO     scripts.data.scraper.adapters.pubmed_pmc: PubMed query '("aptamer"[Title/Abstract] AND "ITC"[Title/Abstract])' → 64 new PMIDs
2026-06-17 13:56:56,280 DEBUG    urllib3.connectionpool: https://api.openalex.org:443 "GET /works?search=aptamer+binding+affinity+dissociation+constant&per-page=100&cursor=IlsyMDAuNzQ1MjcsIDE1NzY2MjcyMDAwMDAsICdodHRwczovL29wZW5hbGV4Lm9yZy9XMjk5ODUxMjY5NiddIg%3D%3D&select=id%2Cdoi%2Ctitle%2Cabstract_inverted_index%2Copen_access HTTP/1.1" 200 None
2026-06-17 13:56:56,395 DEBUG    urllib3.connectionpool: https://api.biorxiv.org:443 "GET /details/biorxiv/2025-06-17/2026-06-17/1320 HTTP/1.1" 200 None
2026-06-17 13:56:56,978 DEBUG    urllib3.connectionpool: https://api.openalex.org:443 "GET /works?search=aptamer+binding+affinity+dissociation+constant&per-page=100&cursor=IlsxNzcuNDIxNjgsIDE0NTM2ODAwMDAwMDAsICdodHRwczovL29wZW5hbGV4Lm9yZy9XMjMyOTM4MjE1NiddIg%3D%3D&select=id%2Cdoi%2Ctitle%2Cabstract_inverted_index%2Copen_access HTTP/1.1" 200 None
2026-06-17 13:56:57,062 DEBUG    urllib3.connectionpool: https://api.lens.org:443 "POST /patent/search HTTP/1.1" 200 None
2026-06-17 13:56:57,782 DEBUG    urllib3.connectionpool: https://api.openalex.org:443 "GET /works?search=aptamer+binding+affinity+dissociation+constant&per-page=100&cursor=IlsxNTkuNjMzOSwgMTU2NzI5NjAwMDAwMCwgJ2h0dHBzOi8vb3BlbmFsZXgub3JnL1cyOTcwNzQxMTI3J10i&select=id%2Cdoi%2Ctitle%2Cabstract_inverted_index%2Copen_access HTTP/1.1" 200 None
2026-06-17 13:56:57,977 DEBUG    urllib3.connectionpool: https://api.biorxiv.org:443 "GET /details/biorxiv/2025-06-17/2026-06-17/1350 HTTP/1.1" 200 None
2026-06-17 13:56:58,018 DEBUG    urllib3.connectionpool: https://api.lens.org:443 "POST /patent/search HTTP/1.1" 429 None
2026-06-17 13:56:58,025 WARNING  scripts.data.scraper.adapters.base: patents_wipo rate-limited (429); sleeping 15s
2026-06-17 13:56:58,813 DEBUG    urllib3.connectionpool: https://api.openalex.org:443 "GET /works?search=aptamer+binding+affinity+dissociation+constant&per-page=100&cursor=IlsxNDIuMjU3MTQsIDEzNTU4NzUyMDAwMDAsICdodHRwczovL29wZW5hbGV4Lm9yZy9XMjAwNzU4MDI5NiddIg%3D%3D&select=id%2Cdoi%2Ctitle%2Cabstract_inverted_index%2Copen_access HTTP/1.1" 200 None
2026-06-17 13:56:59,378 DEBUG    urllib3.connectionpool: https://api.openalex.org:443 "GET /works?search=aptamer+binding+affinity+dissociation+constant&per-page=100&cursor=IlsxMzAuNDYxMSwgMTYxMzE3NDQwMDAwMCwgJ2h0dHBzOi8vb3BlbmFsZXgub3JnL1czMTI5MzQ1MzM3J10i&select=id%2Cdoi%2Ctitle%2Cabstract_inverted_index%2Copen_access HTTP/1.1" 200 None
2026-06-17 13:56:59,574 DEBUG    urllib3.connectionpool: https://api.biorxiv.org:443 "GET /details/biorxiv/2025-06-17/2026-06-17/1380 HTTP/1.1" 200 None
2026-06-17 13:57:00,071 DEBUG    urllib3.connectionpool: https://api.openalex.org:443 "GET /works?search=aptamer+binding+affinity+dissociation+constant&per-page=100&cursor=IlsxMjEuMDczMDcsIDE2NTQwNDE2MDAwMDAsICdodHRwczovL29wZW5hbGV4Lm9yZy9XNDI4MjkxNTE2OCddIg%3D%3D&select=id%2Cdoi%2Ctitle%2Cabstract_inverted_index%2Copen_access HTTP/1.1" 200 None
2026-06-17 13:57:00,792 DEBUG    urllib3.connectionpool: https://api.openalex.org:443 "GET /works?search=aptamer+binding+affinity+dissociation+constant&per-page=100&cursor=IlsxMDkuNzM4MjQsIDE0NTcxMzYwMDAwMDAsICdodHRwczovL29wZW5hbGV4Lm9yZy9XMjI5MDkwMDQ3OSddIg%3D%3D&select=id%2Cdoi%2Ctitle%2Cabstract_inverted_index%2Copen_access HTTP/1.1" 200 None
2026-06-17 13:57:00,903 DEBUG    urllib3.connectionpool: https://api.biorxiv.org:443 "GET /details/biorxiv/2025-06-17/2026-06-17/1410 HTTP/1.1" 200 None
2026-06-17 13:57:00,947 INFO     scripts.data.scraper.adapters.pubmed_pmc: PubMed query '("aptamer"[Title/Abstract] AND "EMSA"[Title/Abstract])' → 21 new PMIDs
2026-06-17 13:57:01,652 DEBUG    urllib3.connectionpool: https://api.openalex.org:443 "GET /works?search=aptamer+binding+affinity+dissociation+constant&per-page=100&cursor=Ils5OS44ODY0OCwgMTY3NDAwMDAwMDAwMCwgJ2h0dHBzOi8vb3BlbmFsZXgub3JnL1c0MzE3NTA4Nzg2J10i&select=id%2Cdoi%2Ctitle%2Cabstract_inverted_index%2Copen_access HTTP/1.1" 200 None
2026-06-17 13:57:02,219 DEBUG    urllib3.connectionpool: https://api.openalex.org:443 "GET /works?search=aptamer+binding+affinity+dissociation+constant&per-page=100&cursor=Ils5MS4zMzY0MjYsIDE1ODM3MTIwMDAwMDAsICdodHRwczovL29wZW5hbGV4Lm9yZy9XMzAxMDIxMDM0NyddIg%3D%3D&select=id%2Cdoi%2Ctitle%2Cabstract_inverted_index%2Copen_access HTTP/1.1" 200 None
2026-06-17 13:57:02,239 DEBUG    urllib3.connectionpool: https://api.biorxiv.org:443 "GET /details/biorxiv/2025-06-17/2026-06-17/1440 HTTP/1.1" 200 None
2026-06-17 13:57:02,938 DEBUG    urllib3.connectionpool: https://api.openalex.org:443 "GET /works?search=aptamer+binding+affinity+dissociation+constant&per-page=100&cursor=Ils4NC44MTUyMTYsIDE3MDEzMDI0MDAwMDAsICdodHRwczovL29wZW5hbGV4Lm9yZy9XNDM4OTIwNTA4NCddIg%3D%3D&select=id%2Cdoi%2Ctitle%2Cabstract_inverted_index%2Copen_access HTTP/1.1" 200 None
2026-06-17 13:57:03,224 INFO     scripts.data.scraper.adapters.pubmed_pmc: PubMed query '("systematic evolution of ligands"[Title/Abstract])' → 78 new PMIDs
2026-06-17 13:57:03,569 DEBUG    urllib3.connectionpool: https://api.openalex.org:443 "GET /works?search=aptamer+binding+affinity+dissociation+constant&per-page=100&cursor=Ils3OS4yNDAyNywgMTY5ODg4MzIwMDAwMCwgJ2h0dHBzOi8vb3BlbmFsZXgub3JnL1c0Mzg4MjIwNTE5J10i&select=id%2Cdoi%2Ctitle%2Cabstract_inverted_index%2Copen_access HTTP/1.1" 200 None
2026-06-17 13:57:04,061 DEBUG    urllib3.connectionpool: https://api.biorxiv.org:443 "GET /details/biorxiv/2025-06-17/2026-06-17/1470 HTTP/1.1" 200 None
2026-06-17 13:57:04,374 DEBUG    urllib3.connectionpool: https://api.openalex.org:443 "GET /works?search=aptamer+binding+affinity+dissociation+constant&per-page=100&cursor=Ils3NC4xNzUyMjQsIDE2Njk0MjA4MDAwMDAsICdodHRwczovL29wZW5hbGV4Lm9yZy9XNDMxMDE3NzczNSddIg%3D%3D&select=id%2Cdoi%2Ctitle%2Cabstract_inverted_index%2Copen_access HTTP/1.1" 200 None
2026-06-17 13:57:05,320 DEBUG    urllib3.connectionpool: https://api.openalex.org:443 "GET /works?search=aptamer+binding+affinity+dissociation+constant&per-page=100&cursor=Ils2OC4zNjgxNywgMTU3NjU0MDgwMDAwMCwgJ2h0dHBzOi8vb3BlbmFsZXgub3JnL1cyOTk2NzI0NDI0J10i&select=id%2Cdoi%2Ctitle%2Cabstract_inverted_index%2Copen_access HTTP/1.1" 200 None
2026-06-17 13:57:05,521 DEBUG    urllib3.connectionpool: https://api.biorxiv.org:443 "GET /details/biorxiv/2025-06-17/2026-06-17/1500 HTTP/1.1" 200 None
2026-06-17 13:57:05,856 DEBUG    urllib3.connectionpool: https://api.lens.org:443 "POST /patent/search HTTP/1.1" 200 None
2026-06-17 13:57:06,372 DEBUG    urllib3.connectionpool: https://api.openalex.org:443 "GET /works?search=aptamer+binding+affinity+dissociation+constant&per-page=100&cursor=Ils2NC4zMDYyLCAxMzU2OTk4NDAwMDAwLCAnaHR0cHM6Ly9vcGVuYWxleC5vcmcvVzI1NzY2MTc3NjInXSI%3D&select=id%2Cdoi%2Ctitle%2Cabstract_inverted_index%2Copen_access HTTP/1.1" 200 None
2026-06-17 13:57:06,912 INFO     scripts.data.scraper.adapters.lens: LensAdapter: 74 records
2026-06-17 13:57:06,918 INFO     __main__: [lens] 74 records in 28.4s
2026-06-17 13:57:07,156 DEBUG    urllib3.connectionpool: https://api.biorxiv.org:443 "GET /details/biorxiv/2025-06-17/2026-06-17/1530 HTTP/1.1" 200 None
2026-06-17 13:57:07,282 DEBUG    urllib3.connectionpool: https://api.openalex.org:443 "GET /works?search=aptamer+binding+affinity+dissociation+constant&per-page=100&cursor=Ils1OS44ODY2MywgMTczNTY4OTYwMDAwMCwgJ2h0dHBzOi8vb3BlbmFsZXgub3JnL1c0NDA4MTQ0NTE5J10i&select=id%2Cdoi%2Ctitle%2Cabstract_inverted_index%2Copen_access HTTP/1.1" 200 None
2026-06-17 13:57:07,986 DEBUG    urllib3.connectionpool: https://api.semanticscholar.org:443 "GET /graph/v1/paper/search?query=ssDNA+aptamer+dissociation+constant+Kd&fields=paperId%2Ctitle%2Cabstract%2Cyear%2CexternalIds%2CopenAccessPdf&offset=100&limit=100 HTTP/1.1" 429 174
2026-06-17 13:57:07,987 WARNING  scripts.data.scraper.adapters.base: semantic_scholar rate-limited (429); sleeping 30s
2026-06-17 13:57:08,023 DEBUG    urllib3.connectionpool: Starting new HTTPS connection (1): patents.google.com:443
2026-06-17 13:57:08,219 DEBUG    urllib3.connectionpool: https://api.openalex.org:443 "GET /works?search=aptamer+binding+affinity+dissociation+constant&per-page=100&cursor=Ils1Ni4wOTk0NTcsIDE3MzY4OTkyMDAwMDAsICdodHRwczovL29wZW5hbGV4Lm9yZy9XNDQwNjM4NTYzMyddIg%3D%3D&select=id%2Cdoi%2Ctitle%2Cabstract_inverted_index%2Copen_access HTTP/1.1" 200 None
2026-06-17 13:57:09,001 DEBUG    urllib3.connectionpool: https://api.biorxiv.org:443 "GET /details/biorxiv/2025-06-17/2026-06-17/1560 HTTP/1.1" 200 None
2026-06-17 13:57:09,003 DEBUG    urllib3.connectionpool: https://api.openalex.org:443 "GET /works?search=aptamer+binding+affinity+dissociation+constant&per-page=100&cursor=Ils1Mi41MjU5NTUsIDE2MDQ0NDgwMDAwMDAsICdodHRwczovL29wZW5hbGV4Lm9yZy9XNDI5OTk2MDY0NiddIg%3D%3D&select=id%2Cdoi%2Ctitle%2Cabstract_inverted_index%2Copen_access HTTP/1.1" 200 None
2026-06-17 13:57:09,197 DEBUG    urllib3.connectionpool: https://patents.google.com:443 "GET /xhr/query?url=q%3DDNA%2520aptamer%2520SELEX%2520binding%2520protein%26num%3D10%26start%3D0&exp= HTTP/1.1" 200 None
2026-06-17 13:57:09,199 INFO     scripts.data.scraper.adapters.pubmed_pmc: PubMed query '("in vitro selection"[Title/Abstract] AND "oligonucleotide"[' → 128 new PMIDs
2026-06-17 13:57:09,504 DEBUG    urllib3.connectionpool: https://api.openalex.org:443 "GET /works?search=aptamer+binding+affinity+dissociation+constant&per-page=100&cursor=Ils0OS4yMzMyMzQsIDE0NTE2MDY0MDAwMDAsICdodHRwczovL29wZW5hbGV4Lm9yZy9XMjUwNzY3NTkxMCddIg%3D%3D&select=id%2Cdoi%2Ctitle%2Cabstract_inverted_index%2Copen_access HTTP/1.1" 200 None
2026-06-17 13:57:10,214 DEBUG    urllib3.connectionpool: https://api.openalex.org:443 "GET /works?search=aptamer+binding+affinity+dissociation+constant&per-page=100&cursor=Ils0Ni4zMDI0NiwgMTM4ODUzNDQwMDAwMCwgJ2h0dHBzOi8vb3BlbmFsZXgub3JnL1czMTYzMzcyMzg5J10i&select=id%2Cdoi%2Ctitle%2Cabstract_inverted_index%2Copen_access HTTP/1.1" 200 None
2026-06-17 13:57:11,087 DEBUG    urllib3.connectionpool: https://api.biorxiv.org:443 "GET /details/biorxiv/2025-06-17/2026-06-17/1590 HTTP/1.1" 200 None
2026-06-17 13:57:11,155 DEBUG    urllib3.connectionpool: https://api.openalex.org:443 "GET /works?search=aptamer+binding+affinity+dissociation+constant&per-page=100&cursor=Ils0My41MjU3OTUsIDEyODIxNzYwMDAwMDAsICdodHRwczovL29wZW5hbGV4Lm9yZy9XMjAxNjg0MTA3OCddIg%3D%3D&select=id%2Cdoi%2Ctitle%2Cabstract_inverted_index%2Copen_access HTTP/1.1" 200 None
2026-06-17 13:57:11,973 DEBUG    urllib3.connectionpool: https://api.openalex.org:443 "GET /works?search=aptamer+binding+affinity+dissociation+constant&per-page=100&cursor=Ils0MS4yMjc5OCwgMTY4NzM5MjAwMDAwMCwgJ2h0dHBzOi8vb3BlbmFsZXgub3JnL1c0MzgxNjEyNjIzJ10i&select=id%2Cdoi%2Ctitle%2Cabstract_inverted_index%2Copen_access HTTP/1.1" 200 None
2026-06-17 13:57:12,375 DEBUG    urllib3.connectionpool: https://api.biorxiv.org:443 "GET /details/biorxiv/2025-06-17/2026-06-17/1620 HTTP/1.1" 200 None
2026-06-17 13:57:12,753 DEBUG    urllib3.connectionpool: https://api.openalex.org:443 "GET /works?search=aptamer+binding+affinity+dissociation+constant&per-page=100&cursor=IlszOS4xMzg1OSwgMTUzMjM5MDQwMDAwMCwgJ2h0dHBzOi8vb3BlbmFsZXgub3JnL1cyODgzNDIzNTE0J10i&select=id%2Cdoi%2Ctitle%2Cabstract_inverted_index%2Copen_access HTTP/1.1" 200 None
2026-06-17 13:57:13,315 DEBUG    urllib3.connectionpool: https://patents.google.com:443 "GET /patent/KR101200553B1 HTTP/1.1" 200 None
2026-06-17 13:57:13,796 DEBUG    urllib3.connectionpool: https://api.lens.org:443 "POST /patent/search HTTP/1.1" 200 None
2026-06-17 13:57:14,227 DEBUG    urllib3.connectionpool: https://api.biorxiv.org:443 "GET /details/biorxiv/2025-06-17/2026-06-17/1650 HTTP/1.1" 200 None
2026-06-17 13:57:14,323 DEBUG    urllib3.connectionpool: https://api.openalex.org:443 "GET /works?search=aptamer+binding+affinity+dissociation+constant&per-page=100&cursor=IlszNy4wNzgzNzMsIDE3MzE3MTUyMDAwMDAsICdodHRwczovL29wZW5hbGV4Lm9yZy9XNDQwNDQzNTExOSddIg%3D%3D&select=id%2Cdoi%2Ctitle%2Cabstract_inverted_index%2Copen_access HTTP/1.1" 200 None
2026-06-17 13:57:15,383 DEBUG    urllib3.connectionpool: https://api.openalex.org:443 "GET /works?search=aptamer+binding+affinity+dissociation+constant&per-page=100&cursor=IlszNS4yMDE4MjQsIDE0MjAwNzA0MDAwMDAsICdodHRwczovL29wZW5hbGV4Lm9yZy9XMjEyNTc4Mzg0NCddIg%3D%3D&select=id%2Cdoi%2Ctitle%2Cabstract_inverted_index%2Copen_access HTTP/1.1" 200 None
2026-06-17 13:57:15,622 DEBUG    urllib3.connectionpool: https://api.biorxiv.org:443 "GET /details/biorxiv/2025-06-17/2026-06-17/1680 HTTP/1.1" 200 None
2026-06-17 13:57:15,676 DEBUG    urllib3.connectionpool: https://api.lens.org:443 "POST /patent/search HTTP/1.1" 200 None
2026-06-17 13:57:16,099 DEBUG    urllib3.connectionpool: https://api.openalex.org:443 "GET /works?search=aptamer+binding+affinity+dissociation+constant&per-page=100&cursor=IlszMy41MTY1MTgsIDE3MTI1MzQ0MDAwMDAsICdodHRwczovL29wZW5hbGV4Lm9yZy9XNDM5NDU2NjYwMyddIg%3D%3D&select=id%2Cdoi%2Ctitle%2Cabstract_inverted_index%2Copen_access HTTP/1.1" 200 None
2026-06-17 13:57:16,969 DEBUG    urllib3.connectionpool: https://api.openalex.org:443 "GET /works?search=aptamer+binding+affinity+dissociation+constant&per-page=100&cursor=IlszMi4yMzAxOTQsIDE1NDgxMTUyMDAwMDAsICdodHRwczovL29wZW5hbGV4Lm9yZy9XMjkxMjM0NzA4OCddIg%3D%3D&select=id%2Cdoi%2Ctitle%2Cabstract_inverted_index%2Copen_access HTTP/1.1" 200 None
2026-06-17 13:57:16,983 DEBUG    urllib3.connectionpool: https://api.biorxiv.org:443 "GET /details/biorxiv/2025-06-17/2026-06-17/1710 HTTP/1.1" 200 None
2026-06-17 13:57:17,597 INFO     scripts.data.scraper.adapters.pubmed_pmc: PubMedPMCAdapter: extracted 64 records
2026-06-17 13:57:17,597 INFO     __main__: [pubmed] 64 records in 96.3s
2026-06-17 13:57:17,630 DEBUG    urllib3.connectionpool: https://api.lens.org:443 "POST /patent/search HTTP/1.1" 429 None
2026-06-17 13:57:17,631 WARNING  scripts.data.scraper.adapters.base: patents_wipo rate-limited (429); sleeping 5s
2026-06-17 13:57:17,680 DEBUG    urllib3.connectionpool: https://api.openalex.org:443 "GET /works?search=aptamer+binding+affinity+dissociation+constant&per-page=100&cursor=IlszMC43NjIyMjIsIDEzMjk2OTYwMDAwMDAsICdodHRwczovL29wZW5hbGV4Lm9yZy9XMjE0MDIwNTY4MSddIg%3D%3D&select=id%2Cdoi%2Ctitle%2Cabstract_inverted_index%2Copen_access HTTP/1.1" 200 None
2026-06-17 13:57:18,150 DEBUG    urllib3.connectionpool: https://patents.google.com:443 "GET /patent/KR101583578B1 HTTP/1.1" 200 None
2026-06-17 13:57:18,323 DEBUG    urllib3.connectionpool: https://api.openalex.org:443 "GET /works?search=aptamer+binding+affinity+dissociation+constant&per-page=100&cursor=IlsyOS4zMzgxMzUsIDE2Njk1MDcyMDAwMDAsICdodHRwczovL29wZW5hbGV4Lm9yZy9XNDMxMDI3ODEzMSddIg%3D%3D&select=id%2Cdoi%2Ctitle%2Cabstract_inverted_index%2Copen_access HTTP/1.1" 200 None
2026-06-17 13:57:18,417 DEBUG    urllib3.connectionpool: https://api.biorxiv.org:443 "GET /details/biorxiv/2025-06-17/2026-06-17/1740 HTTP/1.1" 200 None
2026-06-17 13:57:18,976 DEBUG    urllib3.connectionpool: https://api.openalex.org:443 "GET /works?search=aptamer+binding+affinity+dissociation+constant&per-page=100&cursor=IlsyNy44Njc0NTYsIDg3MzA3MjAwMDAwMCwgJ2h0dHBzOi8vb3BlbmFsZXgub3JnL1cyMTQ1MTM4MjY0J10i&select=id%2Cdoi%2Ctitle%2Cabstract_inverted_index%2Copen_access HTTP/1.1" 200 None
2026-06-17 13:57:19,638 DEBUG    urllib3.connectionpool: https://api.openalex.org:443 "GET /works?search=aptamer+binding+affinity+dissociation+constant&per-page=100&cursor=IlsyNi40ODA0MzYsIDEwNzQyMTEyMDAwMDAsICdodHRwczovL29wZW5hbGV4Lm9yZy9XMjExODI3OTgyMCddIg%3D%3D&select=id%2Cdoi%2Ctitle%2Cabstract_inverted_index%2Copen_access HTTP/1.1" 200 None
2026-06-17 13:57:20,298 DEBUG    urllib3.connectionpool: https://api.openalex.org:443 "GET /works?search=aptamer+binding+affinity+dissociation+constant&per-page=100&cursor=IlsyNS40MjMxMTUsIDE3MTQ5NTM2MDAwMDAsICdodHRwczovL29wZW5hbGV4Lm9yZy9XNDM5NjY2NzE0NCddIg%3D%3D&select=id%2Cdoi%2Ctitle%2Cabstract_inverted_index%2Copen_access HTTP/1.1" 200 None
2026-06-17 13:57:20,379 DEBUG    urllib3.connectionpool: https://api.biorxiv.org:443 "GET /details/biorxiv/2025-06-17/2026-06-17/1770 HTTP/1.1" 200 None
2026-06-17 13:57:21,040 DEBUG    urllib3.connectionpool: https://api.openalex.org:443 "GET /works?search=aptamer+binding+affinity+dissociation+constant&per-page=100&cursor=IlsyNC4xNTQ2MDQsIDE2OTM5NTg0MDAwMDAsICdodHRwczovL29wZW5hbGV4Lm9yZy9XNDM4NjQ3OTcwOSddIg%3D%3D&select=id%2Cdoi%2Ctitle%2Cabstract_inverted_index%2Copen_access HTTP/1.1" 200 None
2026-06-17 13:57:21,686 DEBUG    urllib3.connectionpool: https://api.openalex.org:443 "GET /works?search=aptamer+binding+affinity+dissociation+constant&per-page=100&cursor=IlsyMi44NTExMTIsIDE2OTA2NzUyMDAwMDAsICdodHRwczovL29wZW5hbGV4Lm9yZy9XNDM4NTQyMTAzNiddIg%3D%3D&select=id%2Cdoi%2Ctitle%2Cabstract_inverted_index%2Copen_access HTTP/1.1" 200 None
2026-06-17 13:57:22,257 DEBUG    urllib3.connectionpool: https://api.biorxiv.org:443 "GET /details/biorxiv/2025-06-17/2026-06-17/1800 HTTP/1.1" 200 None
2026-06-17 13:57:22,436 DEBUG    urllib3.connectionpool: https://api.openalex.org:443 "GET /works?search=aptamer+binding+affinity+dissociation+constant&per-page=100&cursor=IlsyMS44NzQwMzEsIDE1Nzg1MjgwMDAwMDAsICdodHRwczovL29wZW5hbGV4Lm9yZy9XMzAzMTg2OTg3NSddIg%3D%3D&select=id%2Cdoi%2Ctitle%2Cabstract_inverted_index%2Copen_access HTTP/1.1" 200 None
2026-06-17 13:57:23,135 DEBUG    urllib3.connectionpool: https://api.lens.org:443 "POST /patent/search HTTP/1.1" 200 None
2026-06-17 13:57:23,150 DEBUG    urllib3.connectionpool: https://api.openalex.org:443 "GET /works?search=aptamer+binding+affinity+dissociation+constant&per-page=100&cursor=IlsyMC44OTc1NjQsIDE2OTcwNjg4MDAwMDAsICdodHRwczovL29wZW5hbGV4Lm9yZy9XNDM4NzU3ODcwNSddIg%3D%3D&select=id%2Cdoi%2Ctitle%2Cabstract_inverted_index%2Copen_access HTTP/1.1" 200 None
2026-06-17 13:57:23,499 DEBUG    urllib3.connectionpool: https://api.biorxiv.org:443 "GET /details/biorxiv/2025-06-17/2026-06-17/1830 HTTP/1.1" 200 None
2026-06-17 13:57:23,744 DEBUG    urllib3.connectionpool: https://api.openalex.org:443 "GET /works?search=aptamer+binding+affinity+dissociation+constant&per-page=100&cursor=IlsxOS45NjA4NTUsIDE2NTExMDQwMDAwMDAsICdodHRwczovL29wZW5hbGV4Lm9yZy9XNDIyNTAxNDgzMCddIg%3D%3D&select=id%2Cdoi%2Ctitle%2Cabstract_inverted_index%2Copen_access HTTP/1.1" 200 None
2026-06-17 13:57:24,029 DEBUG    urllib3.connectionpool: https://patents.google.com:443 "GET /xhr/query?url=q%3DDNA%2520aptamer%2520SELEX%2520binding%2520protein%26num%3D10%26start%3D10&exp= HTTP/1.1" 200 None
2026-06-17 13:57:24,522 DEBUG    urllib3.connectionpool: https://api.openalex.org:443 "GET /works?search=aptamer+binding+affinity+dissociation+constant&per-page=100&cursor=IlsxOS4xMjIyOCwgMTQwNzM2OTYwMDAwMCwgJ2h0dHBzOi8vb3BlbmFsZXgub3JnL1cyMTM4MDkyNDAzJ10i&select=id%2Cdoi%2Ctitle%2Cabstract_inverted_index%2Copen_access HTTP/1.1" 200 None
2026-06-17 13:57:25,278 DEBUG    urllib3.connectionpool: https://api.openalex.org:443 "GET /works?search=aptamer+binding+affinity+dissociation+constant&per-page=100&cursor=IlsxOC4zNDA4ODMsIDE2NTkyMjU2MDAwMDAsICdodHRwczovL29wZW5hbGV4Lm9yZy9XNDI4OTEzMzM1MCddIg%3D%3D&select=id%2Cdoi%2Ctitle%2Cabstract_inverted_index%2Copen_access HTTP/1.1" 200 None
2026-06-17 13:57:25,278 DEBUG    urllib3.connectionpool: https://api.biorxiv.org:443 "GET /details/biorxiv/2025-06-17/2026-06-17/1860 HTTP/1.1" 200 None
2026-06-17 13:57:25,312 DEBUG    urllib3.connectionpool: https://api.lens.org:443 "POST /patent/search HTTP/1.1" 429 None
2026-06-17 13:57:25,312 WARNING  scripts.data.scraper.adapters.base: patents_wipo rate-limited (429); sleeping 5s
2026-06-17 13:57:26,011 DEBUG    urllib3.connectionpool: https://api.openalex.org:443 "GET /works?search=aptamer+binding+affinity+dissociation+constant&per-page=100&cursor=IlsxNy41MjQyNiwgMTY3MjUzMTIwMDAwMCwgJ2h0dHBzOi8vb3BlbmFsZXgub3JnL1c0MzgzNzM4NjE4J10i&select=id%2Cdoi%2Ctitle%2Cabstract_inverted_index%2Copen_access HTTP/1.1" 200 None
2026-06-17 13:57:26,637 DEBUG    urllib3.connectionpool: https://api.biorxiv.org:443 "GET /details/biorxiv/2025-06-17/2026-06-17/1890 HTTP/1.1" 200 None
2026-06-17 13:57:26,682 DEBUG    urllib3.connectionpool: https://api.openalex.org:443 "GET /works?search=aptamer+binding+affinity+dissociation+constant&per-page=100&cursor=IlsxNi45Nzc4MTIsIDE2MzE4MzY4MDAwMDAsICdodHRwczovL29wZW5hbGV4Lm9yZy9XMzIxMjE5NzY4NyddIg%3D%3D&select=id%2Cdoi%2Ctitle%2Cabstract_inverted_index%2Copen_access HTTP/1.1" 200 None
2026-06-17 13:57:27,417 DEBUG    urllib3.connectionpool: https://api.openalex.org:443 "GET /works?search=aptamer+binding+affinity+dissociation+constant&per-page=100&cursor=IlsxNi4zMzQ5MzQsIDE2MjUwMTEyMDAwMDAsICdodHRwczovL29wZW5hbGV4Lm9yZy9XMzE3Njg2MjYxNSddIg%3D%3D&select=id%2Cdoi%2Ctitle%2Cabstract_inverted_index%2Copen_access HTTP/1.1" 200 None
2026-06-17 13:57:28,083 DEBUG    urllib3.connectionpool: https://api.openalex.org:443 "GET /works?search=aptamer+binding+affinity+dissociation+constant&per-page=100&cursor=IlsxNS42NzEyODMsIDE3MzcwNzIwMDAwMDAsICdodHRwczovL29wZW5hbGV4Lm9yZy9XNDQwNjUxMzU5MyddIg%3D%3D&select=id%2Cdoi%2Ctitle%2Cabstract_inverted_index%2Copen_access HTTP/1.1" 200 None
2026-06-17 13:57:28,146 DEBUG    urllib3.connectionpool: https://api.biorxiv.org:443 "GET /details/biorxiv/2025-06-17/2026-06-17/1920 HTTP/1.1" 200 None
2026-06-17 13:57:28,758 DEBUG    urllib3.connectionpool: https://api.openalex.org:443 "GET /works?search=aptamer+binding+affinity+dissociation+constant&per-page=100&cursor=IlsxNC45ODQwNTcsIDE3MzYzODA4MDAwMDAsICdodHRwczovL29wZW5hbGV4Lm9yZy9XNDQwNjIyMDcyMCddIg%3D%3D&select=id%2Cdoi%2Ctitle%2Cabstract_inverted_index%2Copen_access HTTP/1.1" 200 None
2026-06-17 13:57:28,956 DEBUG    urllib3.connectionpool: https://patents.google.com:443 "GET /xhr/query?url=q%3DDNA%2520aptamer%2520SELEX%2520binding%2520protein%26num%3D10%26start%3D20&exp= HTTP/1.1" 200 None
2026-06-17 13:57:29,448 DEBUG    urllib3.connectionpool: https://api.openalex.org:443 "GET /works?search=aptamer+binding+affinity+dissociation+constant&per-page=100&cursor=IlsxNC40ODk4NSwgMTY2Mzk3NzYwMDAwMCwgJ2h0dHBzOi8vb3BlbmFsZXgub3JnL1c0Mjk2OTgyNjc2J10i&select=id%2Cdoi%2Ctitle%2Cabstract_inverted_index%2Copen_access HTTP/1.1" 200 None
2026-06-17 13:57:29,473 DEBUG    urllib3.connectionpool: https://api.biorxiv.org:443 "GET /details/biorxiv/2025-06-17/2026-06-17/1950 HTTP/1.1" 200 None
2026-06-17 13:57:29,952 DEBUG    urllib3.connectionpool: https://api.openalex.org:443 "GET /works?search=aptamer+binding+affinity+dissociation+constant&per-page=100&cursor=IlsxMy44NTAyNzYsIDE1NzkwNDY0MDAwMDAsICdodHRwczovL29wZW5hbGV4Lm9yZy9XMzAwMjM3MDkyMCddIg%3D%3D&select=id%2Cdoi%2Ctitle%2Cabstract_inverted_index%2Copen_access HTTP/1.1" 200 None
2026-06-17 13:57:30,667 DEBUG    urllib3.connectionpool: https://api.openalex.org:443 "GET /works?search=aptamer+binding+affinity+dissociation+constant&per-page=100&cursor=IlsxMy4zMTEzMTY1LCAxNTAwMjQ5NjAwMDAwLCAnaHR0cHM6Ly9vcGVuYWxleC5vcmcvVzI3MzYxMjk2MzUnXSI%3D&select=id%2Cdoi%2Ctitle%2Cabstract_inverted_index%2Copen_access HTTP/1.1" 200 None
2026-06-17 13:57:30,738 DEBUG    urllib3.connectionpool: https://api.lens.org:443 "POST /patent/search HTTP/1.1" 200 None
2026-06-17 13:57:31,069 DEBUG    urllib3.connectionpool: https://api.biorxiv.org:443 "GET /details/biorxiv/2025-06-17/2026-06-17/1980 HTTP/1.1" 200 None
2026-06-17 13:57:31,354 DEBUG    urllib3.connectionpool: https://api.openalex.org:443 "GET /works?search=aptamer+binding+affinity+dissociation+constant&per-page=100&cursor=IlsxMi43MTk4NzgsIDE2Nzc3MTUyMDAwMDAsICdodHRwczovL29wZW5hbGV4Lm9yZy9XNDMyMjc3MDYwMyddIg%3D%3D&select=id%2Cdoi%2Ctitle%2Cabstract_inverted_index%2Copen_access HTTP/1.1" 200 None
2026-06-17 13:57:32,057 DEBUG    urllib3.connectionpool: https://api.openalex.org:443 "GET /works?search=aptamer+binding+affinity+dissociation+constant&per-page=100&cursor=IlsxMi4yMDQ4NDEsIDE0NjcxNTg0MDAwMDAsICdodHRwczovL29wZW5hbGV4Lm9yZy9XMjQ2OTg4NzMzNiddIg%3D%3D&select=id%2Cdoi%2Ctitle%2Cabstract_inverted_index%2Copen_access HTTP/1.1" 200 None
2026-06-17 13:57:32,650 DEBUG    urllib3.connectionpool: https://api.biorxiv.org:443 "GET /details/biorxiv/2025-06-17/2026-06-17/2010 HTTP/1.1" 200 None
2026-06-17 13:57:32,779 DEBUG    urllib3.connectionpool: https://api.openalex.org:443 "GET /works?search=aptamer+binding+affinity+dissociation+constant&per-page=100&cursor=IlsxMS43MTY1MzY1LCAxNjY0NzU1MjAwMDAwLCAnaHR0cHM6Ly9vcGVuYWxleC5vcmcvVzQzMDA4NjE5MDQnXSI%3D&select=id%2Cdoi%2Ctitle%2Cabstract_inverted_index%2Copen_access HTTP/1.1" 200 None
2026-06-17 13:57:33,112 DEBUG    urllib3.connectionpool: https://api.lens.org:443 "POST /patent/search HTTP/1.1" 200 None
2026-06-17 13:57:33,498 DEBUG    urllib3.connectionpool: https://api.openalex.org:443 "GET /works?search=aptamer+binding+affinity+dissociation+constant&per-page=100&cursor=IlsxMS4xNjU5MjEsIDE3MDMxMTY4MDAwMDAsICdodHRwczovL29wZW5hbGV4Lm9yZy9XNDM5MDA1NDg2NiddIg%3D%3D&select=id%2Cdoi%2Ctitle%2Cabstract_inverted_index%2Copen_access HTTP/1.1" 200 None
2026-06-17 13:57:33,918 DEBUG    urllib3.connectionpool: https://api.biorxiv.org:443 "GET /details/biorxiv/2025-06-17/2026-06-17/2040 HTTP/1.1" 200 None
2026-06-17 13:57:34,175 DEBUG    urllib3.connectionpool: https://api.openalex.org:443 "GET /works?search=aptamer+binding+affinity+dissociation+constant&per-page=100&cursor=IlsxMC42OTkyNTksIDE2NTQ5MDU2MDAwMDAsICdodHRwczovL29wZW5hbGV4Lm9yZy9XNDI4MzQ2NjM4OSddIg%3D%3D&select=id%2Cdoi%2Ctitle%2Cabstract_inverted_index%2Copen_access HTTP/1.1" 200 None
2026-06-17 13:57:34,344 DEBUG    urllib3.connectionpool: https://patents.google.com:443 "GET /xhr/query?url=q%3DDNA%2520aptamer%2520SELEX%2520binding%2520protein%26num%3D10%26start%3D30&exp= HTTP/1.1" 200 None
2026-06-17 13:57:34,973 DEBUG    urllib3.connectionpool: https://api.openalex.org:443 "GET /works?search=aptamer+binding+affinity+dissociation+constant&per-page=100&cursor=IlsxMC4xOTY1ODMsIDE1MDEyODY0MDAwMDAsICdodHRwczovL29wZW5hbGV4Lm9yZy9XMjc0MTQ2NDc4NCddIg%3D%3D&select=id%2Cdoi%2Ctitle%2Cabstract_inverted_index%2Copen_access HTTP/1.1" 200 None
2026-06-17 13:57:35,205 DEBUG    urllib3.connectionpool: https://api.biorxiv.org:443 "GET /details/biorxiv/2025-06-17/2026-06-17/2070 HTTP/1.1" 200 None
2026-06-17 13:57:35,717 DEBUG    urllib3.connectionpool: https://api.lens.org:443 "POST /patent/search HTTP/1.1" 429 None
2026-06-17 13:57:35,717 WARNING  scripts.data.scraper.adapters.base: patents_wipo rate-limited (429); sleeping 5s
2026-06-17 13:57:35,825 DEBUG    urllib3.connectionpool: https://api.openalex.org:443 "GET /works?search=aptamer+binding+affinity+dissociation+constant&per-page=100&cursor=Ils5LjY3MjQ2NiwgMTc0Mjc3NDQwMDAwMCwgJ2h0dHBzOi8vb3BlbmFsZXgub3JnL1c0NDA4Nzg1NjIxJ10i&select=id%2Cdoi%2Ctitle%2Cabstract_inverted_index%2Copen_access HTTP/1.1" 200 None
2026-06-17 13:57:36,401 DEBUG    urllib3.connectionpool: https://api.openalex.org:443 "GET /works?search=aptamer+binding+affinity+dissociation+constant&per-page=100&cursor=Ils5LjI0NjQxNCwgMTY2MzI4NjQwMDAwMCwgJ2h0dHBzOi8vb3BlbmFsZXgub3JnL1c0Mjk2MjExMzI2J10i&select=id%2Cdoi%2Ctitle%2Cabstract_inverted_index%2Copen_access HTTP/1.1" 200 None
2026-06-17 13:57:36,624 DEBUG    urllib3.connectionpool: https://api.biorxiv.org:443 "GET /details/biorxiv/2025-06-17/2026-06-17/2100 HTTP/1.1" 200 None
2026-06-17 13:57:37,036 DEBUG    urllib3.connectionpool: https://api.openalex.org:443 "GET /works?search=aptamer+binding+affinity+dissociation+constant&per-page=100&cursor=Ils4Ljg1NDQ2LCAxNjEyMzEwNDAwMDAwLCAnaHR0cHM6Ly9vcGVuYWxleC5vcmcvVzMxMjkxOTIzMjInXSI%3D&select=id%2Cdoi%2Ctitle%2Cabstract_inverted_index%2Copen_access HTTP/1.1" 200 None
2026-06-17 13:57:37,817 DEBUG    urllib3.connectionpool: https://api.openalex.org:443 "GET /works?search=aptamer+binding+affinity+dissociation+constant&per-page=100&cursor=Ils4LjQ0MjQzOSwgMTc0MDcwMDgwMDAwMCwgJ2h0dHBzOi8vb3BlbmFsZXgub3JnL1c0NDEzNTEyODA1J10i&select=id%2Cdoi%2Ctitle%2Cabstract_inverted_index%2Copen_access HTTP/1.1" 200 None
2026-06-17 13:57:38,087 DEBUG    urllib3.connectionpool: https://api.semanticscholar.org:443 "GET /graph/v1/paper/search?query=ssDNA+aptamer+dissociation+constant+Kd&fields=paperId%2Ctitle%2Cabstract%2Cyear%2CexternalIds%2CopenAccessPdf&offset=100&limit=100 HTTP/1.1" 429 174
2026-06-17 13:57:38,092 WARNING  scripts.data.scraper.adapters.base: semantic_scholar https://api.semanticscholar.org/graph/v1/paper/search failed after retries: 429 Client Error:  for url: https://api.semanticscholar.org/graph/v1/paper/search?query=ssDNA+aptamer+dissociation+constant+Kd&fields=paperId%2Ctitle%2Cabstract%2Cyear%2CexternalIds%2CopenAccessPdf&offset=100&limit=100
2026-06-17 13:57:38,236 DEBUG    urllib3.connectionpool: https://api.biorxiv.org:443 "GET /details/biorxiv/2025-06-17/2026-06-17/2130 HTTP/1.1" 200 None
2026-06-17 13:57:38,373 DEBUG    urllib3.connectionpool: https://api.openalex.org:443 "GET /works?search=aptamer+binding+affinity+dissociation+constant&per-page=100&cursor=Ils4LjA0ODIxOCwgMTc0Mzk4NDAwMDAwMCwgJ2h0dHBzOi8vb3BlbmFsZXgub3JnL1c0NDA5MjA1NTczJ10i&select=id%2Cdoi%2Ctitle%2Cabstract_inverted_index%2Copen_access HTTP/1.1" 200 None
2026-06-17 13:57:39,102 DEBUG    urllib3.connectionpool: https://api.openalex.org:443 "GET /works?search=aptamer+binding+affinity+dissociation+constant&per-page=100&cursor=Ils3LjYwOTkwNTIsIDE3NzM3OTIwMDAwMDAsICdodHRwczovL29wZW5hbGV4Lm9yZy9XNzEzODg0OTQwNCddIg%3D%3D&select=id%2Cdoi%2Ctitle%2Cabstract_inverted_index%2Copen_access HTTP/1.1" 200 None
2026-06-17 13:57:39,165 DEBUG    urllib3.connectionpool: https://patents.google.com:443 "GET /xhr/query?url=q%3DDNA%2520aptamer%2520SELEX%2520binding%2520protein%26num%3D10%26start%3D40&exp= HTTP/1.1" 200 None
2026-06-17 13:57:39,521 DEBUG    urllib3.connectionpool: https://api.biorxiv.org:443 "GET /details/biorxiv/2025-06-17/2026-06-17/2160 HTTP/1.1" 200 None
2026-06-17 13:57:39,916 DEBUG    urllib3.connectionpool: https://api.openalex.org:443 "GET /works?search=aptamer+binding+affinity+dissociation+constant&per-page=100&cursor=Ils3LjE1Nzg0NzQsIDE3MzQzMDcyMDAwMDAsICdodHRwczovL29wZW5hbGV4Lm9yZy9XNDQwNTQyOTc1MCddIg%3D%3D&select=id%2Cdoi%2Ctitle%2Cabstract_inverted_index%2Copen_access HTTP/1.1" 200 None
2026-06-17 13:57:40,569 DEBUG    urllib3.connectionpool: https://api.openalex.org:443 "GET /works?search=aptamer+binding+affinity+dissociation+constant&per-page=100&cursor=Ils2Ljc3OTU3MzQsIDEzMjUzNzYwMDAwMDAsICdodHRwczovL29wZW5hbGV4Lm9yZy9XOTI3MDkzOCddIg%3D%3D&select=id%2Cdoi%2Ctitle%2Cabstract_inverted_index%2Copen_access HTTP/1.1" 200 None
2026-06-17 13:57:41,068 DEBUG    urllib3.connectionpool: https://api.biorxiv.org:443 "GET /details/biorxiv/2025-06-17/2026-06-17/2190 HTTP/1.1" 200 None
2026-06-17 13:57:41,286 DEBUG    urllib3.connectionpool: https://api.lens.org:443 "POST /patent/search HTTP/1.1" 200 None
2026-06-17 13:57:41,370 DEBUG    urllib3.connectionpool: https://api.openalex.org:443 "GET /works?search=aptamer+binding+affinity+dissociation+constant&per-page=100&cursor=Ils2LjI5ODkwNTQsIDE0ODMyMjg4MDAwMDAsICdodHRwczovL29wZW5hbGV4Lm9yZy9XMjczNTkxMjY4OCddIg%3D%3D&select=id%2Cdoi%2Ctitle%2Cabstract_inverted_index%2Copen_access HTTP/1.1" 200 None
2026-06-17 13:57:42,017 DEBUG    urllib3.connectionpool: https://api.openalex.org:443 "GET /works?search=aptamer+binding+affinity+dissociation+constant&per-page=100&cursor=Ils1Ljg3NjQ0OCwgMTY0MDk5NTIwMDAwMCwgJ2h0dHBzOi8vb3BlbmFsZXgub3JnL1c0MzE4NDc1NDU4J10i&select=id%2Cdoi%2Ctitle%2Cabstract_inverted_index%2Copen_access HTTP/1.1" 200 None
2026-06-17 13:57:42,201 DEBUG    urllib3.connectionpool: https://api.semanticscholar.org:443 "GET /graph/v1/paper/search?query=aptamer+selection+in+vitro+evolution&fields=paperId%2Ctitle%2Cabstract%2Cyear%2CexternalIds%2CopenAccessPdf&offset=0&limit=100 HTTP/1.1" 200 198412
2026-06-17 13:57:42,247 DEBUG    urllib3.connectionpool: https://api.biorxiv.org:443 "GET /details/biorxiv/2025-06-17/2026-06-17/2220 HTTP/1.1" 200 None
2026-06-17 13:57:42,706 DEBUG    urllib3.connectionpool: https://api.openalex.org:443 "GET /works?search=aptamer+binding+affinity+dissociation+constant&per-page=100&cursor=Ils1LjQyNjcyODcsIDE3NTE0MTQ0MDAwMDAsICdodHRwczovL29wZW5hbGV4Lm9yZy9XNDQxMTkyMTc4MSddIg%3D%3D&select=id%2Cdoi%2Ctitle%2Cabstract_inverted_index%2Copen_access HTTP/1.1" 200 None
2026-06-17 13:57:43,434 DEBUG    urllib3.connectionpool: https://api.openalex.org:443 "GET /works?search=aptamer+binding+affinity+dissociation+constant&per-page=100&cursor=Ils0LjkxNDYzOCwgMTQ1MjEyNDgwMDAwMCwgJ2h0dHBzOi8vb3BlbmFsZXgub3JnL1c0MjA1ODYzNjAwJ10i&select=id%2Cdoi%2Ctitle%2Cabstract_inverted_index%2Copen_access HTTP/1.1" 200 None
2026-06-17 13:57:43,594 DEBUG    urllib3.connectionpool: https://api.biorxiv.org:443 "GET /details/biorxiv/2025-06-17/2026-06-17/2250 HTTP/1.1" 200 None
2026-06-17 13:57:43,969 DEBUG    urllib3.connectionpool: https://patents.google.com:443 "GET /xhr/query?url=q%3DssDNA%2520aptamer%2520dissociation%2520constant%2520Kd%2520nM%26num%3D10%26start%3D0&exp= HTTP/1.1" 200 None
2026-06-17 13:57:44,191 DEBUG    urllib3.connectionpool: https://api.semanticscholar.org:443 "GET /graph/v1/paper/search?query=aptamer+selection+in+vitro+evolution&fields=paperId%2Ctitle%2Cabstract%2Cyear%2CexternalIds%2CopenAccessPdf&offset=100&limit=100 HTTP/1.1" 429 174
2026-06-17 13:57:44,198 WARNING  scripts.data.scraper.adapters.base: semantic_scholar rate-limited (429); sleeping 5s
2026-06-17 13:57:44,272 DEBUG    urllib3.connectionpool: https://api.openalex.org:443 "GET /works?search=aptamer+binding+affinity+dissociation+constant&per-page=100&cursor=Ils0LjQzNjUwNDQsIDExOTkxNDU2MDAwMDAsICdodHRwczovL29wZW5hbGV4Lm9yZy9XMjI2MjUwNzg0NyddIg%3D%3D&select=id%2Cdoi%2Ctitle%2Cabstract_inverted_index%2Copen_access HTTP/1.1" 200 None
2026-06-17 13:57:44,744 DEBUG    urllib3.connectionpool: https://api.lens.org:443 "POST /patent/search HTTP/1.1" 200 None
2026-06-17 13:57:44,972 DEBUG    urllib3.connectionpool: https://api.biorxiv.org:443 "GET /details/biorxiv/2025-06-17/2026-06-17/2280 HTTP/1.1" 200 None
2026-06-17 13:57:45,006 DEBUG    urllib3.connectionpool: https://api.openalex.org:443 "GET /works?search=aptamer+binding+affinity+dissociation+constant&per-page=100&cursor=IlszLjk4OTU2MiwgMTQyMDA3MDQwMDAwMCwgJ2h0dHBzOi8vb3BlbmFsZXgub3JnL1cyNTA5NTY5MDk0J10i&select=id%2Cdoi%2Ctitle%2Cabstract_inverted_index%2Copen_access HTTP/1.1" 200 None
2026-06-17 13:57:45,862 DEBUG    urllib3.connectionpool: https://api.openalex.org:443 "GET /works?search=aptamer+binding+affinity+dissociation+constant&per-page=100&cursor=IlszLjQzMzMzNSwgMTU3NzgzNjgwMDAwMCwgJ2h0dHBzOi8vb3BlbmFsZXgub3JnL1czMDI0NjcxMzY0J10i&select=id%2Cdoi%2Ctitle%2Cabstract_inverted_index%2Copen_access HTTP/1.1" 200 None
2026-06-17 13:57:46,264 DEBUG    urllib3.connectionpool: https://api.biorxiv.org:443 "GET /details/biorxiv/2025-06-17/2026-06-17/2310 HTTP/1.1" 200 None
2026-06-17 13:57:46,763 DEBUG    urllib3.connectionpool: https://api.openalex.org:443 "GET /works?search=aptamer+binding+affinity+dissociation+constant&per-page=100&cursor=IlsyLjk0NjQyNDUsIDE2NDQ3OTY4MDAwMDAsICdodHRwczovL29wZW5hbGV4Lm9yZy9XNDIxMzE0MjgwOCddIg%3D%3D&select=id%2Cdoi%2Ctitle%2Cabstract_inverted_index%2Copen_access HTTP/1.1" 200 None
2026-06-17 13:57:47,284 DEBUG    urllib3.connectionpool: https://api.lens.org:443 "POST /patent/search HTTP/1.1" 429 None
2026-06-17 13:57:47,284 WARNING  scripts.data.scraper.adapters.base: patents_wipo rate-limited (429); sleeping 5s
2026-06-17 13:57:47,605 DEBUG    urllib3.connectionpool: https://api.openalex.org:443 "GET /works?search=aptamer+binding+affinity+dissociation+constant&per-page=100&cursor=IlsyLjU3NDQxNzQsIDEwNDEzNzkyMDAwMDAsICdodHRwczovL29wZW5hbGV4Lm9yZy9XMjEwODkwNjAxNCddIg%3D%3D&select=id%2Cdoi%2Ctitle%2Cabstract_inverted_index%2Copen_access HTTP/1.1" 200 None
2026-06-17 13:57:47,847 DEBUG    urllib3.connectionpool: https://api.biorxiv.org:443 "GET /details/biorxiv/2025-06-17/2026-06-17/2340 HTTP/1.1" 200 None
2026-06-17 13:57:48,303 DEBUG    urllib3.connectionpool: https://api.openalex.org:443 "GET /works?search=aptamer+binding+affinity+dissociation+constant&per-page=100&cursor=IlsyLjI1ODcwMzcsIDEyODU3MTg0MDAwMDAsICdodHRwczovL29wZW5hbGV4Lm9yZy9XMjc0NzAzOTM3OCddIg%3D%3D&select=id%2Cdoi%2Ctitle%2Cabstract_inverted_index%2Copen_access HTTP/1.1" 200 None
2026-06-17 13:57:48,837 DEBUG    urllib3.connectionpool: https://patents.google.com:443 "GET /xhr/query?url=q%3DssDNA%2520aptamer%2520dissociation%2520constant%2520Kd%2520nM%26num%3D10%26start%3D10&exp= HTTP/1.1" 200 None
2026-06-17 13:57:49,035 DEBUG    urllib3.connectionpool: https://api.openalex.org:443 "GET /works?search=aptamer+binding+affinity+dissociation+constant&per-page=100&cursor=IlsyLjAwNzQ1MiwgNTY3OTkzNjAwMDAwLCAnaHR0cHM6Ly9vcGVuYWxleC5vcmcvVzI2NTQzNTEzJ10i&select=id%2Cdoi%2Ctitle%2Cabstract_inverted_index%2Copen_access HTTP/1.1" 200 None
2026-06-17 13:57:49,216 DEBUG    urllib3.connectionpool: https://api.biorxiv.org:443 "GET /details/biorxiv/2025-06-17/2026-06-17/2370 HTTP/1.1" 200 None
2026-06-17 13:57:49,875 DEBUG    urllib3.connectionpool: https://api.openalex.org:443 "GET /works?search=aptamer+binding+affinity+dissociation+constant&per-page=100&cursor=IlsxLjc5MDY0NDQsIDE3Nzc1OTM2MDAwMDAsICdodHRwczovL29wZW5hbGV4Lm9yZy9XNzE2MjMxMTM3NyddIg%3D%3D&select=id%2Cdoi%2Ctitle%2Cabstract_inverted_index%2Copen_access HTTP/1.1" 200 None
2026-06-17 13:57:50,515 DEBUG    urllib3.connectionpool: https://api.openalex.org:443 "GET /works?search=aptamer+binding+affinity+dissociation+constant&per-page=100&cursor=IlsxLjYyODU5MDYsIDEyNDE2NTQ0MDAwMDAsICdodHRwczovL29wZW5hbGV4Lm9yZy9XNDMwOTQyMjk5NCddIg%3D%3D&select=id%2Cdoi%2Ctitle%2Cabstract_inverted_index%2Copen_access HTTP/1.1" 200 None
2026-06-17 13:57:50,929 DEBUG    urllib3.connectionpool: https://api.biorxiv.org:443 "GET /details/biorxiv/2025-06-17/2026-06-17/2400 HTTP/1.1" 200 None
2026-06-17 13:57:51,206 DEBUG    urllib3.connectionpool: https://api.openalex.org:443 "GET /works?search=aptamer+binding+affinity+dissociation+constant&per-page=100&cursor=IlsxLjQ3OTUxOTEsIDE3NjYxMDI0MDAwMDAsICdodHRwczovL29wZW5hbGV4Lm9yZy9XNDQxNzUzNTU1OSddIg%3D%3D&select=id%2Cdoi%2Ctitle%2Cabstract_inverted_index%2Copen_access HTTP/1.1" 200 None
2026-06-17 13:57:51,702 DEBUG    urllib3.connectionpool: https://api.semanticscholar.org:443 "GET /graph/v1/paper/search?query=aptamer+selection+in+vitro+evolution&fields=paperId%2Ctitle%2Cabstract%2Cyear%2CexternalIds%2CopenAccessPdf&offset=100&limit=100 HTTP/1.1" 200 166518
2026-06-17 13:57:51,858 DEBUG    urllib3.connectionpool: https://api.openalex.org:443 "GET /works?search=aptamer+binding+affinity+dissociation+constant&per-page=100&cursor=IlsxLjQwMjE5NjgsIDEzODg1MzQ0MDAwMDAsICdodHRwczovL29wZW5hbGV4Lm9yZy9XODEzODUyODc4J10i&select=id%2Cdoi%2Ctitle%2Cabstract_inverted_index%2Copen_access HTTP/1.1" 200 None
2026-06-17 13:57:52,331 DEBUG    urllib3.connectionpool: https://api.biorxiv.org:443 "GET /details/biorxiv/2025-06-17/2026-06-17/2430 HTTP/1.1" 200 None
2026-06-17 13:57:52,501 DEBUG    urllib3.connectionpool: https://api.openalex.org:443 "GET /works?search=aptamer+binding+affinity+dissociation+constant&per-page=100&cursor=IlsxLjMxNDA5MDUsIDEyOTM4NDAwMDAwMDAsICdodHRwczovL29wZW5hbGV4Lm9yZy9XNDI0MzkxMjYwNCddIg%3D%3D&select=id%2Cdoi%2Ctitle%2Cabstract_inverted_index%2Copen_access HTTP/1.1" 200 None
2026-06-17 13:57:52,798 DEBUG    urllib3.connectionpool: https://api.lens.org:443 "POST /patent/search HTTP/1.1" 200 None
2026-06-17 13:57:53,251 DEBUG    urllib3.connectionpool: https://api.openalex.org:443 "GET /works?search=aptamer+binding+affinity+dissociation+constant&per-page=100&cursor=IlsxLjI1MzEyNDQsIDEzMDY4MDAwMDAwMDAsICdodHRwczovL29wZW5hbGV4Lm9yZy9XMTgxMTkzODcyNiddIg%3D%3D&select=id%2Cdoi%2Ctitle%2Cabstract_inverted_index%2Copen_access HTTP/1.1" 200 None
2026-06-17 13:57:53,324 DEBUG    urllib3.connectionpool: https://api.semanticscholar.org:443 "GET /graph/v1/paper/search?query=aptamer+selection+in+vitro+evolution&fields=paperId%2Ctitle%2Cabstract%2Cyear%2CexternalIds%2CopenAccessPdf&offset=200&limit=100 HTTP/1.1" 200 148311
2026-06-17 13:57:53,751 DEBUG    urllib3.connectionpool: https://api.biorxiv.org:443 "GET /details/biorxiv/2025-06-17/2026-06-17/2460 HTTP/1.1" 200 None
2026-06-17 13:57:53,963 DEBUG    urllib3.connectionpool: https://patents.google.com:443 "GET /xhr/query?url=q%3DssDNA%2520aptamer%2520dissociation%2520constant%2520Kd%2520nM%26num%3D10%26start%3D20&exp= HTTP/1.1" 200 None
2026-06-17 13:57:54,070 DEBUG    urllib3.connectionpool: https://api.openalex.org:443 "GET /works?search=aptamer+binding+affinity+dissociation+constant&per-page=100&cursor=IlsxLjE5MTQ2NzIsIDE1NTM0NzIwMDAwMDAsICdodHRwczovL29wZW5hbGV4Lm9yZy9XNzE0NjU4MTk4OCddIg%3D%3D&select=id%2Cdoi%2Ctitle%2Cabstract_inverted_index%2Copen_access HTTP/1.1" 200 None
2026-06-17 13:57:54,700 DEBUG    urllib3.connectionpool: https://api.openalex.org:443 "GET /works?search=aptamer+binding+affinity+dissociation+constant&per-page=100&cursor=IlsxLjExMzI3OTEsIDE0ODA0NjQwMDAwMDAsICdodHRwczovL29wZW5hbGV4Lm9yZy9XMjYzODQ3ODUzOSddIg%3D%3D&select=id%2Cdoi%2Ctitle%2Cabstract_inverted_index%2Copen_access HTTP/1.1" 200 None
2026-06-17 13:57:55,122 DEBUG    urllib3.connectionpool: https://api.biorxiv.org:443 "GET /details/biorxiv/2025-06-17/2026-06-17/2490 HTTP/1.1" 200 None
2026-06-17 13:57:55,426 DEBUG    urllib3.connectionpool: https://api.semanticscholar.org:443 "GET /graph/v1/paper/search?query=aptamer+binding+affinity+nM+protein+target&fields=paperId%2Ctitle%2Cabstract%2Cyear%2CexternalIds%2CopenAccessPdf&offset=0&limit=100 HTTP/1.1" 429 174
2026-06-17 13:57:55,434 WARNING  scripts.data.scraper.adapters.base: semantic_scholar rate-limited (429); sleeping 5s
2026-06-17 13:57:55,704 DEBUG    urllib3.connectionpool: https://api.openalex.org:443 "GET /works?search=aptamer+binding+affinity+dissociation+constant&per-page=100&cursor=IlsxLjA1NDk4NDMsIDE0NjM5NjE2MDAwMDAsICdodHRwczovL29wZW5hbGV4Lm9yZy9XNDIxMzA5NjgzMCddIg%3D%3D&select=id%2Cdoi%2Ctitle%2Cabstract_inverted_index%2Copen_access HTTP/1.1" 200 None
2026-06-17 13:57:55,765 DEBUG    urllib3.connectionpool: https://api.lens.org:443 "POST /patent/search HTTP/1.1" 429 None
2026-06-17 13:57:55,765 WARNING  scripts.data.scraper.adapters.base: patents_wipo rate-limited (429); sleeping 5s
2026-06-17 13:57:56,354 DEBUG    urllib3.connectionpool: https://api.openalex.org:443 "GET /works?search=aptamer+binding+affinity+dissociation+constant&per-page=100&cursor=IlswLjk4OTY1NjI3LCAxNTE0NzY0ODAwMDAwLCAnaHR0cHM6Ly9vcGVuYWxleC5vcmcvVzI5NjczOTUyNjQnXSI%3D&select=id%2Cdoi%2Ctitle%2Cabstract_inverted_index%2Copen_access HTTP/1.1" 200 None
2026-06-17 13:57:56,458 DEBUG    urllib3.connectionpool: https://api.biorxiv.org:443 "GET /details/biorxiv/2025-06-17/2026-06-17/2520 HTTP/1.1" 200 None
2026-06-17 13:57:57,068 DEBUG    urllib3.connectionpool: https://api.openalex.org:443 "GET /works?search=aptamer+binding+affinity+dissociation+constant&per-page=100&cursor=IlswLjkyODA3MjE1LCAxNTE0NzY0ODAwMDAwLCAnaHR0cHM6Ly9vcGVuYWxleC5vcmcvVzMwMjUzMjgzNjAnXSI%3D&select=id%2Cdoi%2Ctitle%2Cabstract_inverted_index%2Copen_access HTTP/1.1" 200 None
2026-06-17 13:57:57,819 DEBUG    urllib3.connectionpool: https://api.openalex.org:443 "GET /works?search=aptamer+binding+affinity+dissociation+constant&per-page=100&cursor=IlswLjg2NzM4NjUsIDE0MjQ3MzYwMDAwMDAsICdodHRwczovL29wZW5hbGV4Lm9yZy9XMTI3NzA2OTkzJ10i&select=id%2Cdoi%2Ctitle%2Cabstract_inverted_index%2Copen_access HTTP/1.1" 200 None
2026-06-17 13:57:58,019 DEBUG    urllib3.connectionpool: https://api.biorxiv.org:443 "GET /details/biorxiv/2025-06-17/2026-06-17/2550 HTTP/1.1" 200 None
2026-06-17 13:57:58,617 DEBUG    urllib3.connectionpool: https://api.openalex.org:443 "GET /works?search=aptamer+binding+affinity+dissociation+constant&per-page=100&cursor=IlswLjc5OTY5NjU2LCAxMjYyMzA0MDAwMDAwLCAnaHR0cHM6Ly9vcGVuYWxleC5vcmcvVzI3NDM4NTU0ODEnXSI%3D&select=id%2Cdoi%2Ctitle%2Cabstract_inverted_index%2Copen_access HTTP/1.1" 200 None
2026-06-17 13:57:58,789 DEBUG    urllib3.connectionpool: https://patents.google.com:443 "GET /xhr/query?url=q%3DssDNA%2520aptamer%2520dissociation%2520constant%2520Kd%2520nM%26num%3D10%26start%3D30&exp= HTTP/1.1" 200 None
2026-06-17 13:57:59,191 DEBUG    urllib3.connectionpool: https://api.openalex.org:443 "GET /works?search=aptamer+binding+affinity+dissociation+constant&per-page=100&cursor=IlswLjY5NDI5NTE3LCAxNjA4MDc2ODAwMDAwLCAnaHR0cHM6Ly9vcGVuYWxleC5vcmcvVzcxMzQ3MDcyOTknXSI%3D&select=id%2Cdoi%2Ctitle%2Cabstract_inverted_index%2Copen_access HTTP/1.1" 200 None
2026-06-17 13:57:59,386 DEBUG    urllib3.connectionpool: https://api.biorxiv.org:443 "GET /details/biorxiv/2025-06-17/2026-06-17/2580 HTTP/1.1" 200 None
2026-06-17 13:57:59,984 DEBUG    urllib3.connectionpool: https://api.openalex.org:443 "GET /works?search=aptamer+selection+protein+target&per-page=100&cursor=%2A&select=id%2Cdoi%2Ctitle%2Cabstract_inverted_index%2Copen_access HTTP/1.1" 200 None
2026-06-17 13:58:00,549 DEBUG    urllib3.connectionpool: https://api.semanticscholar.org:443 "GET /graph/v1/paper/search?query=aptamer+binding+affinity+nM+protein+target&fields=paperId%2Ctitle%2Cabstract%2Cyear%2CexternalIds%2CopenAccessPdf&offset=0&limit=100 HTTP/1.1" 429 174
2026-06-17 13:58:00,550 WARNING  scripts.data.scraper.adapters.base: semantic_scholar rate-limited (429); sleeping 15s
2026-06-17 13:58:00,730 DEBUG    urllib3.connectionpool: https://api.openalex.org:443 "GET /works?search=aptamer+selection+protein+target&per-page=100&cursor=IlszNjguMjI2MDQsIDEzMzE1MTA0MDAwMDAsICdodHRwczovL29wZW5hbGV4Lm9yZy9XMjAwNDE5ODU2NyddIg%3D%3D&select=id%2Cdoi%2Ctitle%2Cabstract_inverted_index%2Copen_access HTTP/1.1" 200 None
2026-06-17 13:58:00,995 DEBUG    urllib3.connectionpool: https://api.biorxiv.org:443 "GET /details/biorxiv/2025-06-17/2026-06-17/2610 HTTP/1.1" 200 None
2026-06-17 13:58:01,321 DEBUG    urllib3.connectionpool: https://api.lens.org:443 "POST /patent/search HTTP/1.1" 200 None
2026-06-17 13:58:01,480 DEBUG    urllib3.connectionpool: https://api.openalex.org:443 "GET /works?search=aptamer+selection+protein+target&per-page=100&cursor=IlsyODEuMjMzMDMsIDE3NDQ5MzQ0MDAwMDAsICdodHRwczovL29wZW5hbGV4Lm9yZy9XNDQwOTU2OTYzNCddIg%3D%3D&select=id%2Cdoi%2Ctitle%2Cabstract_inverted_index%2Copen_access HTTP/1.1" 200 None
2026-06-17 13:58:02,122 DEBUG    urllib3.connectionpool: https://api.openalex.org:443 "GET /works?search=aptamer+selection+protein+target&per-page=100&cursor=IlsyMzkuODcxMzgsIDE0ODc2MzUyMDAwMDAsICdodHRwczovL29wZW5hbGV4Lm9yZy9XMjU4OTY1ODYzMSddIg%3D%3D&select=id%2Cdoi%2Ctitle%2Cabstract_inverted_index%2Copen_access HTTP/1.1" 200 None
2026-06-17 13:58:02,552 DEBUG    urllib3.connectionpool: https://api.biorxiv.org:443 "GET /details/biorxiv/2025-06-17/2026-06-17/2640 HTTP/1.1" 200 None
2026-06-17 13:58:02,875 DEBUG    urllib3.connectionpool: https://api.openalex.org:443 "GET /works?search=aptamer+selection+protein+target&per-page=100&cursor=IlsyMTMuOTIxMTMsIDE2NTc3NTY4MDAwMDAsICdodHRwczovL29wZW5hbGV4Lm9yZy9XNDI4NTM5MTI3MiddIg%3D%3D&select=id%2Cdoi%2Ctitle%2Cabstract_inverted_index%2Copen_access HTTP/1.1" 200 None
2026-06-17 13:58:03,794 DEBUG    urllib3.connectionpool: https://patents.google.com:443 "GET /xhr/query?url=q%3DssDNA%2520aptamer%2520dissociation%2520constant%2520Kd%2520nM%26num%3D10%26start%3D40&exp= HTTP/1.1" 200 None
2026-06-17 13:58:03,794 DEBUG    urllib3.connectionpool: https://api.openalex.org:443 "GET /works?search=aptamer+selection+protein+target&per-page=100&cursor=IlsxOTYuNzg2NzYsIDE1OTUwMzA0MDAwMDAsICdodHRwczovL29wZW5hbGV4Lm9yZy9XMzA0MjI3MzM0OSddIg%3D%3D&select=id%2Cdoi%2Ctitle%2Cabstract_inverted_index%2Copen_access HTTP/1.1" 200 None
2026-06-17 13:58:04,032 DEBUG    urllib3.connectionpool: https://api.biorxiv.org:443 "GET /details/biorxiv/2025-06-17/2026-06-17/2670 HTTP/1.1" 200 None
2026-06-17 13:58:04,351 DEBUG    urllib3.connectionpool: https://api.openalex.org:443 "GET /works?search=aptamer+selection+protein+target&per-page=100&cursor=IlsxODEuMjY2MjUsIDEzNTY5OTg0MDAwMDAsICdodHRwczovL29wZW5hbGV4Lm9yZy9XMjAxNDk0MTM0NiddIg%3D%3D&select=id%2Cdoi%2Ctitle%2Cabstract_inverted_index%2Copen_access HTTP/1.1" 200 None
2026-06-17 13:58:04,685 DEBUG    urllib3.connectionpool: https://api.lens.org:443 "POST /patent/search HTTP/1.1" 200 None
2026-06-17 13:58:05,083 DEBUG    urllib3.connectionpool: https://api.openalex.org:443 "GET /works?search=aptamer+selection+protein+target&per-page=100&cursor=IlsxNjguNzU0NzksIDkxNTE0ODgwMDAwMCwgJ2h0dHBzOi8vb3BlbmFsZXgub3JnL1cxNTU2MzIyMDU0J10i&select=id%2Cdoi%2Ctitle%2Cabstract_inverted_index%2Copen_access HTTP/1.1" 200 None
2026-06-17 13:58:05,399 DEBUG    urllib3.connectionpool: https://api.biorxiv.org:443 "GET /details/biorxiv/2025-06-17/2026-06-17/2700 HTTP/1.1" 200 None
2026-06-17 13:58:05,753 DEBUG    urllib3.connectionpool: https://api.openalex.org:443 "GET /works?search=aptamer+selection+protein+target&per-page=100&cursor=IlsxNTcuNzk5NywgMTU5NjA2NzIwMDAwMCwgJ2h0dHBzOi8vb3BlbmFsZXgub3JnL1czMDQ2MjM3NjA0J10i&select=id%2Cdoi%2Ctitle%2Cabstract_inverted_index%2Copen_access HTTP/1.1" 200 None
2026-06-17 13:58:06,476 DEBUG    urllib3.connectionpool: https://api.openalex.org:443 "GET /works?search=aptamer+selection+protein+target&per-page=100&cursor=IlsxNDcuODU4MjUsIDEzNTI3NjQ4MDAwMDAsICdodHRwczovL29wZW5hbGV4Lm9yZy9XMjE2NjEwMjk5NCddIg%3D%3D&select=id%2Cdoi%2Ctitle%2Cabstract_inverted_index%2Copen_access HTTP/1.1" 200 None
2026-06-17 13:58:06,887 DEBUG    urllib3.connectionpool: https://api.biorxiv.org:443 "GET /details/biorxiv/2025-06-17/2026-06-17/2730 HTTP/1.1" 200 None
2026-06-17 13:58:07,301 DEBUG    urllib3.connectionpool: https://api.openalex.org:443 "GET /works?search=aptamer+selection+protein+target&per-page=100&cursor=IlsxMzguMjc4NDksIDExNjUxOTA0MDAwMDAsICdodHRwczovL29wZW5hbGV4Lm9yZy9XMjE0NjY5NzU2OCddIg%3D%3D&select=id%2Cdoi%2Ctitle%2Cabstract_inverted_index%2Copen_access HTTP/1.1" 200 None
2026-06-17 13:58:07,732 DEBUG    urllib3.connectionpool: https://api.lens.org:443 "POST /patent/search HTTP/1.1" 429 None
2026-06-17 13:58:07,732 WARNING  scripts.data.scraper.adapters.base: patents_wipo rate-limited (429); sleeping 5s
2026-06-17 13:58:08,084 DEBUG    urllib3.connectionpool: https://api.openalex.org:443 "GET /works?search=aptamer+selection+protein+target&per-page=100&cursor=IlsxMzAuOTA4MTcsIDEyMzY5ODg4MDAwMDAsICdodHRwczovL29wZW5hbGV4Lm9yZy9XMjAzOTYyODEzNiddIg%3D%3D&select=id%2Cdoi%2Ctitle%2Cabstract_inverted_index%2Copen_access HTTP/1.1" 200 None
2026-06-17 13:58:08,753 DEBUG    urllib3.connectionpool: https://api.openalex.org:443 "GET /works?search=aptamer+selection+protein+target&per-page=100&cursor=IlsxMjQuMjUwMzc0LCAxNjY1MzYwMDAwMDAwLCAnaHR0cHM6Ly9vcGVuYWxleC5vcmcvVzQzMDQwOTkyODcnXSI%3D&select=id%2Cdoi%2Ctitle%2Cabstract_inverted_index%2Copen_access HTTP/1.1" 200 None
2026-06-17 13:58:08,930 DEBUG    urllib3.connectionpool: https://api.biorxiv.org:443 "GET /details/biorxiv/2025-06-17/2026-06-17/2760 HTTP/1.1" 200 None
2026-06-17 13:58:09,464 DEBUG    urllib3.connectionpool: https://patents.google.com:443 "GET /xhr/query?url=q%3Daptamer%2520selection%2520oligonucleotide%2520binding%2520affinity%26num%3D10%26start%3D0&exp= HTTP/1.1" 200 None
2026-06-17 13:58:09,568 DEBUG    urllib3.connectionpool: https://api.openalex.org:443 "GET /works?search=aptamer+selection+protein+target&per-page=100&cursor=IlsxMTguNjI3NDk1LCAxNDEzNDE3NjAwMDAwLCAnaHR0cHM6Ly9vcGVuYWxleC5vcmcvVzIxNDU4OTY4OTYnXSI%3D&select=id%2Cdoi%2Ctitle%2Cabstract_inverted_index%2Copen_access HTTP/1.1" 200 None
2026-06-17 13:58:10,234 DEBUG    urllib3.connectionpool: https://api.openalex.org:443 "GET /works?search=aptamer+selection+protein+target&per-page=100&cursor=IlsxMTIuMzUyMDUsIDE1NzI1NjY0MDAwMDAsICdodHRwczovL29wZW5hbGV4Lm9yZy9XMjk4NzUyNzA5MiddIg%3D%3D&select=id%2Cdoi%2Ctitle%2Cabstract_inverted_index%2Copen_access HTTP/1.1" 200 None
2026-06-17 13:58:10,649 DEBUG    urllib3.connectionpool: https://api.biorxiv.org:443 "GET /details/biorxiv/2025-06-17/2026-06-17/2790 HTTP/1.1" 200 None
2026-06-17 13:58:10,971 DEBUG    urllib3.connectionpool: https://api.openalex.org:443 "GET /works?search=aptamer+selection+protein+target&per-page=100&cursor=IlsxMDYuNjI4ODksIDE0MDI4NzY4MDAwMDAsICdodHRwczovL29wZW5hbGV4Lm9yZy9XMjAyMjkzMDY3MSddIg%3D%3D&select=id%2Cdoi%2Ctitle%2Cabstract_inverted_index%2Copen_access HTTP/1.1" 200 None
2026-06-17 13:58:11,509 DEBUG    urllib3.connectionpool: https://api.openalex.org:443 "GET /works?search=aptamer+selection+protein+target&per-page=100&cursor=IlsxMDIuMDIyNDUsIDE2NzgzMjAwMDAwMDAsICdodHRwczovL29wZW5hbGV4Lm9yZy9XNDMyMzgwNzQ1MCddIg%3D%3D&select=id%2Cdoi%2Ctitle%2Cabstract_inverted_index%2Copen_access HTTP/1.1" 200 None
2026-06-17 13:58:12,471 DEBUG    urllib3.connectionpool: https://api.openalex.org:443 "GET /works?search=aptamer+selection+protein+target&per-page=100&cursor=Ils5Ny43OTkzLCAxNTQ4OTc5MjAwMDAwLCAnaHR0cHM6Ly9vcGVuYWxleC5vcmcvVzI5MTMyNDY1MTMnXSI%3D&select=id%2Cdoi%2Ctitle%2Cabstract_inverted_index%2Copen_access HTTP/1.1" 200 None
2026-06-17 13:58:12,945 DEBUG    urllib3.connectionpool: https://api.biorxiv.org:443 "GET /details/biorxiv/2025-06-17/2026-06-17/2820 HTTP/1.1" 200 None
2026-06-17 13:58:13,315 DEBUG    urllib3.connectionpool: https://patents.google.com:443 "GET /patent/EP2935628B1 HTTP/1.1" 200 None
2026-06-17 13:58:13,325 DEBUG    urllib3.connectionpool: https://api.lens.org:443 "POST /patent/search HTTP/1.1" 200 None
2026-06-17 13:58:14,266 DEBUG    urllib3.connectionpool: https://api.biorxiv.org:443 "GET /details/biorxiv/2025-06-17/2026-06-17/2850 HTTP/1.1" 200 None
2026-06-17 13:58:14,329 DEBUG    urllib3.connectionpool: https://api.openalex.org:443 "GET /works?search=aptamer+selection+protein+target&per-page=100&cursor=Ils5NC40NTkzMSwgMTQ1MTYwNjQwMDAwMCwgJ2h0dHBzOi8vb3BlbmFsZXgub3JnL1cyMjkyNjkyNTgzJ10i&select=id%2Cdoi%2Ctitle%2Cabstract_inverted_index%2Copen_access HTTP/1.1" 200 None
2026-06-17 13:58:15,089 DEBUG    urllib3.connectionpool: https://api.openalex.org:443 "GET /works?search=aptamer+selection+protein+target&per-page=100&cursor=Ils5MS4yNzU4NiwgMTY2OTc2NjQwMDAwMCwgJ2h0dHBzOi8vb3BlbmFsZXgub3JnL1c0MzExMDAyNTEwJ10i&select=id%2Cdoi%2Ctitle%2Cabstract_inverted_index%2Copen_access HTTP/1.1" 200 None
2026-06-17 13:58:15,665 DEBUG    urllib3.connectionpool: https://api.biorxiv.org:443 "GET /details/biorxiv/2025-06-17/2026-06-17/2880 HTTP/1.1" 200 None
2026-06-17 13:58:15,986 DEBUG    urllib3.connectionpool: https://api.openalex.org:443 "GET /works?search=aptamer+selection+protein+target&per-page=100&cursor=Ils4OC4xNTQ1OCwgMTM5OTU5MzYwMDAwMCwgJ2h0dHBzOi8vb3BlbmFsZXgub3JnL1cyMDc2NjYxMjcyJ10i&select=id%2Cdoi%2Ctitle%2Cabstract_inverted_index%2Copen_access HTTP/1.1" 200 None
2026-06-17 13:58:16,644 DEBUG    urllib3.connectionpool: https://api.openalex.org:443 "GET /works?search=aptamer+selection+protein+target&per-page=100&cursor=Ils4NC40ODk0LCAxMjQxNDgxNjAwMDAwLCAnaHR0cHM6Ly9vcGVuYWxleC5vcmcvVzE5ODcxMjI0NzcnXSI%3D&select=id%2Cdoi%2Ctitle%2Cabstract_inverted_index%2Copen_access HTTP/1.1" 200 None
2026-06-17 13:58:16,862 DEBUG    urllib3.connectionpool: https://api.lens.org:443 "POST /patent/search HTTP/1.1" 200 None
2026-06-17 13:58:17,359 DEBUG    urllib3.connectionpool: https://api.openalex.org:443 "GET /works?search=aptamer+selection+protein+target&per-page=100&cursor=Ils4MS44NjUwMywgMTY1NDgxOTIwMDAwMCwgJ2h0dHBzOi8vb3BlbmFsZXgub3JnL1c0MjgxODc3ODE4J10i&select=id%2Cdoi%2Ctitle%2Cabstract_inverted_index%2Copen_access HTTP/1.1" 200 None
2026-06-17 13:58:17,562 DEBUG    urllib3.connectionpool: https://api.biorxiv.org:443 "GET /details/biorxiv/2025-06-17/2026-06-17/2910 HTTP/1.1" 200 None
2026-06-17 13:58:17,959 DEBUG    urllib3.connectionpool: https://api.semanticscholar.org:443 "GET /graph/v1/paper/search?query=aptamer+binding+affinity+nM+protein+target&fields=paperId%2Ctitle%2Cabstract%2Cyear%2CexternalIds%2CopenAccessPdf&offset=0&limit=100 HTTP/1.1" 200 208133
2026-06-17 13:58:18,081 DEBUG    urllib3.connectionpool: https://api.openalex.org:443 "GET /works?search=aptamer+selection+protein+target&per-page=100&cursor=Ils3OC44OTEzNywgMTQ1ODc3NzYwMDAwMCwgJ2h0dHBzOi8vb3BlbmFsZXgub3JnL1cyMzEwMTc4NDA4J10i&select=id%2Cdoi%2Ctitle%2Cabstract_inverted_index%2Copen_access HTTP/1.1" 200 None
2026-06-17 13:58:18,488 DEBUG    urllib3.connectionpool: https://patents.google.com:443 "GET /patent/US11913000B2 HTTP/1.1" 200 None
2026-06-17 13:58:18,726 DEBUG    urllib3.connectionpool: https://api.openalex.org:443 "GET /works?search=aptamer+selection+protein+target&per-page=100&cursor=Ils3Ni4zMzc4NiwgMTY0NTQ4ODAwMDAwMCwgJ2h0dHBzOi8vb3BlbmFsZXgub3JnL1c0MjEzNDIxMjM1J10i&select=id%2Cdoi%2Ctitle%2Cabstract_inverted_index%2Copen_access HTTP/1.1" 200 None
2026-06-17 13:58:18,810 DEBUG    urllib3.connectionpool: https://api.semanticscholar.org:443 "GET /graph/v1/paper/search?query=aptamer+binding+affinity+nM+protein+target&fields=paperId%2Ctitle%2Cabstract%2Cyear%2CexternalIds%2CopenAccessPdf&offset=100&limit=100 HTTP/1.1" 429 174
2026-06-17 13:58:18,817 WARNING  scripts.data.scraper.adapters.base: semantic_scholar rate-limited (429); sleeping 5s
2026-06-17 13:58:18,896 DEBUG    urllib3.connectionpool: https://api.biorxiv.org:443 "GET /details/biorxiv/2025-06-17/2026-06-17/2940 HTTP/1.1" 200 None
2026-06-17 13:58:19,480 DEBUG    urllib3.connectionpool: https://api.openalex.org:443 "GET /works?search=aptamer+selection+protein+target&per-page=100&cursor=Ils3NC4yMTU4MSwgMTU0MTExNjgwMDAwMCwgJ2h0dHBzOi8vb3BlbmFsZXgub3JnL1cyODk4NzEyNTQxJ10i&select=id%2Cdoi%2Ctitle%2Cabstract_inverted_index%2Copen_access HTTP/1.1" 200 None
2026-06-17 13:58:19,945 DEBUG    urllib3.connectionpool: https://api.lens.org:443 "POST /patent/search HTTP/1.1" 429 None
2026-06-17 13:58:19,953 WARNING  scripts.data.scraper.adapters.base: patents_wipo rate-limited (429); sleeping 5s
2026-06-17 13:58:20,328 DEBUG    urllib3.connectionpool: https://api.openalex.org:443 "GET /works?search=aptamer+selection+protein+target&per-page=100&cursor=Ils3Mi4wNjA0ODYsIDE2NTg3MDcyMDAwMDAsICdodHRwczovL29wZW5hbGV4Lm9yZy9XNDI4NzU3Nzk1NyddIg%3D%3D&select=id%2Cdoi%2Ctitle%2Cabstract_inverted_index%2Copen_access HTTP/1.1" 200 None
2026-06-17 13:58:20,820 DEBUG    urllib3.connectionpool: https://api.biorxiv.org:443 "GET /details/biorxiv/2025-06-17/2026-06-17/2970 HTTP/1.1" 200 None
2026-06-17 13:58:21,078 DEBUG    urllib3.connectionpool: https://api.openalex.org:443 "GET /works?search=aptamer+selection+protein+target&per-page=100&cursor=Ils2OS43ODEzNywgMTMyNTM3NjAwMDAwMCwgJ2h0dHBzOi8vb3BlbmFsZXgub3JnL1cyMzI0OTQ5MjgwJ10i&select=id%2Cdoi%2Ctitle%2Cabstract_inverted_index%2Copen_access HTTP/1.1" 200 None
2026-06-17 13:58:21,882 DEBUG    urllib3.connectionpool: https://api.openalex.org:443 "GET /works?search=aptamer+selection+protein+target&per-page=100&cursor=Ils2Ny43ODEwMywgMTcwOTg1NjAwMDAwMCwgJ2h0dHBzOi8vb3BlbmFsZXgub3JnL1c0MzkyNjI2ODUyJ10i&select=id%2Cdoi%2Ctitle%2Cabstract_inverted_index%2Copen_access HTTP/1.1" 200 None
2026-06-17 13:58:22,024 DEBUG    urllib3.connectionpool: https://api.biorxiv.org:443 "GET /details/biorxiv/2025-06-17/2026-06-17/3000 HTTP/1.1" 200 None
2026-06-17 13:58:22,464 DEBUG    urllib3.connectionpool: https://api.openalex.org:443 "GET /works?search=aptamer+selection+protein+target&per-page=100&cursor=Ils2NS44MDYzMiwgMTcwNzc4MjQwMDAwMCwgJ2h0dHBzOi8vb3BlbmFsZXgub3JnL1c0MzkxNzg4MTkwJ10i&select=id%2Cdoi%2Ctitle%2Cabstract_inverted_index%2Copen_access HTTP/1.1" 200 None
2026-06-17 13:58:23,207 DEBUG    urllib3.connectionpool: https://api.openalex.org:443 "GET /works?search=aptamer+selection+protein+target&per-page=100&cursor=Ils2My44NDIyNDcsIDEzMTgwMzIwMDAwMDAsICdodHRwczovL29wZW5hbGV4Lm9yZy9XMjA5ODkzNTEyMCddIg%3D%3D&select=id%2Cdoi%2Ctitle%2Cabstract_inverted_index%2Copen_access HTTP/1.1" 200 None
2026-06-17 13:58:23,280 DEBUG    urllib3.connectionpool: https://patents.google.com:443 "GET /patent/US9944933B2 HTTP/1.1" 200 None
2026-06-17 13:58:23,469 DEBUG    urllib3.connectionpool: https://api.biorxiv.org:443 "GET /details/biorxiv/2025-06-17/2026-06-17/3030 HTTP/1.1" 200 None
2026-06-17 13:58:24,070 DEBUG    urllib3.connectionpool: https://api.openalex.org:443 "GET /works?search=aptamer+selection+protein+target&per-page=100&cursor=Ils2MS45NjQyNywgMTc2NTg0MzIwMDAwMCwgJ2h0dHBzOi8vb3BlbmFsZXgub3JnL1c0NDE3MzU0MDY0J10i&select=id%2Cdoi%2Ctitle%2Cabstract_inverted_index%2Copen_access HTTP/1.1" 200 None
2026-06-17 13:58:24,830 DEBUG    urllib3.connectionpool: https://api.openalex.org:443 "GET /works?search=aptamer+selection+protein+target&per-page=100&cursor=Ils2MC4xODgxMSwgMTQ2NjY0MDAwMDAwMCwgJ2h0dHBzOi8vb3BlbmFsZXgub3JnL1cyNDYzNTQwMDQ5J10i&select=id%2Cdoi%2Ctitle%2Cabstract_inverted_index%2Copen_access HTTP/1.1" 200 None
2026-06-17 13:58:25,002 DEBUG    urllib3.connectionpool: https://api.biorxiv.org:443 "GET /details/biorxiv/2025-06-17/2026-06-17/3060 HTTP/1.1" 200 None
2026-06-17 13:58:25,289 DEBUG    urllib3.connectionpool: https://api.semanticscholar.org:443 "GET /graph/v1/paper/search?query=aptamer+binding+affinity+nM+protein+target&fields=paperId%2Ctitle%2Cabstract%2Cyear%2CexternalIds%2CopenAccessPdf&offset=100&limit=100 HTTP/1.1" 200 209791
2026-06-17 13:58:25,524 DEBUG    urllib3.connectionpool: https://api.openalex.org:443 "GET /works?search=aptamer+selection+protein+target&per-page=100&cursor=Ils1OC42MDk0NSwgOTM0NzYxNjAwMDAwLCAnaHR0cHM6Ly9vcGVuYWxleC5vcmcvVzIxMzc3MjQ0MjEnXSI%3D&select=id%2Cdoi%2Ctitle%2Cabstract_inverted_index%2Copen_access HTTP/1.1" 200 None
2026-06-17 13:58:25,602 DEBUG    urllib3.connectionpool: https://api.lens.org:443 "POST /patent/search HTTP/1.1" 200 None
2026-06-17 13:58:26,139 DEBUG    urllib3.connectionpool: https://api.openalex.org:443 "GET /works?search=aptamer+selection+protein+target&per-page=100&cursor=Ils1Ni40OTgyODcsIDEzNTA1MTg0MDAwMDAsICdodHRwczovL29wZW5hbGV4Lm9yZy9XMjAxMDgxODc2NiddIg%3D%3D&select=id%2Cdoi%2Ctitle%2Cabstract_inverted_index%2Copen_access HTTP/1.1" 200 None
2026-06-17 13:58:26,574 DEBUG    urllib3.connectionpool: https://api.biorxiv.org:443 "GET /details/biorxiv/2025-06-17/2026-06-17/3090 HTTP/1.1" 200 None
2026-06-17 13:58:26,839 DEBUG    urllib3.connectionpool: https://api.openalex.org:443 "GET /works?search=aptamer+selection+protein+target&per-page=100&cursor=Ils1NC42NjY5MywgMTczOTQ5MTIwMDAwMCwgJ2h0dHBzOi8vb3BlbmFsZXgub3JnL1c0NDA3NTg5MDAwJ10i&select=id%2Cdoi%2Ctitle%2Cabstract_inverted_index%2Copen_access HTTP/1.1" 200 None
2026-06-17 13:58:27,626 DEBUG    urllib3.connectionpool: https://api.openalex.org:443 "GET /works?search=aptamer+selection+protein+target&per-page=100&cursor=Ils1My4yMzY5NzMsIDE2OTA3NjE2MDAwMDAsICdodHRwczovL29wZW5hbGV4Lm9yZy9XNDM4NTQxNTE3MyddIg%3D%3D&select=id%2Cdoi%2Ctitle%2Cabstract_inverted_index%2Copen_access HTTP/1.1" 200 None
2026-06-17 13:58:28,004 DEBUG    urllib3.connectionpool: https://api.biorxiv.org:443 "GET /details/biorxiv/2025-06-17/2026-06-17/3120 HTTP/1.1" 200 None
2026-06-17 13:58:28,355 DEBUG    urllib3.connectionpool: https://api.openalex.org:443 "GET /works?search=aptamer+selection+protein+target&per-page=100&cursor=Ils1MS44NTk0NSwgMTUxODk5ODQwMDAwMCwgJ2h0dHBzOi8vb3BlbmFsZXgub3JnL1cyODA2NTE0NTkyJ10i&select=id%2Cdoi%2Ctitle%2Cabstract_inverted_index%2Copen_access HTTP/1.1" 200 None
2026-06-17 13:58:28,460 DEBUG    urllib3.connectionpool: https://patents.google.com:443 "GET /xhr/query?url=q%3Daptamer%2520selection%2520oligonucleotide%2520binding%2520affinity%26num%3D10%26start%3D10&exp= HTTP/1.1" 503 1103
2026-06-17 13:58:28,474 DEBUG    scripts.data.scraper.adapters.base: google_patents https://patents.google.com/xhr/query?url=q%3Daptamer%2520selection%2520oligonucleotide%2520binding%2520affinity%26num%3D10%26start%3D10&exp= HTTP error attempt 1: 503 Server Error: Service Unavailable for url: https://patents.google.com/xhr/query?url=q%3Daptamer%2520selection%2520oligonucleotide%2520binding%2520affinity%26num%3D10%26start%3D10&exp=
2026-06-17 13:58:28,878 DEBUG    urllib3.connectionpool: https://patents.google.com:443 "GET /xhr/query?url=q%3Daptamer%2520selection%2520oligonucleotide%2520binding%2520affinity%26num%3D10%26start%3D10&exp= HTTP/1.1" 503 1103
2026-06-17 13:58:28,883 DEBUG    scripts.data.scraper.adapters.base: google_patents https://patents.google.com/xhr/query?url=q%3Daptamer%2520selection%2520oligonucleotide%2520binding%2520affinity%26num%3D10%26start%3D10&exp= HTTP error attempt 2: 503 Server Error: Service Unavailable for url: https://patents.google.com/xhr/query?url=q%3Daptamer%2520selection%2520oligonucleotide%2520binding%2520affinity%26num%3D10%26start%3D10&exp=
2026-06-17 13:58:29,041 DEBUG    urllib3.connectionpool: https://api.openalex.org:443 "GET /works?search=aptamer+selection+protein+target&per-page=100&cursor=Ils1MC43MzMwMzYsIDE3NTg1ODU2MDAwMDAsICdodHRwczovL29wZW5hbGV4Lm9yZy9XNDQxNDQzMDM3OSddIg%3D%3D&select=id%2Cdoi%2Ctitle%2Cabstract_inverted_index%2Copen_access HTTP/1.1" 200 None
2026-06-17 13:58:29,237 DEBUG    urllib3.connectionpool: https://patents.google.com:443 "GET /xhr/query?url=q%3Daptamer%2520selection%2520oligonucleotide%2520binding%2520affinity%26num%3D10%26start%3D10&exp= HTTP/1.1" 503 1103
2026-06-17 13:58:29,237 DEBUG    scripts.data.scraper.adapters.base: google_patents https://patents.google.com/xhr/query?url=q%3Daptamer%2520selection%2520oligonucleotide%2520binding%2520affinity%26num%3D10%26start%3D10&exp= HTTP error attempt 3: 503 Server Error: Service Unavailable for url: https://patents.google.com/xhr/query?url=q%3Daptamer%2520selection%2520oligonucleotide%2520binding%2520affinity%26num%3D10%26start%3D10&exp=
2026-06-17 13:58:29,426 DEBUG    urllib3.connectionpool: https://api.biorxiv.org:443 "GET /details/biorxiv/2025-06-17/2026-06-17/3150 HTTP/1.1" 200 None
2026-06-17 13:58:29,514 DEBUG    urllib3.connectionpool: https://patents.google.com:443 "GET /xhr/query?url=q%3Daptamer%2520selection%2520oligonucleotide%2520binding%2520affinity%26num%3D10%26start%3D10&exp= HTTP/1.1" 503 1103
2026-06-17 13:58:29,514 WARNING  scripts.data.scraper.adapters.base: google_patents https://patents.google.com/xhr/query?url=q%3Daptamer%2520selection%2520oligonucleotide%2520binding%2520affinity%26num%3D10%26start%3D10&exp= failed after retries: 503 Server Error: Service Unavailable for url: https://patents.google.com/xhr/query?url=q%3Daptamer%2520selection%2520oligonucleotide%2520binding%2520affinity%26num%3D10%26start%3D10&exp=
2026-06-17 13:58:29,723 DEBUG    urllib3.connectionpool: https://api.openalex.org:443 "GET /works?search=aptamer+selection+protein+target&per-page=100&cursor=Ils0OS42MjIxNSwgMTY5OTQwMTYwMDAwMCwgJ2h0dHBzOi8vb3BlbmFsZXgub3JnL1c0Mzg4NDg3MTY1J10i&select=id%2Cdoi%2Ctitle%2Cabstract_inverted_index%2Copen_access HTTP/1.1" 200 None
2026-06-17 13:58:30,006 DEBUG    urllib3.connectionpool: https://api.lens.org:443 "POST /patent/search HTTP/1.1" 200 None
2026-06-17 13:58:30,326 DEBUG    urllib3.connectionpool: https://api.openalex.org:443 "GET /works?search=aptamer+selection+protein+target&per-page=100&cursor=Ils0OC4xODc2OTUsIDE2MTcwNjI0MDAwMDAsICdodHRwczovL29wZW5hbGV4Lm9yZy9XMzE0MTM5ODE1NyddIg%3D%3D&select=id%2Cdoi%2Ctitle%2Cabstract_inverted_index%2Copen_access HTTP/1.1" 200 None
2026-06-17 13:58:30,769 DEBUG    urllib3.connectionpool: https://api.biorxiv.org:443 "GET /details/biorxiv/2025-06-17/2026-06-17/3180 HTTP/1.1" 200 None
2026-06-17 13:58:30,828 DEBUG    urllib3.connectionpool: https://api.semanticscholar.org:443 "GET /graph/v1/paper/search?query=aptamer+binding+affinity+nM+protein+target&fields=paperId%2Ctitle%2Cabstract%2Cyear%2CexternalIds%2CopenAccessPdf&offset=200&limit=100 HTTP/1.1" 200 208040
2026-06-17 13:58:31,031 DEBUG    urllib3.connectionpool: https://api.semanticscholar.org:443 "GET /graph/v1/paper/search?query=CE-SELEX+aptamer+selection+binding&fields=paperId%2Ctitle%2Cabstract%2Cyear%2CexternalIds%2CopenAccessPdf&offset=0&limit=100 HTTP/1.1" 429 174
2026-06-17 13:58:31,031 WARNING  scripts.data.scraper.adapters.base: semantic_scholar rate-limited (429); sleeping 5s
2026-06-17 13:58:31,063 DEBUG    urllib3.connectionpool: https://api.openalex.org:443 "GET /works?search=aptamer+selection+protein+target&per-page=100&cursor=Ils0Ny4wNzA1MSwgMTY4MTY4OTYwMDAwMCwgJ2h0dHBzOi8vb3BlbmFsZXgub3JnL1c0MzY2MTg5MDMyJ10i&select=id%2Cdoi%2Ctitle%2Cabstract_inverted_index%2Copen_access HTTP/1.1" 200 None
2026-06-17 13:58:31,876 DEBUG    urllib3.connectionpool: https://api.openalex.org:443 "GET /works?search=aptamer+selection+protein+target&per-page=100&cursor=Ils0NS44Njc0NzQsIDE2NTQ3MzI4MDAwMDAsICdodHRwczovL29wZW5hbGV4Lm9yZy9XNDI4Mjk0NDI2OSddIg%3D%3D&select=id%2Cdoi%2Ctitle%2Cabstract_inverted_index%2Copen_access HTTP/1.1" 200 None
2026-06-17 13:58:32,086 DEBUG    urllib3.connectionpool: https://api.biorxiv.org:443 "GET /details/biorxiv/2025-06-17/2026-06-17/3210 HTTP/1.1" 200 None
2026-06-17 13:58:32,711 DEBUG    urllib3.connectionpool: https://api.openalex.org:443 "GET /works?search=aptamer+selection+protein+target&per-page=100&cursor=Ils0NC45MDA3MzQsIDE1MzI1NjMyMDAwMDAsICdodHRwczovL29wZW5hbGV4Lm9yZy9XMjg4NDE1NjYyNiddIg%3D%3D&select=id%2Cdoi%2Ctitle%2Cabstract_inverted_index%2Copen_access HTTP/1.1" 200 None
2026-06-17 13:58:33,588 DEBUG    urllib3.connectionpool: https://patents.google.com:443 "GET /xhr/query?url=q%3Din%2520vitro%2520SELEX%2520DNA%2520binding%2520target%2520protein%26num%3D10%26start%3D0&exp= HTTP/1.1" 503 1103
2026-06-17 13:58:33,607 DEBUG    scripts.data.scraper.adapters.base: google_patents https://patents.google.com/xhr/query?url=q%3Din%2520vitro%2520SELEX%2520DNA%2520binding%2520target%2520protein%26num%3D10%26start%3D0&exp= HTTP error attempt 1: 503 Server Error: Service Unavailable for url: https://patents.google.com/xhr/query?url=q%3Din%2520vitro%2520SELEX%2520DNA%2520binding%2520target%2520protein%26num%3D10%26start%3D0&exp=
2026-06-17 13:58:33,607 DEBUG    urllib3.connectionpool: https://api.openalex.org:443 "GET /works?search=aptamer+selection+protein+target&per-page=100&cursor=Ils0My43ODM0OSwgMTcwNDA2NzIwMDAwMCwgJ2h0dHBzOi8vb3BlbmFsZXgub3JnL1c0MzkwNDc5OTkyJ10i&select=id%2Cdoi%2Ctitle%2Cabstract_inverted_index%2Copen_access HTTP/1.1" 200 None
2026-06-17 13:58:34,107 DEBUG    urllib3.connectionpool: https://api.biorxiv.org:443 "GET /details/biorxiv/2025-06-17/2026-06-17/3240 HTTP/1.1" 200 None
2026-06-17 13:58:34,138 DEBUG    urllib3.connectionpool: https://patents.google.com:443 "GET /xhr/query?url=q%3Din%2520vitro%2520SELEX%2520DNA%2520binding%2520target%2520protein%26num%3D10%26start%3D0&exp= HTTP/1.1" 503 1103
2026-06-17 13:58:34,138 DEBUG    scripts.data.scraper.adapters.base: google_patents https://patents.google.com/xhr/query?url=q%3Din%2520vitro%2520SELEX%2520DNA%2520binding%2520target%2520protein%26num%3D10%26start%3D0&exp= HTTP error attempt 2: 503 Server Error: Service Unavailable for url: https://patents.google.com/xhr/query?url=q%3Din%2520vitro%2520SELEX%2520DNA%2520binding%2520target%2520protein%26num%3D10%26start%3D0&exp=
2026-06-17 13:58:34,208 DEBUG    urllib3.connectionpool: https://api.openalex.org:443 "GET /works?search=aptamer+selection+protein+target&per-page=100&cursor=Ils0Mi42MzgxNywgMTM2NzM2NjQwMDAwMCwgJ2h0dHBzOi8vb3BlbmFsZXgub3JnL1cyMTI3NjMwNTU0J10i&select=id%2Cdoi%2Ctitle%2Cabstract_inverted_index%2Copen_access HTTP/1.1" 200 None
2026-06-17 13:58:34,346 DEBUG    urllib3.connectionpool: https://api.lens.org:443 "POST /patent/search HTTP/1.1" 200 None
2026-06-17 13:58:34,515 DEBUG    urllib3.connectionpool: https://patents.google.com:443 "GET /xhr/query?url=q%3Din%2520vitro%2520SELEX%2520DNA%2520binding%2520target%2520protein%26num%3D10%26start%3D0&exp= HTTP/1.1" 503 1103
2026-06-17 13:58:34,516 DEBUG    scripts.data.scraper.adapters.base: google_patents https://patents.google.com/xhr/query?url=q%3Din%2520vitro%2520SELEX%2520DNA%2520binding%2520target%2520protein%26num%3D10%26start%3D0&exp= HTTP error attempt 3: 503 Server Error: Service Unavailable for url: https://patents.google.com/xhr/query?url=q%3Din%2520vitro%2520SELEX%2520DNA%2520binding%2520target%2520protein%26num%3D10%26start%3D0&exp=
2026-06-17 13:58:34,839 DEBUG    urllib3.connectionpool: https://patents.google.com:443 "GET /xhr/query?url=q%3Din%2520vitro%2520SELEX%2520DNA%2520binding%2520target%2520protein%26num%3D10%26start%3D0&exp= HTTP/1.1" 503 1103
2026-06-17 13:58:34,840 WARNING  scripts.data.scraper.adapters.base: google_patents https://patents.google.com/xhr/query?url=q%3Din%2520vitro%2520SELEX%2520DNA%2520binding%2520target%2520protein%26num%3D10%26start%3D0&exp= failed after retries: 503 Server Error: Service Unavailable for url: https://patents.google.com/xhr/query?url=q%3Din%2520vitro%2520SELEX%2520DNA%2520binding%2520target%2520protein%26num%3D10%26start%3D0&exp=
2026-06-17 13:58:34,840 INFO     scripts.data.scraper.adapters.google_patents: GooglePatentsAdapter: 163 records
2026-06-17 13:58:34,843 INFO     __main__: [google_patents] 163 records in 87.9s
2026-06-17 13:58:34,986 DEBUG    urllib3.connectionpool: https://api.openalex.org:443 "GET /works?search=aptamer+selection+protein+target&per-page=100&cursor=Ils0MS42NTAyOCwgMTY5OTMxNTIwMDAwMCwgJ2h0dHBzOi8vb3BlbmFsZXgub3JnL1c0Mzg4NDU1MTAyJ10i&select=id%2Cdoi%2Ctitle%2Cabstract_inverted_index%2Copen_access HTTP/1.1" 200 None
2026-06-17 13:58:35,689 DEBUG    urllib3.connectionpool: https://api.biorxiv.org:443 "GET /details/biorxiv/2025-06-17/2026-06-17/3270 HTTP/1.1" 200 None
2026-06-17 13:58:35,696 DEBUG    urllib3.connectionpool: https://api.openalex.org:443 "GET /works?search=aptamer+selection+protein+target&per-page=100&cursor=Ils0MC41NDE1NDYsIDE1NTEzOTg0MDAwMDAsICdodHRwczovL29wZW5hbGV4Lm9yZy9XMjkyNDE1MDEwNCddIg%3D%3D&select=id%2Cdoi%2Ctitle%2Cabstract_inverted_index%2Copen_access HTTP/1.1" 200 None
2026-06-17 13:58:36,120 DEBUG    urllib3.connectionpool: https://api.semanticscholar.org:443 "GET /graph/v1/paper/search?query=CE-SELEX+aptamer+selection+binding&fields=paperId%2Ctitle%2Cabstract%2Cyear%2CexternalIds%2CopenAccessPdf&offset=0&limit=100 HTTP/1.1" 429 174
2026-06-17 13:58:36,120 WARNING  scripts.data.scraper.adapters.base: semantic_scholar rate-limited (429); sleeping 15s
2026-06-17 13:58:36,318 DEBUG    urllib3.connectionpool: https://api.openalex.org:443 "GET /works?search=aptamer+selection+protein+target&per-page=100&cursor=IlszOS41NjcsIDE2NDg3NzEyMDAwMDAsICdodHRwczovL29wZW5hbGV4Lm9yZy9XNDIyNTMwOTcyMiddIg%3D%3D&select=id%2Cdoi%2Ctitle%2Cabstract_inverted_index%2Copen_access HTTP/1.1" 200 None
2026-06-17 13:58:37,080 DEBUG    urllib3.connectionpool: https://api.openalex.org:443 "GET /works?search=aptamer+selection+protein+target&per-page=100&cursor=IlszOC43OTMwOTUsIDE2NTUwNzg0MDAwMDAsICdodHRwczovL29wZW5hbGV4Lm9yZy9XNDI4MjU3MzQzOCddIg%3D%3D&select=id%2Cdoi%2Ctitle%2Cabstract_inverted_index%2Copen_access HTTP/1.1" 200 None
2026-06-17 13:58:37,289 DEBUG    urllib3.connectionpool: https://api.biorxiv.org:443 "GET /details/biorxiv/2025-06-17/2026-06-17/3300 HTTP/1.1" 200 None
2026-06-17 13:58:38,226 DEBUG    urllib3.connectionpool: https://api.openalex.org:443 "GET /works?search=aptamer+selection+protein+target&per-page=100&cursor=IlszNy45NjU4NCwgMTY3NTgxNDQwMDAwMCwgJ2h0dHBzOi8vb3BlbmFsZXgub3JnL1c0MzE5NDU4OTI2J10i&select=id%2Cdoi%2Ctitle%2Cabstract_inverted_index%2Copen_access HTTP/1.1" 200 None
2026-06-17 13:58:38,653 DEBUG    urllib3.connectionpool: https://api.biorxiv.org:443 "GET /details/biorxiv/2025-06-17/2026-06-17/3330 HTTP/1.1" 200 None
2026-06-17 13:58:39,166 DEBUG    urllib3.connectionpool: https://api.openalex.org:443 "GET /works?search=aptamer+selection+protein+target&per-page=100&cursor=IlszNy4xNjc1NzIsIDE3NDcyNjcyMDAwMDAsICdodHRwczovL29wZW5hbGV4Lm9yZy9XNDQxMDQxNTk3MSddIg%3D%3D&select=id%2Cdoi%2Ctitle%2Cabstract_inverted_index%2Copen_access HTTP/1.1" 200 None
2026-06-17 13:58:39,694 DEBUG    urllib3.connectionpool: https://api.lens.org:443 "POST /patent/search HTTP/1.1" 200 None
2026-06-17 13:58:39,887 DEBUG    urllib3.connectionpool: https://api.openalex.org:443 "GET /works?search=aptamer+selection+protein+target&per-page=100&cursor=IlszNi4zMDI2NTQsIDEzMDY3MTM2MDAwMDAsICdodHRwczovL29wZW5hbGV4Lm9yZy9XMTU3NzUxMzMyNCddIg%3D%3D&select=id%2Cdoi%2Ctitle%2Cabstract_inverted_index%2Copen_access HTTP/1.1" 200 None
2026-06-17 13:58:39,992 DEBUG    urllib3.connectionpool: https://api.biorxiv.org:443 "GET /details/biorxiv/2025-06-17/2026-06-17/3360 HTTP/1.1" 200 None
2026-06-17 13:58:40,566 DEBUG    urllib3.connectionpool: https://api.openalex.org:443 "GET /works?search=aptamer+selection+protein+target&per-page=100&cursor=IlszNS43MTMxMiwgMTcxNTM4NTYwMDAwMCwgJ2h0dHBzOi8vb3BlbmFsZXgub3JnL1c0Mzk2ODQ3MTc3J10i&select=id%2Cdoi%2Ctitle%2Cabstract_inverted_index%2Copen_access HTTP/1.1" 200 None
2026-06-17 13:58:41,356 DEBUG    urllib3.connectionpool: https://api.openalex.org:443 "GET /works?search=aptamer+selection+protein+target&per-page=100&cursor=IlszNC45NjM0MDYsIDEzNjY2NzUyMDAwMDAsICdodHRwczovL29wZW5hbGV4Lm9yZy9XMjE0NzU3NTM4NiddIg%3D%3D&select=id%2Cdoi%2Ctitle%2Cabstract_inverted_index%2Copen_access HTTP/1.1" 200 None
2026-06-17 13:58:41,464 DEBUG    urllib3.connectionpool: https://api.biorxiv.org:443 "GET /details/biorxiv/2025-06-17/2026-06-17/3390 HTTP/1.1" 200 None
2026-06-17 13:58:42,103 DEBUG    urllib3.connectionpool: https://api.openalex.org:443 "GET /works?search=aptamer+selection+protein+target&per-page=100&cursor=IlszNC4zOTIwMzYsIDE2MTUyNDgwMDAwMDAsICdodHRwczovL29wZW5hbGV4Lm9yZy9XMzEzNTMzNjQ2MyddIg%3D%3D&select=id%2Cdoi%2Ctitle%2Cabstract_inverted_index%2Copen_access HTTP/1.1" 200 None
2026-06-17 13:58:42,838 DEBUG    urllib3.connectionpool: https://api.biorxiv.org:443 "GET /details/biorxiv/2025-06-17/2026-06-17/3420 HTTP/1.1" 200 None
2026-06-17 13:58:43,110 DEBUG    urllib3.connectionpool: https://api.openalex.org:443 "GET /works?search=aptamer+selection+protein+target&per-page=100&cursor=IlszMy43MjE2NTMsIDk4NjA4MzIwMDAwMCwgJ2h0dHBzOi8vb3BlbmFsZXgub3JnL1cyMDYzMDA4NzY4J10i&select=id%2Cdoi%2Ctitle%2Cabstract_inverted_index%2Copen_access HTTP/1.1" 200 None
2026-06-17 13:58:43,739 DEBUG    urllib3.connectionpool: https://api.lens.org:443 "POST /patent/search HTTP/1.1" 429 None
2026-06-17 13:58:43,739 WARNING  scripts.data.scraper.adapters.base: patents_wipo rate-limited (429); sleeping 5s
2026-06-17 13:58:43,883 DEBUG    urllib3.connectionpool: https://api.openalex.org:443 "GET /works?search=aptamer+selection+protein+target&per-page=100&cursor=IlszMy4wMTU1NjgsIDE2OTE1MzkyMDAwMDAsICdodHRwczovL29wZW5hbGV4Lm9yZy9XNDM4NTcwNjYwMyddIg%3D%3D&select=id%2Cdoi%2Ctitle%2Cabstract_inverted_index%2Copen_access HTTP/1.1" 200 None
2026-06-17 13:58:44,113 DEBUG    urllib3.connectionpool: https://api.biorxiv.org:443 "GET /details/biorxiv/2025-06-17/2026-06-17/3450 HTTP/1.1" 200 None
2026-06-17 13:58:44,604 DEBUG    urllib3.connectionpool: https://api.openalex.org:443 "GET /works?search=aptamer+selection+protein+target&per-page=100&cursor=IlszMi4zNjcyMSwgMTI5MTkzOTIwMDAwMCwgJ2h0dHBzOi8vb3BlbmFsZXgub3JnL1cyMTM1NDI1MDA0J10i&select=id%2Cdoi%2Ctitle%2Cabstract_inverted_index%2Copen_access HTTP/1.1" 200 None
2026-06-17 13:58:45,212 DEBUG    urllib3.connectionpool: https://api.openalex.org:443 "GET /works?search=aptamer+selection+protein+target&per-page=100&cursor=IlszMS42ODQ2MjQsIDE0Mzk5NDI0MDAwMDAsICdodHRwczovL29wZW5hbGV4Lm9yZy9XMjE0MzU0OTQxMCddIg%3D%3D&select=id%2Cdoi%2Ctitle%2Cabstract_inverted_index%2Copen_access HTTP/1.1" 200 None
2026-06-17 13:58:45,456 DEBUG    urllib3.connectionpool: https://api.biorxiv.org:443 "GET /details/biorxiv/2025-06-17/2026-06-17/3480 HTTP/1.1" 200 None
2026-06-17 13:58:45,790 DEBUG    urllib3.connectionpool: https://api.openalex.org:443 "GET /works?search=aptamer+selection+protein+target&per-page=100&cursor=IlszMS4wNzY0NDUsIDE3MDgwNDE2MDAwMDAsICdodHRwczovL29wZW5hbGV4Lm9yZy9XNDM5MTg3OTM0MSddIg%3D%3D&select=id%2Cdoi%2Ctitle%2Cabstract_inverted_index%2Copen_access HTTP/1.1" 200 None
2026-06-17 13:58:46,510 DEBUG    urllib3.connectionpool: https://api.openalex.org:443 "GET /works?search=aptamer+selection+protein+target&per-page=100&cursor=IlszMC40NTI2NTQsIDE2ODgxNjk2MDAwMDAsICdodHRwczovL29wZW5hbGV4Lm9yZy9XNDM4NTIzNDk3NCddIg%3D%3D&select=id%2Cdoi%2Ctitle%2Cabstract_inverted_index%2Copen_access HTTP/1.1" 200 None
2026-06-17 13:58:47,030 DEBUG    urllib3.connectionpool: https://api.openalex.org:443 "GET /works?search=aptamer+selection+protein+target&per-page=100&cursor=IlsyOS44NTAyMDYsIDE3NjA0ODY0MDAwMDAsICdodHRwczovL29wZW5hbGV4Lm9yZy9XNDQxNTIzMDc3MiddIg%3D%3D&select=id%2Cdoi%2Ctitle%2Cabstract_inverted_index%2Copen_access HTTP/1.1" 200 None
2026-06-17 13:58:47,327 DEBUG    urllib3.connectionpool: https://api.biorxiv.org:443 "GET /details/biorxiv/2025-06-17/2026-06-17/3510 HTTP/1.1" 200 None
2026-06-17 13:58:47,747 DEBUG    urllib3.connectionpool: https://api.openalex.org:443 "GET /works?search=aptamer+selection+protein+target&per-page=100&cursor=IlsyOS4yNjgzNTQsIDE3MjU5MjY0MDAwMDAsICdodHRwczovL29wZW5hbGV4Lm9yZy9XNDQwMjQyOTY4MSddIg%3D%3D&select=id%2Cdoi%2Ctitle%2Cabstract_inverted_index%2Copen_access HTTP/1.1" 200 None
2026-06-17 13:58:48,383 DEBUG    urllib3.connectionpool: https://api.openalex.org:443 "GET /works?search=aptamer+selection+protein+target&per-page=100&cursor=IlsyOC44MjMzMjIsIDE0MjU4NTkyMDAwMDAsICdodHRwczovL29wZW5hbGV4Lm9yZy9XMjEyMDIwMDMwNCddIg%3D%3D&select=id%2Cdoi%2Ctitle%2Cabstract_inverted_index%2Copen_access HTTP/1.1" 200 None
2026-06-17 13:58:49,126 DEBUG    urllib3.connectionpool: https://api.biorxiv.org:443 "GET /details/biorxiv/2025-06-17/2026-06-17/3540 HTTP/1.1" 200 None
2026-06-17 13:58:49,127 DEBUG    urllib3.connectionpool: https://api.openalex.org:443 "GET /works?search=aptamer+selection+protein+target&per-page=100&cursor=IlsyOC40MTM2NDEsIDE2ODQ3MTM2MDAwMDAsICdodHRwczovL29wZW5hbGV4Lm9yZy9XNDM3NzU2NTI5NyddIg%3D%3D&select=id%2Cdoi%2Ctitle%2Cabstract_inverted_index%2Copen_access HTTP/1.1" 200 None
2026-06-17 13:58:49,514 DEBUG    urllib3.connectionpool: https://api.lens.org:443 "POST /patent/search HTTP/1.1" 200 None
2026-06-17 13:58:49,893 DEBUG    urllib3.connectionpool: https://api.openalex.org:443 "GET /works?search=aptamer+selection+protein+target&per-page=100&cursor=IlsyNy45MjkyNDksIDE3NDU0NTI4MDAwMDAsICdodHRwczovL29wZW5hbGV4Lm9yZy9XNDQwOTczMzA0NiddIg%3D%3D&select=id%2Cdoi%2Ctitle%2Cabstract_inverted_index%2Copen_access HTTP/1.1" 200 None
2026-06-17 13:58:50,580 DEBUG    urllib3.connectionpool: https://api.biorxiv.org:443 "GET /details/biorxiv/2025-06-17/2026-06-17/3570 HTTP/1.1" 200 None
2026-06-17 13:58:50,711 DEBUG    urllib3.connectionpool: https://api.openalex.org:443 "GET /works?search=aptamer+selection+protein+target&per-page=100&cursor=IlsyNy41MjMwOTQsIDE2OTc0MTQ0MDAwMDAsICdodHRwczovL29wZW5hbGV4Lm9yZy9XNDM4NzY3NTQ5MCddIg%3D%3D&select=id%2Cdoi%2Ctitle%2Cabstract_inverted_index%2Copen_access HTTP/1.1" 200 None
2026-06-17 13:58:51,233 DEBUG    urllib3.connectionpool: https://api.semanticscholar.org:443 "GET /graph/v1/paper/search?query=CE-SELEX+aptamer+selection+binding&fields=paperId%2Ctitle%2Cabstract%2Cyear%2CexternalIds%2CopenAccessPdf&offset=0&limit=100 HTTP/1.1" 429 174
2026-06-17 13:58:51,235 WARNING  scripts.data.scraper.adapters.base: semantic_scholar rate-limited (429); sleeping 30s
2026-06-17 13:58:51,420 DEBUG    urllib3.connectionpool: https://api.openalex.org:443 "GET /works?search=aptamer+selection+protein+target&per-page=100&cursor=IlsyNi45NjQ3NjYsIDE0ODk2MjI0MDAwMDAsICdodHRwczovL29wZW5hbGV4Lm9yZy9XMjU5NjA2Njg4OSddIg%3D%3D&select=id%2Cdoi%2Ctitle%2Cabstract_inverted_index%2Copen_access HTTP/1.1" 200 None
2026-06-17 13:58:52,064 DEBUG    urllib3.connectionpool: https://api.biorxiv.org:443 "GET /details/biorxiv/2025-06-17/2026-06-17/3600 HTTP/1.1" 200 None
2026-06-17 13:58:52,137 DEBUG    urllib3.connectionpool: https://api.openalex.org:443 "GET /works?search=aptamer+selection+protein+target&per-page=100&cursor=IlsyNi40NDgyMTcsIDE2MjUwMTEyMDAwMDAsICdodHRwczovL29wZW5hbGV4Lm9yZy9XMzE3NjA5Mzk2MiddIg%3D%3D&select=id%2Cdoi%2Ctitle%2Cabstract_inverted_index%2Copen_access HTTP/1.1" 200 None
2026-06-17 13:58:52,800 DEBUG    urllib3.connectionpool: https://api.openalex.org:443 "GET /works?search=aptamer+selection+protein+target&per-page=100&cursor=IlsyNS45NTU5MDYsIDE1Nzg1MjgwMDAwMDAsICdodHRwczovL29wZW5hbGV4Lm9yZy9XMjk5OTk3NDg5OSddIg%3D%3D&select=id%2Cdoi%2Ctitle%2Cabstract_inverted_index%2Copen_access HTTP/1.1" 200 None
2026-06-17 13:58:53,419 DEBUG    urllib3.connectionpool: https://api.openalex.org:443 "GET /works?search=aptamer+selection+protein+target&per-page=100&cursor=IlsyNS40OTI2NjIsIDE0NjEyODMyMDAwMDAsICdodHRwczovL29wZW5hbGV4Lm9yZy9XMjM0MTAwNjYwOCddIg%3D%3D&select=id%2Cdoi%2Ctitle%2Cabstract_inverted_index%2Copen_access HTTP/1.1" 200 None
2026-06-17 13:58:53,539 DEBUG    urllib3.connectionpool: https://api.biorxiv.org:443 "GET /details/biorxiv/2025-06-17/2026-06-17/3630 HTTP/1.1" 200 None
2026-06-17 13:58:54,209 DEBUG    urllib3.connectionpool: https://api.openalex.org:443 "GET /works?search=aptamer+selection+protein+target&per-page=100&cursor=IlsyNS4wMDkwNzksIDE1OTQ1MTIwMDAwMDAsICdodHRwczovL29wZW5hbGV4Lm9yZy9XMzA0MTgxMzk1NSddIg%3D%3D&select=id%2Cdoi%2Ctitle%2Cabstract_inverted_index%2Copen_access HTTP/1.1" 200 None
2026-06-17 13:58:55,095 DEBUG    urllib3.connectionpool: https://api.openalex.org:443 "GET /works?search=aptamer+selection+protein+target&per-page=100&cursor=IlsyNC40MzU1NjYsIDE1NzYyODE2MDAwMDAsICdodHRwczovL29wZW5hbGV4Lm9yZy9XMjk5NTc1MzQzNSddIg%3D%3D&select=id%2Cdoi%2Ctitle%2Cabstract_inverted_index%2Copen_access HTTP/1.1" 200 None
2026-06-17 13:58:55,232 DEBUG    urllib3.connectionpool: https://api.biorxiv.org:443 "GET /details/biorxiv/2025-06-17/2026-06-17/3660 HTTP/1.1" 200 None
2026-06-17 13:58:55,981 DEBUG    urllib3.connectionpool: https://api.openalex.org:443 "GET /works?search=aptamer+selection+protein+target&per-page=100&cursor=IlsyMy45OTgyLCAxNzE2MDc2ODAwMDAwLCAnaHR0cHM6Ly9vcGVuYWxleC5vcmcvVzQzOTcwNDk1NTUnXSI%3D&select=id%2Cdoi%2Ctitle%2Cabstract_inverted_index%2Copen_access HTTP/1.1" 200 None
2026-06-17 13:58:56,472 DEBUG    urllib3.connectionpool: https://api.lens.org:443 "POST /patent/search HTTP/1.1" 200 None
2026-06-17 13:58:56,661 DEBUG    urllib3.connectionpool: https://api.openalex.org:443 "GET /works?search=aptamer+selection+protein+target&per-page=100&cursor=IlsyMy41NDQyMTYsIDEzMjczNjMyMDAwMDAsICdodHRwczovL29wZW5hbGV4Lm9yZy9XMjA3MjA2NDEwMyddIg%3D%3D&select=id%2Cdoi%2Ctitle%2Cabstract_inverted_index%2Copen_access HTTP/1.1" 200 None
2026-06-17 13:58:56,707 DEBUG    urllib3.connectionpool: https://api.biorxiv.org:443 "GET /details/biorxiv/2025-06-17/2026-06-17/3690 HTTP/1.1" 200 None
2026-06-17 13:58:57,364 DEBUG    urllib3.connectionpool: https://api.openalex.org:443 "GET /works?search=aptamer+selection+protein+target&per-page=100&cursor=IlsyMy4xNTIyOTgsIDE3NjgxNzYwMDAwMDAsICdodHRwczovL29wZW5hbGV4Lm9yZy9XNzEyMjM3OTg2NyddIg%3D%3D&select=id%2Cdoi%2Ctitle%2Cabstract_inverted_index%2Copen_access HTTP/1.1" 200 None
2026-06-17 13:58:58,048 DEBUG    urllib3.connectionpool: https://api.openalex.org:443 "GET /works?search=aptamer+selection+protein+target&per-page=100&cursor=IlsyMi42OTg0MzMsIDE0MjkwNTYwMDAwMDAsICdodHRwczovL29wZW5hbGV4Lm9yZy9XMjE0MTI1OTk4MSddIg%3D%3D&select=id%2Cdoi%2Ctitle%2Cabstract_inverted_index%2Copen_access HTTP/1.1" 200 None
2026-06-17 13:58:58,257 DEBUG    urllib3.connectionpool: https://api.biorxiv.org:443 "GET /details/biorxiv/2025-06-17/2026-06-17/3720 HTTP/1.1" 200 None
2026-06-17 13:58:58,823 DEBUG    urllib3.connectionpool: https://api.openalex.org:443 "GET /works?search=aptamer+selection+protein+target&per-page=100&cursor=IlsyMi4zMjIyMTYsIDE1ODAxNjk2MDAwMDAsICdodHRwczovL29wZW5hbGV4Lm9yZy9XMzAwMzc4Mjk5NiddIg%3D%3D&select=id%2Cdoi%2Ctitle%2Cabstract_inverted_index%2Copen_access HTTP/1.1" 200 None
2026-06-17 13:58:59,628 DEBUG    urllib3.connectionpool: https://api.openalex.org:443 "GET /works?search=aptamer+selection+protein+target&per-page=100&cursor=IlsyMi4wMDY1NjMsIDEzODM2OTYwMDAwMDAsICdodHRwczovL29wZW5hbGV4Lm9yZy9XMjEyMzA3NzkwOCddIg%3D%3D&select=id%2Cdoi%2Ctitle%2Cabstract_inverted_index%2Copen_access HTTP/1.1" 200 None
2026-06-17 13:58:59,811 DEBUG    urllib3.connectionpool: https://api.biorxiv.org:443 "GET /details/biorxiv/2025-06-17/2026-06-17/3750 HTTP/1.1" 200 None
2026-06-17 13:59:00,364 DEBUG    urllib3.connectionpool: https://api.openalex.org:443 "GET /works?search=aptamer+selection+protein+target&per-page=100&cursor=IlsyMS41OTUxNjcsIDE1NDgxMTUyMDAwMDAsICdodHRwczovL29wZW5hbGV4Lm9yZy9XMjkxMTY4MDk1MiddIg%3D%3D&select=id%2Cdoi%2Ctitle%2Cabstract_inverted_index%2Copen_access HTTP/1.1" 200 None
2026-06-17 13:59:00,446 INFO     scripts.data.scraper.adapters.patents_wipo: WIPOAdapter (via Lens PCT): 1141 records
2026-06-17 13:59:00,449 INFO     __main__: [patents_wipo] 1141 records in 197.6s
2026-06-17 13:59:00,973 DEBUG    urllib3.connectionpool: https://api.openalex.org:443 "GET /works?search=aptamer+selection+protein+target&per-page=100&cursor=IlsyMS4yNTkwNSwgMTYzMTc1MDQwMDAwMCwgJ2h0dHBzOi8vb3BlbmFsZXgub3JnL1czMjAwOTg4MjUxJ10i&select=id%2Cdoi%2Ctitle%2Cabstract_inverted_index%2Copen_access HTTP/1.1" 200 None
2026-06-17 13:59:01,189 DEBUG    urllib3.connectionpool: https://api.biorxiv.org:443 "GET /details/biorxiv/2025-06-17/2026-06-17/3780 HTTP/1.1" 200 None
2026-06-17 13:59:01,750 DEBUG    urllib3.connectionpool: https://api.openalex.org:443 "GET /works?search=aptamer+selection+protein+target&per-page=100&cursor=IlsyMC44ODc4NjEsIDE2MDk0NTkyMDAwMDAsICdodHRwczovL29wZW5hbGV4Lm9yZy9XMzE1NTE3NDY1NiddIg%3D%3D&select=id%2Cdoi%2Ctitle%2Cabstract_inverted_index%2Copen_access HTTP/1.1" 200 None
2026-06-17 13:59:02,425 DEBUG    urllib3.connectionpool: https://api.openalex.org:443 "GET /works?search=aptamer+selection+protein+target&per-page=100&cursor=IlsyMC41NzA2NzMsIDE3MTgzMjMyMDAwMDAsICdodHRwczovL29wZW5hbGV4Lm9yZy9XNDM5OTY3ODY2OSddIg%3D%3D&select=id%2Cdoi%2Ctitle%2Cabstract_inverted_index%2Copen_access HTTP/1.1" 200 None
2026-06-17 13:59:02,756 DEBUG    urllib3.connectionpool: https://api.biorxiv.org:443 "GET /details/biorxiv/2025-06-17/2026-06-17/3810 HTTP/1.1" 200 None
2026-06-17 13:59:03,076 DEBUG    urllib3.connectionpool: https://api.openalex.org:443 "GET /works?search=aptamer+selection+protein+target&per-page=100&cursor=IlsyMC4xNjk1NCwgMTY1MDQ5OTIwMDAwMCwgJ2h0dHBzOi8vb3BlbmFsZXgub3JnL1c0MjI0MjM5NjU5J10i&select=id%2Cdoi%2Ctitle%2Cabstract_inverted_index%2Copen_access HTTP/1.1" 200 None
2026-06-17 13:59:03,906 DEBUG    urllib3.connectionpool: https://api.openalex.org:443 "GET /works?search=aptamer+selection+protein+target&per-page=100&cursor=IlsxOS44ODg0OTYsIDE2NTcwNjU2MDAwMDAsICdodHRwczovL29wZW5hbGV4Lm9yZy9XNDI4NjI0NTk5NSddIg%3D%3D&select=id%2Cdoi%2Ctitle%2Cabstract_inverted_index%2Copen_access HTTP/1.1" 200 None
2026-06-17 13:59:04,068 DEBUG    urllib3.connectionpool: https://api.biorxiv.org:443 "GET /details/biorxiv/2025-06-17/2026-06-17/3840 HTTP/1.1" 200 None
2026-06-17 13:59:04,665 DEBUG    urllib3.connectionpool: https://api.openalex.org:443 "GET /works?search=aptamer+selection+protein+target&per-page=100&cursor=IlsxOS42MjQzMzIsIDE1MzMxNjgwMDAwMDAsICdodHRwczovL29wZW5hbGV4Lm9yZy9XMjg4NzQyOTYxOSddIg%3D%3D&select=id%2Cdoi%2Ctitle%2Cabstract_inverted_index%2Copen_access HTTP/1.1" 200 None
2026-06-17 13:59:05,377 DEBUG    urllib3.connectionpool: https://api.openalex.org:443 "GET /works?search=aptamer+selection+protein+target&per-page=100&cursor=IlsxOS4zMjAzNzcsIDE2ODQ3MTM2MDAwMDAsICdodHRwczovL29wZW5hbGV4Lm9yZy9XNDM3NzI0NTg1NCddIg%3D%3D&select=id%2Cdoi%2Ctitle%2Cabstract_inverted_index%2Copen_access HTTP/1.1" 200 None
2026-06-17 13:59:05,648 DEBUG    urllib3.connectionpool: https://api.biorxiv.org:443 "GET /details/biorxiv/2025-06-17/2026-06-17/3870 HTTP/1.1" 200 None
2026-06-17 13:59:06,115 DEBUG    urllib3.connectionpool: https://api.openalex.org:443 "GET /works?search=aptamer+selection+protein+target&per-page=100&cursor=IlsxOS4wNTU4NSwgMTc2NTMyNDgwMDAwMCwgJ2h0dHBzOi8vb3BlbmFsZXgub3JnL1c3MTEzODk3NTE4J10i&select=id%2Cdoi%2Ctitle%2Cabstract_inverted_index%2Copen_access HTTP/1.1" 200 None
2026-06-17 13:59:06,860 DEBUG    urllib3.connectionpool: https://api.openalex.org:443 "GET /works?search=aptamer+selection+protein+target&per-page=100&cursor=IlsxOC43ODcxOTEsIDE2NzgwNjA4MDAwMDAsICdodHRwczovL29wZW5hbGV4Lm9yZy9XNDMyMzM2Mjk2MSddIg%3D%3D&select=id%2Cdoi%2Ctitle%2Cabstract_inverted_index%2Copen_access HTTP/1.1" 200 None
2026-06-17 13:59:07,147 DEBUG    urllib3.connectionpool: https://api.biorxiv.org:443 "GET /details/biorxiv/2025-06-17/2026-06-17/3900 HTTP/1.1" 200 None
2026-06-17 13:59:07,668 DEBUG    urllib3.connectionpool: https://api.openalex.org:443 "GET /works?search=aptamer+selection+protein+target&per-page=100&cursor=IlsxOC41Mzc2MDcsIDEzOTc2OTI4MDAwMDAsICdodHRwczovL29wZW5hbGV4Lm9yZy9XMTk2NDY2MzA2NyddIg%3D%3D&select=id%2Cdoi%2Ctitle%2Cabstract_inverted_index%2Copen_access HTTP/1.1" 200 None
2026-06-17 13:59:08,600 DEBUG    urllib3.connectionpool: https://api.openalex.org:443 "GET /works?search=aptamer+selection+protein+target&per-page=100&cursor=IlsxOC4yNzk3ODcsIDE2NzY1MDU2MDAwMDAsICdodHRwczovL29wZW5hbGV4Lm9yZy9XNDMyMTA5MDI3MSddIg%3D%3D&select=id%2Cdoi%2Ctitle%2Cabstract_inverted_index%2Copen_access HTTP/1.1" 200 None
2026-06-17 13:59:08,848 DEBUG    urllib3.connectionpool: https://api.biorxiv.org:443 "GET /details/biorxiv/2025-06-17/2026-06-17/3930 HTTP/1.1" 200 None
2026-06-17 13:59:09,147 DEBUG    urllib3.connectionpool: https://api.openalex.org:443 "GET /works?search=aptamer+selection+protein+target&per-page=100&cursor=IlsxNy45Nzc4MjcsIDE2NDkyMDMyMDAwMDAsICdodHRwczovL29wZW5hbGV4Lm9yZy9XNDIyMzYxMTg2NSddIg%3D%3D&select=id%2Cdoi%2Ctitle%2Cabstract_inverted_index%2Copen_access HTTP/1.1" 200 None
2026-06-17 13:59:09,932 DEBUG    urllib3.connectionpool: https://api.openalex.org:443 "GET /works?search=aptamer+selection+protein+target&per-page=100&cursor=IlsxNy43MTMyNzgsIDE3MTc2MzIwMDAwMDAsICdodHRwczovL29wZW5hbGV4Lm9yZy9XNDM5OTM4MTgwMSddIg%3D%3D&select=id%2Cdoi%2Ctitle%2Cabstract_inverted_index%2Copen_access HTTP/1.1" 200 None
2026-06-17 13:59:10,149 DEBUG    urllib3.connectionpool: https://api.biorxiv.org:443 "GET /details/biorxiv/2025-06-17/2026-06-17/3960 HTTP/1.1" 200 None
2026-06-17 13:59:10,643 DEBUG    urllib3.connectionpool: https://api.openalex.org:443 "GET /works?search=aptamer+selection+protein+target&per-page=100&cursor=IlsxNy40NzAwMSwgMTczMTQ1NjAwMDAwMCwgJ2h0dHBzOi8vb3BlbmFsZXgub3JnL1c0NDA0MzEzNjkzJ10i&select=id%2Cdoi%2Ctitle%2Cabstract_inverted_index%2Copen_access HTTP/1.1" 200 None
2026-06-17 13:59:11,335 DEBUG    urllib3.connectionpool: https://api.openalex.org:443 "GET /works?search=aptamer+selection+protein+target&per-page=100&cursor=IlsxNy4yMzg5NTgsIDE1OTQ1OTg0MDAwMDAsICdodHRwczovL29wZW5hbGV4Lm9yZy9XMzA0MTI2NTkwMyddIg%3D%3D&select=id%2Cdoi%2Ctitle%2Cabstract_inverted_index%2Copen_access HTTP/1.1" 200 None
2026-06-17 13:59:12,076 DEBUG    urllib3.connectionpool: https://api.openalex.org:443 "GET /works?search=aptamer+selection+protein+target&per-page=100&cursor=IlsxNy4wNTgwMTYsIDE2NDQxOTIwMDAwMDAsICdodHRwczovL29wZW5hbGV4Lm9yZy9XNDIxMDg4OTMwOCddIg%3D%3D&select=id%2Cdoi%2Ctitle%2Cabstract_inverted_index%2Copen_access HTTP/1.1" 200 None
2026-06-17 13:59:12,408 DEBUG    urllib3.connectionpool: https://api.biorxiv.org:443 "GET /details/biorxiv/2025-06-17/2026-06-17/3990 HTTP/1.1" 200 None
2026-06-17 13:59:12,720 DEBUG    urllib3.connectionpool: https://api.openalex.org:443 "GET /works?search=aptamer+selection+protein+target&per-page=100&cursor=IlsxNi44MTk5OSwgMTU2NzEyMzIwMDAwMCwgJ2h0dHBzOi8vb3BlbmFsZXgub3JnL1cyOTYyOTk2ODE5J10i&select=id%2Cdoi%2Ctitle%2Cabstract_inverted_index%2Copen_access HTTP/1.1" 200 None
2026-06-17 13:59:13,437 DEBUG    urllib3.connectionpool: https://api.openalex.org:443 "GET /works?search=aptamer+selection+protein+target&per-page=100&cursor=IlsxNi42MzY3MzYsIDE3MDQ5MzEyMDAwMDAsICdodHRwczovL29wZW5hbGV4Lm9yZy9XNDM5MDc0MDI2MSddIg%3D%3D&select=id%2Cdoi%2Ctitle%2Cabstract_inverted_index%2Copen_access HTTP/1.1" 200 None
2026-06-17 13:59:13,657 DEBUG    urllib3.connectionpool: https://api.biorxiv.org:443 "GET /details/biorxiv/2025-06-17/2026-06-17/4020 HTTP/1.1" 200 None
2026-06-17 13:59:14,158 DEBUG    urllib3.connectionpool: https://api.openalex.org:443 "GET /works?search=aptamer+selection+protein+target&per-page=100&cursor=IlsxNi40MjQ4NjgsIDE0MzU3MDg4MDAwMDAsICdodHRwczovL29wZW5hbGV4Lm9yZy9XMTY2ODk2Njg0MyddIg%3D%3D&select=id%2Cdoi%2Ctitle%2Cabstract_inverted_index%2Copen_access HTTP/1.1" 200 None
2026-06-17 13:59:14,903 DEBUG    urllib3.connectionpool: https://api.openalex.org:443 "GET /works?search=aptamer+selection+protein+target&per-page=100&cursor=IlsxNi4yMTE0NTYsIDEzNzk4OTQ0MDAwMDAsICdodHRwczovL29wZW5hbGV4Lm9yZy9XMjA2NDU5MDE1MyddIg%3D%3D&select=id%2Cdoi%2Ctitle%2Cabstract_inverted_index%2Copen_access HTTP/1.1" 200 None
2026-06-17 13:59:15,017 DEBUG    urllib3.connectionpool: https://api.biorxiv.org:443 "GET /details/biorxiv/2025-06-17/2026-06-17/4050 HTTP/1.1" 200 None
2026-06-17 13:59:15,658 DEBUG    urllib3.connectionpool: https://api.openalex.org:443 "GET /works?search=aptamer+selection+protein+target&per-page=100&cursor=IlsxNi4wMjE4NDcsIDE0NTE2MDY0MDAwMDAsICdodHRwczovL29wZW5hbGV4Lm9yZy9XMjM0NTg4NzI3NiddIg%3D%3D&select=id%2Cdoi%2Ctitle%2Cabstract_inverted_index%2Copen_access HTTP/1.1" 200 None
2026-06-17 13:59:16,491 DEBUG    urllib3.connectionpool: https://api.openalex.org:443 "GET /works?search=aptamer+selection+protein+target&per-page=100&cursor=IlsxNS44NDA3NDYsIDE3MDQwNjcyMDAwMDAsICdodHRwczovL29wZW5hbGV4Lm9yZy9XNDM5MjAxNTEyMSddIg%3D%3D&select=id%2Cdoi%2Ctitle%2Cabstract_inverted_index%2Copen_access HTTP/1.1" 200 None
2026-06-17 13:59:16,585 DEBUG    urllib3.connectionpool: https://api.biorxiv.org:443 "GET /details/biorxiv/2025-06-17/2026-06-17/4080 HTTP/1.1" 200 None
2026-06-17 13:59:17,109 DEBUG    urllib3.connectionpool: https://api.openalex.org:443 "GET /works?search=aptamer+selection+protein+target&per-page=100&cursor=IlsxNS42Mjk1MjUsIDE3MjA0ODMyMDAwMDAsICdodHRwczovL29wZW5hbGV4Lm9yZy9XNDQwMDQ3MzYzOSddIg%3D%3D&select=id%2Cdoi%2Ctitle%2Cabstract_inverted_index%2Copen_access HTTP/1.1" 200 None
2026-06-17 13:59:17,824 DEBUG    urllib3.connectionpool: https://api.openalex.org:443 "GET /works?search=aptamer+selection+protein+target&per-page=100&cursor=IlsxNS40NTIyMzgsIDE2OTM0NDAwMDAwMDAsICdodHRwczovL29wZW5hbGV4Lm9yZy9XNDM4NjM0NzE2NSddIg%3D%3D&select=id%2Cdoi%2Ctitle%2Cabstract_inverted_index%2Copen_access HTTP/1.1" 200 None
2026-06-17 13:59:18,489 DEBUG    urllib3.connectionpool: https://api.biorxiv.org:443 "GET /details/biorxiv/2025-06-17/2026-06-17/4110 HTTP/1.1" 200 None
2026-06-17 13:59:18,490 DEBUG    urllib3.connectionpool: https://api.openalex.org:443 "GET /works?search=aptamer+selection+protein+target&per-page=100&cursor=IlsxNS4yNTMwMjgsIDE1NDYzMDA4MDAwMDAsICdodHRwczovL29wZW5hbGV4Lm9yZy9XMjk5NDU5NTczMCddIg%3D%3D&select=id%2Cdoi%2Ctitle%2Cabstract_inverted_index%2Copen_access HTTP/1.1" 200 None
2026-06-17 13:59:19,203 DEBUG    urllib3.connectionpool: https://api.openalex.org:443 "GET /works?search=aptamer+selection+protein+target&per-page=100&cursor=IlsxNS4wODc1MjIsIDE3MTQ1MjE2MDAwMDAsICdodHRwczovL29wZW5hbGV4Lm9yZy9XNDM5NjgwNDcxNiddIg%3D%3D&select=id%2Cdoi%2Ctitle%2Cabstract_inverted_index%2Copen_access HTTP/1.1" 200 None
2026-06-17 13:59:20,059 DEBUG    urllib3.connectionpool: https://api.biorxiv.org:443 "GET /details/biorxiv/2025-06-17/2026-06-17/4140 HTTP/1.1" 200 None
2026-06-17 13:59:20,060 DEBUG    urllib3.connectionpool: https://api.openalex.org:443 "GET /works?search=aptamer+selection+protein+target&per-page=100&cursor=IlsxNC45MTUyNzUsIDE1NzQ2NDAwMDAwMDAsICdodHRwczovL29wZW5hbGV4Lm9yZy9XMjk5MDYzNzIyMSddIg%3D%3D&select=id%2Cdoi%2Ctitle%2Cabstract_inverted_index%2Copen_access HTTP/1.1" 200 None
2026-06-17 13:59:20,774 DEBUG    urllib3.connectionpool: https://api.openalex.org:443 "GET /works?search=aptamer+selection+protein+target&per-page=100&cursor=IlsxNC43NDA5MjcsIDE3NjEwOTEyMDAwMDAsICdodHRwczovL29wZW5hbGV4Lm9yZy9XNDQxNTQxODk5MSddIg%3D%3D&select=id%2Cdoi%2Ctitle%2Cabstract_inverted_index%2Copen_access HTTP/1.1" 200 None
2026-06-17 13:59:21,398 DEBUG    urllib3.connectionpool: https://api.semanticscholar.org:443 "GET /graph/v1/paper/search?query=CE-SELEX+aptamer+selection+binding&fields=paperId%2Ctitle%2Cabstract%2Cyear%2CexternalIds%2CopenAccessPdf&offset=0&limit=100 HTTP/1.1" 429 174
2026-06-17 13:59:21,399 WARNING  scripts.data.scraper.adapters.base: semantic_scholar https://api.semanticscholar.org/graph/v1/paper/search failed after retries: 429 Client Error:  for url: https://api.semanticscholar.org/graph/v1/paper/search?query=CE-SELEX+aptamer+selection+binding&fields=paperId%2Ctitle%2Cabstract%2Cyear%2CexternalIds%2CopenAccessPdf&offset=0&limit=100
2026-06-17 13:59:21,436 DEBUG    urllib3.connectionpool: https://api.biorxiv.org:443 "GET /details/biorxiv/2025-06-17/2026-06-17/4170 HTTP/1.1" 200 None
2026-06-17 13:59:21,456 DEBUG    urllib3.connectionpool: https://api.openalex.org:443 "GET /works?search=aptamer+selection+protein+target&per-page=100&cursor=IlsxNC41NTgxNDU1LCAxNDUwMzEwNDAwMDAwLCAnaHR0cHM6Ly9vcGVuYWxleC5vcmcvVzIyMzExODc4NTknXSI%3D&select=id%2Cdoi%2Ctitle%2Cabstract_inverted_index%2Copen_access HTTP/1.1" 200 None
2026-06-17 13:59:22,220 DEBUG    urllib3.connectionpool: https://api.openalex.org:443 "GET /works?search=aptamer+selection+protein+target&per-page=100&cursor=IlsxNC4zOTA2MTksIDE3MTQ1MjE2MDAwMDAsICdodHRwczovL29wZW5hbGV4Lm9yZy9XNDM5ODE4MTU3MCddIg%3D%3D&select=id%2Cdoi%2Ctitle%2Cabstract_inverted_index%2Copen_access HTTP/1.1" 200 None
2026-06-17 13:59:22,715 DEBUG    urllib3.connectionpool: https://api.biorxiv.org:443 "GET /details/biorxiv/2025-06-17/2026-06-17/4200 HTTP/1.1" 200 None
2026-06-17 13:59:22,768 DEBUG    urllib3.connectionpool: https://api.openalex.org:443 "GET /works?search=aptamer+selection+protein+target&per-page=100&cursor=IlsxNC4xOTk0NjEsIDE3MDQwNjcyMDAwMDAsICdodHRwczovL29wZW5hbGV4Lm9yZy9XNDM5MDg5MzEzNyddIg%3D%3D&select=id%2Cdoi%2Ctitle%2Cabstract_inverted_index%2Copen_access HTTP/1.1" 200 None
2026-06-17 13:59:23,468 DEBUG    urllib3.connectionpool: https://api.openalex.org:443 "GET /works?search=aptamer+selection+protein+target&per-page=100&cursor=IlsxNC4wNDU1NjYsIDE3NTQwMDY0MDAwMDAsICdodHRwczovL29wZW5hbGV4Lm9yZy9XNDQxMjg4MTQ2MCddIg%3D%3D&select=id%2Cdoi%2Ctitle%2Cabstract_inverted_index%2Copen_access HTTP/1.1" 200 None
2026-06-17 13:59:23,980 DEBUG    urllib3.connectionpool: https://api.biorxiv.org:443 "GET /details/biorxiv/2025-06-17/2026-06-17/4230 HTTP/1.1" 200 None
2026-06-17 13:59:24,102 DEBUG    urllib3.connectionpool: https://api.openalex.org:443 "GET /works?search=aptamer+selection+protein+target&per-page=100&cursor=IlsxMy44ODc5ODIsIDE3NTIxOTIwMDAwMDAsICdodHRwczovL29wZW5hbGV4Lm9yZy9XNDQxMjIwMTc2NyddIg%3D%3D&select=id%2Cdoi%2Ctitle%2Cabstract_inverted_index%2Copen_access HTTP/1.1" 200 None
2026-06-17 13:59:24,337 DEBUG    urllib3.connectionpool: https://api.semanticscholar.org:443 "GET /graph/v1/paper/search?query=Capture-SELEX+aptamer+sequence&fields=paperId%2Ctitle%2Cabstract%2Cyear%2CexternalIds%2CopenAccessPdf&offset=0&limit=100 HTTP/1.1" 429 174
2026-06-17 13:59:24,339 WARNING  scripts.data.scraper.adapters.base: semantic_scholar rate-limited (429); sleeping 5s
2026-06-17 13:59:24,776 DEBUG    urllib3.connectionpool: https://api.openalex.org:443 "GET /works?search=aptamer+selection+protein+target&per-page=100&cursor=IlsxMy43MjgxMzgsIDE2ODI1NTM2MDAwMDAsICdodHRwczovL29wZW5hbGV4Lm9yZy9XNDM2NzE4MzkwMiddIg%3D%3D&select=id%2Cdoi%2Ctitle%2Cabstract_inverted_index%2Copen_access HTTP/1.1" 200 None
2026-06-17 13:59:25,299 DEBUG    urllib3.connectionpool: https://api.biorxiv.org:443 "GET /details/biorxiv/2025-06-17/2026-06-17/4260 HTTP/1.1" 200 None
2026-06-17 13:59:25,497 DEBUG    urllib3.connectionpool: https://api.openalex.org:443 "GET /works?search=aptamer+selection+protein+target&per-page=100&cursor=IlsxMy41NDU4NTU1LCAxNjEzOTUyMDAwMDAwLCAnaHR0cHM6Ly9vcGVuYWxleC5vcmcvVzMxMzE4MDAxMDknXSI%3D&select=id%2Cdoi%2Ctitle%2Cabstract_inverted_index%2Copen_access HTTP/1.1" 200 None
2026-06-17 13:59:26,347 DEBUG    urllib3.connectionpool: https://api.openalex.org:443 "GET /works?search=aptamer+selection+protein+target&per-page=100&cursor=IlsxMy4zODk2MDgsIDE0MjU0MjcyMDAwMDAsICdodHRwczovL29wZW5hbGV4Lm9yZy9XMTk3MTc2OTgyMiddIg%3D%3D&select=id%2Cdoi%2Ctitle%2Cabstract_inverted_index%2Copen_access HTTP/1.1" 200 None
2026-06-17 13:59:26,591 DEBUG    urllib3.connectionpool: https://api.biorxiv.org:443 "GET /details/biorxiv/2025-06-17/2026-06-17/4290 HTTP/1.1" 200 None
2026-06-17 13:59:27,068 DEBUG    urllib3.connectionpool: https://api.openalex.org:443 "GET /works?search=aptamer+selection+protein+target&per-page=100&cursor=IlsxMy4yNjI5MDYsIDE2Mjc1MTY4MDAwMDAsICdodHRwczovL29wZW5hbGV4Lm9yZy9XMzE4NTQ2ODY4OSddIg%3D%3D&select=id%2Cdoi%2Ctitle%2Cabstract_inverted_index%2Copen_access HTTP/1.1" 200 None
2026-06-17 13:59:27,649 DEBUG    urllib3.connectionpool: https://api.openalex.org:443 "GET /works?search=aptamer+selection+protein+target&per-page=100&cursor=IlsxMy4xMTI4NTUsIDE2ODIxMjE2MDAwMDAsICdodHRwczovL29wZW5hbGV4Lm9yZy9XNDM2NjgyODQ4NiddIg%3D%3D&select=id%2Cdoi%2Ctitle%2Cabstract_inverted_index%2Copen_access HTTP/1.1" 200 None
2026-06-17 13:59:28,178 DEBUG    urllib3.connectionpool: https://api.biorxiv.org:443 "GET /details/biorxiv/2025-06-17/2026-06-17/4320 HTTP/1.1" 200 None
2026-06-17 13:59:28,279 DEBUG    urllib3.connectionpool: https://api.openalex.org:443 "GET /works?search=aptamer+selection+protein+target&per-page=100&cursor=IlsxMi45MzE3NDcsIDE3MDQwNjcyMDAwMDAsICdodHRwczovL29wZW5hbGV4Lm9yZy9XNDM5MjU2NTc2NCddIg%3D%3D&select=id%2Cdoi%2Ctitle%2Cabstract_inverted_index%2Copen_access HTTP/1.1" 200 None
2026-06-17 13:59:29,183 DEBUG    urllib3.connectionpool: https://api.openalex.org:443 "GET /works?search=aptamer+selection+protein+target&per-page=100&cursor=IlsxMi43ODY5NDMsIDE3MjMwNzUyMDAwMDAsICdodHRwczovL29wZW5hbGV4Lm9yZy9XNDQwMTQxODc0MSddIg%3D%3D&select=id%2Cdoi%2Ctitle%2Cabstract_inverted_index%2Copen_access HTTP/1.1" 200 None
2026-06-17 13:59:29,491 DEBUG    urllib3.connectionpool: https://api.semanticscholar.org:443 "GET /graph/v1/paper/search?query=Capture-SELEX+aptamer+sequence&fields=paperId%2Ctitle%2Cabstract%2Cyear%2CexternalIds%2CopenAccessPdf&offset=0&limit=100 HTTP/1.1" 429 174
2026-06-17 13:59:29,493 WARNING  scripts.data.scraper.adapters.base: semantic_scholar rate-limited (429); sleeping 15s
2026-06-17 13:59:29,693 DEBUG    urllib3.connectionpool: https://api.openalex.org:443 "GET /works?search=aptamer+selection+protein+target&per-page=100&cursor=IlsxMi42MjMwMTIsIDE3MjI5MDI0MDAwMDAsICdodHRwczovL29wZW5hbGV4Lm9yZy9XNDQwMTM1OTkxOCddIg%3D%3D&select=id%2Cdoi%2Ctitle%2Cabstract_inverted_index%2Copen_access HTTP/1.1" 200 None
2026-06-17 13:59:29,876 DEBUG    urllib3.connectionpool: https://api.biorxiv.org:443 "GET /details/biorxiv/2025-06-17/2026-06-17/4350 HTTP/1.1" 200 None
2026-06-17 13:59:30,372 DEBUG    urllib3.connectionpool: https://api.openalex.org:443 "GET /works?search=aptamer+selection+protein+target&per-page=100&cursor=IlsxMi40ODM0MDIsIDEyNzI2NzIwMDAwMDAsICdodHRwczovL29wZW5hbGV4Lm9yZy9XMjAyNDExNTc0MCddIg%3D%3D&select=id%2Cdoi%2Ctitle%2Cabstract_inverted_index%2Copen_access HTTP/1.1" 200 None
2026-06-17 13:59:31,160 DEBUG    urllib3.connectionpool: https://api.openalex.org:443 "GET /works?search=aptamer+selection+protein+target&per-page=100&cursor=IlsxMi4zMjA2NjcsIDE0NzMyMDY0MDAwMDAsICdodHRwczovL29wZW5hbGV4Lm9yZy9XMjUxNjI3ODgyMiddIg%3D%3D&select=id%2Cdoi%2Ctitle%2Cabstract_inverted_index%2Copen_access HTTP/1.1" 200 None
2026-06-17 13:59:31,337 DEBUG    urllib3.connectionpool: https://api.biorxiv.org:443 "GET /details/biorxiv/2025-06-17/2026-06-17/4380 HTTP/1.1" 200 None
2026-06-17 13:59:31,781 DEBUG    urllib3.connectionpool: https://api.openalex.org:443 "GET /works?search=aptamer+selection+protein+target&per-page=100&cursor=IlsxMi4xNzY0MzQ1LCAxNTEyOTUwNDAwMDAwLCAnaHR0cHM6Ly9vcGVuYWxleC5vcmcvVzI3NzM1OTU1MjUnXSI%3D&select=id%2Cdoi%2Ctitle%2Cabstract_inverted_index%2Copen_access HTTP/1.1" 200 None
2026-06-17 13:59:32,669 DEBUG    urllib3.connectionpool: https://api.openalex.org:443 "GET /works?search=aptamer+selection+protein+target&per-page=100&cursor=IlsxMS45NzcyMDA1LCAxNzU0MDA2NDAwMDAwLCAnaHR0cHM6Ly9vcGVuYWxleC5vcmcvVzQ0MTMwMzE0OTgnXSI%3D&select=id%2Cdoi%2Ctitle%2Cabstract_inverted_index%2Copen_access HTTP/1.1" 200 None
2026-06-17 13:59:32,832 DEBUG    urllib3.connectionpool: https://api.biorxiv.org:443 "GET /details/biorxiv/2025-06-17/2026-06-17/4410 HTTP/1.1" 200 None
2026-06-17 13:59:33,267 DEBUG    urllib3.connectionpool: https://api.openalex.org:443 "GET /works?search=aptamer+selection+protein+target&per-page=100&cursor=IlsxMS44MjcwMjgsIDExNTQzOTA0MDAwMDAsICdodHRwczovL29wZW5hbGV4Lm9yZy9XMTgyMzIzNjE3OCddIg%3D%3D&select=id%2Cdoi%2Ctitle%2Cabstract_inverted_index%2Copen_access HTTP/1.1" 200 None
2026-06-17 13:59:34,102 DEBUG    urllib3.connectionpool: https://api.openalex.org:443 "GET /works?search=aptamer+selection+protein+target&per-page=100&cursor=IlsxMS42ODk5NTMsIDE1OTc5NjgwMDAwMDAsICdodHRwczovL29wZW5hbGV4Lm9yZy9XMzA4MDQyOTEzMiddIg%3D%3D&select=id%2Cdoi%2Ctitle%2Cabstract_inverted_index%2Copen_access HTTP/1.1" 200 None
2026-06-17 13:59:34,248 DEBUG    urllib3.connectionpool: https://api.biorxiv.org:443 "GET /details/biorxiv/2025-06-17/2026-06-17/4440 HTTP/1.1" 200 None
2026-06-17 13:59:34,842 DEBUG    urllib3.connectionpool: https://api.openalex.org:443 "GET /works?search=aptamer+selection+protein+target&per-page=100&cursor=IlsxMS41NTIyNDgsIDE1Nzc4MzY4MDAwMDAsICdodHRwczovL29wZW5hbGV4Lm9yZy9XMzA5MDM1MjI0OCddIg%3D%3D&select=id%2Cdoi%2Ctitle%2Cabstract_inverted_index%2Copen_access HTTP/1.1" 200 None
2026-06-17 13:59:35,547 DEBUG    urllib3.connectionpool: https://api.openalex.org:443 "GET /works?search=aptamer+selection+protein+target&per-page=100&cursor=IlsxMS40MDkyNDUsIDE0NTE2MDY0MDAwMDAsICdodHRwczovL29wZW5hbGV4Lm9yZy9XMjQ2MjM4NDcwMSddIg%3D%3D&select=id%2Cdoi%2Ctitle%2Cabstract_inverted_index%2Copen_access HTTP/1.1" 200 None
2026-06-17 13:59:36,057 DEBUG    urllib3.connectionpool: https://api.biorxiv.org:443 "GET /details/biorxiv/2025-06-17/2026-06-17/4470 HTTP/1.1" 200 None
2026-06-17 13:59:36,317 DEBUG    urllib3.connectionpool: https://api.openalex.org:443 "GET /works?search=aptamer+selection+protein+target&per-page=100&cursor=IlsxMS4yNzg5NCwgMTczMTg4ODAwMDAwMCwgJ2h0dHBzOi8vb3BlbmFsZXgub3JnL1c0NDA0NDgxODUwJ10i&select=id%2Cdoi%2Ctitle%2Cabstract_inverted_index%2Copen_access HTTP/1.1" 200 None
2026-06-17 13:59:37,024 DEBUG    urllib3.connectionpool: https://api.openalex.org:443 "GET /works?search=aptamer+selection+protein+target&per-page=100&cursor=IlsxMS4xMzgwODI1LCAxNTUzNzMxMjAwMDAwLCAnaHR0cHM6Ly9vcGVuYWxleC5vcmcvVzI5MjM4Nzg5NzYnXSI%3D&select=id%2Cdoi%2Ctitle%2Cabstract_inverted_index%2Copen_access HTTP/1.1" 200 None
2026-06-17 13:59:37,569 DEBUG    urllib3.connectionpool: https://api.biorxiv.org:443 "GET /details/biorxiv/2025-06-17/2026-06-17/4500 HTTP/1.1" 200 None
2026-06-17 13:59:37,880 DEBUG    urllib3.connectionpool: https://api.openalex.org:443 "GET /works?search=aptamer+selection+protein+target&per-page=100&cursor=IlsxMC45ODExOSwgMTY5Nzc2MDAwMDAwMCwgJ2h0dHBzOi8vb3BlbmFsZXgub3JnL1c0Mzg3ODE2NTQ1J10i&select=id%2Cdoi%2Ctitle%2Cabstract_inverted_index%2Copen_access HTTP/1.1" 200 None
2026-06-17 13:59:38,600 DEBUG    urllib3.connectionpool: https://api.openalex.org:443 "GET /works?search=aptamer+selection+protein+target&per-page=100&cursor=IlsxMC44NTQxODIsIDE0ODg4NDQ4MDAwMDAsICdodHRwczovL29wZW5hbGV4Lm9yZy9XMjU5MTU4Mjc3MSddIg%3D%3D&select=id%2Cdoi%2Ctitle%2Cabstract_inverted_index%2Copen_access HTTP/1.1" 200 None
2026-06-17 13:59:39,122 DEBUG    urllib3.connectionpool: https://api.biorxiv.org:443 "GET /details/biorxiv/2025-06-17/2026-06-17/4530 HTTP/1.1" 200 None
2026-06-17 13:59:39,225 DEBUG    urllib3.connectionpool: https://api.openalex.org:443 "GET /works?search=aptamer+selection+protein+target&per-page=100&cursor=IlsxMC43MjI4MjUsIDE0NjgxOTUyMDAwMDAsICdodHRwczovL29wZW5hbGV4Lm9yZy9XMjI5MDQ3NTk4NCddIg%3D%3D&select=id%2Cdoi%2Ctitle%2Cabstract_inverted_index%2Copen_access HTTP/1.1" 200 None
2026-06-17 13:59:40,244 DEBUG    urllib3.connectionpool: https://api.openalex.org:443 "GET /works?search=aptamer+selection+protein+target&per-page=100&cursor=IlsxMC41NjgyNjQsIDE3NTM0MDE2MDAwMDAsICdodHRwczovL29wZW5hbGV4Lm9yZy9XNDQxMjcwNzY5MyddIg%3D%3D&select=id%2Cdoi%2Ctitle%2Cabstract_inverted_index%2Copen_access HTTP/1.1" 200 None
2026-06-17 13:59:40,387 DEBUG    urllib3.connectionpool: https://api.biorxiv.org:443 "GET /details/biorxiv/2025-06-17/2026-06-17/4560 HTTP/1.1" 200 None
2026-06-17 13:59:40,747 DEBUG    urllib3.connectionpool: https://api.openalex.org:443 "GET /works?search=aptamer+selection+protein+target&per-page=100&cursor=IlsxMC40NTA0NjYsIDE1NzkwNDY0MDAwMDAsICdodHRwczovL29wZW5hbGV4Lm9yZy9XMzE3NjI3ODA5NCddIg%3D%3D&select=id%2Cdoi%2Ctitle%2Cabstract_inverted_index%2Copen_access HTTP/1.1" 200 None
2026-06-17 13:59:41,577 DEBUG    urllib3.connectionpool: https://api.openalex.org:443 "GET /works?search=aptamer+selection+protein+target&per-page=100&cursor=IlsxMC4zMTY1MDgsIDE3MDYzMTM2MDAwMDAsICdodHRwczovL29wZW5hbGV4Lm9yZy9XNDM5MTI3NjE5OCddIg%3D%3D&select=id%2Cdoi%2Ctitle%2Cabstract_inverted_index%2Copen_access HTTP/1.1" 200 None
2026-06-17 13:59:42,147 DEBUG    urllib3.connectionpool: https://api.openalex.org:443 "GET /works?search=aptamer+selection+protein+target&per-page=100&cursor=IlsxMC4xNjE2OTIsIDE3MTE2NzA0MDAwMDAsICdodHRwczovL29wZW5hbGV4Lm9yZy9XNDM5MzMxMzA3MyddIg%3D%3D&select=id%2Cdoi%2Ctitle%2Cabstract_inverted_index%2Copen_access HTTP/1.1" 200 None
2026-06-17 13:59:42,394 DEBUG    urllib3.connectionpool: https://api.biorxiv.org:443 "GET /details/biorxiv/2025-06-17/2026-06-17/4590 HTTP/1.1" 200 None
2026-06-17 13:59:42,807 DEBUG    urllib3.connectionpool: https://api.openalex.org:443 "GET /works?search=aptamer+selection+protein+target&per-page=100&cursor=IlsxMC4wMjY2ODcsIDE1MjQ3MDA4MDAwMDAsICdodHRwczovL29wZW5hbGV4Lm9yZy9XMjgwNTQwNDUxOCddIg%3D%3D&select=id%2Cdoi%2Ctitle%2Cabstract_inverted_index%2Copen_access HTTP/1.1" 200 None
2026-06-17 13:59:43,521 DEBUG    urllib3.connectionpool: https://api.openalex.org:443 "GET /works?search=aptamer+selection+protein+target&per-page=100&cursor=Ils5Ljg5MjA2NCwgMTczODg4NjQwMDAwMCwgJ2h0dHBzOi8vb3BlbmFsZXgub3JnL1c0NDA3MjQ2OTU5J10i&select=id%2Cdoi%2Ctitle%2Cabstract_inverted_index%2Copen_access HTTP/1.1" 200 None
2026-06-17 13:59:43,681 DEBUG    urllib3.connectionpool: https://api.biorxiv.org:443 "GET /details/biorxiv/2025-06-17/2026-06-17/4620 HTTP/1.1" 200 None
2026-06-17 13:59:44,248 DEBUG    urllib3.connectionpool: https://api.openalex.org:443 "GET /works?search=aptamer+selection+protein+target&per-page=100&cursor=Ils5Ljc2NDIyMywgMTQ1MzY4MDAwMDAwMCwgJ2h0dHBzOi8vb3BlbmFsZXgub3JnL1cyMjU1Mjg1MDY4J10i&select=id%2Cdoi%2Ctitle%2Cabstract_inverted_index%2Copen_access HTTP/1.1" 200 None
2026-06-17 13:59:44,889 DEBUG    urllib3.connectionpool: https://api.openalex.org:443 "GET /works?search=aptamer+selection+protein+target&per-page=100&cursor=Ils5LjY0NDgyMSwgMTYyNDkyNDgwMDAwMCwgJ2h0dHBzOi8vb3BlbmFsZXgub3JnL1czMTc2ODc3ODQ2J10i&select=id%2Cdoi%2Ctitle%2Cabstract_inverted_index%2Copen_access HTTP/1.1" 200 None
2026-06-17 13:59:44,948 DEBUG    urllib3.connectionpool: https://api.biorxiv.org:443 "GET /details/biorxiv/2025-06-17/2026-06-17/4650 HTTP/1.1" 200 None
2026-06-17 13:59:45,494 DEBUG    urllib3.connectionpool: https://api.semanticscholar.org:443 "GET /graph/v1/paper/search?query=Capture-SELEX+aptamer+sequence&fields=paperId%2Ctitle%2Cabstract%2Cyear%2CexternalIds%2CopenAccessPdf&offset=0&limit=100 HTTP/1.1" 200 226120
2026-06-17 13:59:45,581 DEBUG    urllib3.connectionpool: https://api.openalex.org:443 "GET /works?search=aptamer+selection+protein+target&per-page=100&cursor=Ils5LjUzOTI0OCwgMTczMzUyOTYwMDAwMCwgJ2h0dHBzOi8vb3BlbmFsZXgub3JnL1c0NDA1MTkyMzUwJ10i&select=id%2Cdoi%2Ctitle%2Cabstract_inverted_index%2Copen_access HTTP/1.1" 200 None
2026-06-17 13:59:46,127 DEBUG    urllib3.connectionpool: https://api.openalex.org:443 "GET /works?search=aptamer+selection+protein+target&per-page=100&cursor=Ils5LjQwODQ5OSwgMTQ5MTA5MTIwMDAwMCwgJ2h0dHBzOi8vb3BlbmFsZXgub3JnL1cyNjA0NzM5NDMwJ10i&select=id%2Cdoi%2Ctitle%2Cabstract_inverted_index%2Copen_access HTTP/1.1" 200 None
2026-06-17 13:59:46,507 DEBUG    urllib3.connectionpool: https://api.biorxiv.org:443 "GET /details/biorxiv/2025-06-17/2026-06-17/4680 HTTP/1.1" 200 None
2026-06-17 13:59:46,987 DEBUG    urllib3.connectionpool: https://api.openalex.org:443 "GET /works?search=aptamer+selection+protein+target&per-page=100&cursor=Ils5LjI3NDgyNiwgMTczODk3MjgwMDAwMCwgJ2h0dHBzOi8vb3BlbmFsZXgub3JnL1c0NDA3Mjk1Njk4J10i&select=id%2Cdoi%2Ctitle%2Cabstract_inverted_index%2Copen_access HTTP/1.1" 200 None
2026-06-17 13:59:47,580 DEBUG    urllib3.connectionpool: https://api.semanticscholar.org:443 "GET /graph/v1/paper/search?query=Capture-SELEX+aptamer+sequence&fields=paperId%2Ctitle%2Cabstract%2Cyear%2CexternalIds%2CopenAccessPdf&offset=100&limit=100 HTTP/1.1" 429 174
2026-06-17 13:59:47,580 WARNING  scripts.data.scraper.adapters.base: semantic_scholar rate-limited (429); sleeping 5s
2026-06-17 13:59:47,845 DEBUG    urllib3.connectionpool: https://api.openalex.org:443 "GET /works?search=aptamer+selection+protein+target&per-page=100&cursor=Ils5LjE2NjgxMywgMTY5MzUyNjQwMDAwMCwgJ2h0dHBzOi8vb3BlbmFsZXgub3JnL1c0Mzg2MzY5ODMwJ10i&select=id%2Cdoi%2Ctitle%2Cabstract_inverted_index%2Copen_access HTTP/1.1" 200 None
2026-06-17 13:59:48,127 DEBUG    urllib3.connectionpool: https://api.biorxiv.org:443 "GET /details/biorxiv/2025-06-17/2026-06-17/4710 HTTP/1.1" 200 None
2026-06-17 13:59:48,560 DEBUG    urllib3.connectionpool: https://api.openalex.org:443 "GET /works?search=aptamer+selection+protein+target&per-page=100&cursor=Ils5LjA2MzU2MiwgMTQ0OTQ0NjQwMDAwMCwgJ2h0dHBzOi8vb3BlbmFsZXgub3JnL1cyNjE3Nzg0OTkyJ10i&select=id%2Cdoi%2Ctitle%2Cabstract_inverted_index%2Copen_access HTTP/1.1" 200 None
2026-06-17 13:59:49,269 DEBUG    urllib3.connectionpool: https://api.openalex.org:443 "GET /works?search=aptamer+selection+protein+target&per-page=100&cursor=Ils4Ljk0MDM5MiwgMTcwMTkwNzIwMDAwMCwgJ2h0dHBzOi8vb3BlbmFsZXgub3JnL1c0Mzg5NDMyMjczJ10i&select=id%2Cdoi%2Ctitle%2Cabstract_inverted_index%2Copen_access HTTP/1.1" 200 None
2026-06-17 13:59:49,462 DEBUG    urllib3.connectionpool: https://api.biorxiv.org:443 "GET /details/biorxiv/2025-06-17/2026-06-17/4740 HTTP/1.1" 200 None
2026-06-17 13:59:50,135 DEBUG    urllib3.connectionpool: https://api.openalex.org:443 "GET /works?search=aptamer+selection+protein+target&per-page=100&cursor=Ils4Ljg0NzI1NywgMTY3MjUzMTIwMDAwMCwgJ2h0dHBzOi8vb3BlbmFsZXgub3JnL1c0Mzg0NTE5NzY2J10i&select=id%2Cdoi%2Ctitle%2Cabstract_inverted_index%2Copen_access HTTP/1.1" 200 None
2026-06-17 13:59:50,764 DEBUG    urllib3.connectionpool: https://api.openalex.org:443 "GET /works?search=aptamer+selection+protein+target&per-page=100&cursor=Ils4Ljc1ODgyNywgMTYyMjA3MzYwMDAwMCwgJ2h0dHBzOi8vb3BlbmFsZXgub3JnL1czMTY0MzQ1OTc4J10i&select=id%2Cdoi%2Ctitle%2Cabstract_inverted_index%2Copen_access HTTP/1.1" 200 None
2026-06-17 13:59:50,853 DEBUG    urllib3.connectionpool: https://api.biorxiv.org:443 "GET /details/biorxiv/2025-06-17/2026-06-17/4770 HTTP/1.1" 200 None
2026-06-17 13:59:51,410 DEBUG    urllib3.connectionpool: https://api.openalex.org:443 "GET /works?search=aptamer+selection+protein+target&per-page=100&cursor=Ils4LjYzNTIyMTUsIDE2NTcxNTIwMDAwMDAsICdodHRwczovL29wZW5hbGV4Lm9yZy9XNDI4NDY4NTE5NiddIg%3D%3D&select=id%2Cdoi%2Ctitle%2Cabstract_inverted_index%2Copen_access HTTP/1.1" 200 None
2026-06-17 13:59:52,232 DEBUG    urllib3.connectionpool: https://api.openalex.org:443 "GET /works?search=aptamer+selection+protein+target&per-page=100&cursor=Ils4LjUxNjE5MSwgMTY4Njc4NzIwMDAwMCwgJ2h0dHBzOi8vb3BlbmFsZXgub3JnL1c0MzgwOTk4MTU0J10i&select=id%2Cdoi%2Ctitle%2Cabstract_inverted_index%2Copen_access HTTP/1.1" 200 None
2026-06-17 13:59:52,754 DEBUG    urllib3.connectionpool: https://api.biorxiv.org:443 "GET /details/biorxiv/2025-06-17/2026-06-17/4800 HTTP/1.1" 200 None
2026-06-17 13:59:52,754 DEBUG    urllib3.connectionpool: https://api.semanticscholar.org:443 "GET /graph/v1/paper/search?query=Capture-SELEX+aptamer+sequence&fields=paperId%2Ctitle%2Cabstract%2Cyear%2CexternalIds%2CopenAccessPdf&offset=100&limit=100 HTTP/1.1" 429 174
2026-06-17 13:59:52,755 WARNING  scripts.data.scraper.adapters.base: semantic_scholar rate-limited (429); sleeping 15s
2026-06-17 13:59:53,087 DEBUG    urllib3.connectionpool: https://api.openalex.org:443 "GET /works?search=aptamer+selection+protein+target&per-page=100&cursor=Ils4LjQxMTg3NSwgMTcxNTI5OTIwMDAwMCwgJ2h0dHBzOi8vb3BlbmFsZXgub3JnL1c0Mzk2ODI4OTEwJ10i&select=id%2Cdoi%2Ctitle%2Cabstract_inverted_index%2Copen_access HTTP/1.1" 200 None
2026-06-17 13:59:53,638 DEBUG    urllib3.connectionpool: https://api.openalex.org:443 "GET /works?search=aptamer+selection+protein+target&per-page=100&cursor=Ils4LjI4NzY4NiwgMTYyNzYwMzIwMDAwMCwgJ2h0dHBzOi8vb3BlbmFsZXgub3JnL1czMTg4NDIwNjcwJ10i&select=id%2Cdoi%2Ctitle%2Cabstract_inverted_index%2Copen_access HTTP/1.1" 200 None
2026-06-17 13:59:53,982 DEBUG    urllib3.connectionpool: https://api.biorxiv.org:443 "GET /details/biorxiv/2025-06-17/2026-06-17/4830 HTTP/1.1" 200 None
2026-06-17 13:59:54,330 DEBUG    urllib3.connectionpool: https://api.openalex.org:443 "GET /works?search=aptamer+selection+protein+target&per-page=100&cursor=Ils4LjE5NDg5NywgMTc2NzIyNTYwMDAwMCwgJ2h0dHBzOi8vb3BlbmFsZXgub3JnL1c3MTYxNjM0NzYyJ10i&select=id%2Cdoi%2Ctitle%2Cabstract_inverted_index%2Copen_access HTTP/1.1" 200 None
2026-06-17 13:59:55,091 DEBUG    urllib3.connectionpool: https://api.openalex.org:443 "GET /works?search=aptamer+selection+protein+target&per-page=100&cursor=Ils4LjA5MDc5NCwgMTU5NjQ5OTIwMDAwMCwgJ2h0dHBzOi8vb3BlbmFsZXgub3JnL1czMDQ3MzY0NTIzJ10i&select=id%2Cdoi%2Ctitle%2Cabstract_inverted_index%2Copen_access HTTP/1.1" 200 None
2026-06-17 13:59:55,400 DEBUG    urllib3.connectionpool: https://api.biorxiv.org:443 "GET /details/biorxiv/2025-06-17/2026-06-17/4860 HTTP/1.1" 200 None
2026-06-17 13:59:55,763 DEBUG    urllib3.connectionpool: https://api.openalex.org:443 "GET /works?search=aptamer+selection+protein+target&per-page=100&cursor=Ils3Ljk5OTgwNDUsIDE2ODU3NTA0MDAwMDAsICdodHRwczovL29wZW5hbGV4Lm9yZy9XNDM3OTI2MDk3OSddIg%3D%3D&select=id%2Cdoi%2Ctitle%2Cabstract_inverted_index%2Copen_access HTTP/1.1" 200 None
2026-06-17 13:59:56,476 DEBUG    urllib3.connectionpool: https://api.openalex.org:443 "GET /works?search=aptamer+selection+protein+target&per-page=100&cursor=Ils3Ljg5ODY5NjQsIDE3NzI2Njg4MDAwMDAsICdodHRwczovL29wZW5hbGV4Lm9yZy9XNzEzMzkzMTI3MSddIg%3D%3D&select=id%2Cdoi%2Ctitle%2Cabstract_inverted_index%2Copen_access HTTP/1.1" 200 None
2026-06-17 13:59:56,642 DEBUG    urllib3.connectionpool: https://api.biorxiv.org:443 "GET /details/biorxiv/2025-06-17/2026-06-17/4890 HTTP/1.1" 200 None
2026-06-17 13:59:57,104 DEBUG    urllib3.connectionpool: https://api.openalex.org:443 "GET /works?search=aptamer+selection+protein+target&per-page=100&cursor=Ils3LjgwNDMwMTMsIDE3NDE4MjQwMDAwMDAsICdodHRwczovL29wZW5hbGV4Lm9yZy9XNDQwODQwNTE0NyddIg%3D%3D&select=id%2Cdoi%2Ctitle%2Cabstract_inverted_index%2Copen_access HTTP/1.1" 200 None
2026-06-17 13:59:57,807 DEBUG    urllib3.connectionpool: https://api.openalex.org:443 "GET /works?search=aptamer+selection+protein+target&per-page=100&cursor=Ils3LjcxNDU1OTYsIDE0NTE2MDY0MDAwMDAsICdodHRwczovL29wZW5hbGV4Lm9yZy9XMjQxNjY0ODcxMyddIg%3D%3D&select=id%2Cdoi%2Ctitle%2Cabstract_inverted_index%2Copen_access HTTP/1.1" 200 None
2026-06-17 13:59:57,876 DEBUG    urllib3.connectionpool: https://api.biorxiv.org:443 "GET /details/biorxiv/2025-06-17/2026-06-17/4920 HTTP/1.1" 200 None
2026-06-17 13:59:58,590 DEBUG    urllib3.connectionpool: https://api.openalex.org:443 "GET /works?search=aptamer+selection+protein+target&per-page=100&cursor=Ils3LjYwNzQ0NSwgMTQ0MzU3MTIwMDAwMCwgJ2h0dHBzOi8vb3BlbmFsZXgub3JnL1cyMTI0NzcxMzc4J10i&select=id%2Cdoi%2Ctitle%2Cabstract_inverted_index%2Copen_access HTTP/1.1" 200 None
2026-06-17 13:59:59,135 DEBUG    urllib3.connectionpool: https://api.biorxiv.org:443 "GET /details/biorxiv/2025-06-17/2026-06-17/4950 HTTP/1.1" 200 None
2026-06-17 13:59:59,227 DEBUG    urllib3.connectionpool: https://api.openalex.org:443 "GET /works?search=aptamer+selection+protein+target&per-page=100&cursor=Ils3LjUwNjE0MDcsIDE2Njc3NzkyMDAwMDAsICdodHRwczovL29wZW5hbGV4Lm9yZy9XNDMwODQyMjIzOSddIg%3D%3D&select=id%2Cdoi%2Ctitle%2Cabstract_inverted_index%2Copen_access HTTP/1.1" 200 None
2026-06-17 14:00:00,099 DEBUG    urllib3.connectionpool: https://api.openalex.org:443 "GET /works?search=aptamer+selection+protein+target&per-page=100&cursor=Ils3LjQxNjg2NjMsIDE3Mjg2MDQ4MDAwMDAsICdodHRwczovL29wZW5hbGV4Lm9yZy9XNDQwMzMzODI1OCddIg%3D%3D&select=id%2Cdoi%2Ctitle%2Cabstract_inverted_index%2Copen_access HTTP/1.1" 200 None
2026-06-17 14:00:00,440 DEBUG    urllib3.connectionpool: https://api.biorxiv.org:443 "GET /details/biorxiv/2025-06-17/2026-06-17/4980 HTTP/1.1" 200 None
2026-06-17 14:00:01,666 DEBUG    urllib3.connectionpool: https://api.openalex.org:443 "GET /works?search=aptamer+selection+protein+target&per-page=100&cursor=Ils3LjMyNzA2OCwgMTcxNDI2MjQwMDAwMCwgJ2h0dHBzOi8vb3BlbmFsZXgub3JnL1c0Mzk1OTYyMTYxJ10i&select=id%2Cdoi%2Ctitle%2Cabstract_inverted_index%2Copen_access HTTP/1.1" 200 None
2026-06-17 14:00:02,191 DEBUG    urllib3.connectionpool: https://api.biorxiv.org:443 "GET /details/biorxiv/2025-06-17/2026-06-17/5010 HTTP/1.1" 200 None
2026-06-17 14:00:03,249 DEBUG    urllib3.connectionpool: https://api.openalex.org:443 "GET /works?search=aptamer+selection+protein+target&per-page=100&cursor=Ils3LjIyNzQ1NDcsIDE3MDQ4NDQ4MDAwMDAsICdodHRwczovL29wZW5hbGV4Lm9yZy9XNDM5MDY5MTU4OSddIg%3D%3D&select=id%2Cdoi%2Ctitle%2Cabstract_inverted_index%2Copen_access HTTP/1.1" 200 None
2026-06-17 14:00:04,097 DEBUG    urllib3.connectionpool: https://api.openalex.org:443 "GET /works?search=aptamer+selection+protein+target&per-page=100&cursor=Ils3LjEzNzg2NSwgMTYwMjU0NzIwMDAwMCwgJ2h0dHBzOi8vb3BlbmFsZXgub3JnL1czMDk0NjU0NTgzJ10i&select=id%2Cdoi%2Ctitle%2Cabstract_inverted_index%2Copen_access HTTP/1.1" 200 None
2026-06-17 14:00:05,243 DEBUG    urllib3.connectionpool: https://api.openalex.org:443 "GET /works?search=aptamer+selection+protein+target&per-page=100&cursor=Ils3LjAxMDg1OSwgMTY0MDk5NTIwMDAwMCwgJ2h0dHBzOi8vb3BlbmFsZXgub3JnL1c0MzA4NTQ4NzIzJ10i&select=id%2Cdoi%2Ctitle%2Cabstract_inverted_index%2Copen_access HTTP/1.1" 200 None
2026-06-17 14:00:05,338 DEBUG    urllib3.connectionpool: https://api.biorxiv.org:443 "GET /details/biorxiv/2025-06-17/2026-06-17/5040 HTTP/1.1" 200 None
2026-06-17 14:00:06,911 DEBUG    urllib3.connectionpool: https://api.biorxiv.org:443 "GET /details/biorxiv/2025-06-17/2026-06-17/5070 HTTP/1.1" 200 None
2026-06-17 14:00:07,104 DEBUG    urllib3.connectionpool: https://api.openalex.org:443 "GET /works?search=aptamer+selection+protein+target&per-page=100&cursor=Ils2LjkxNzcwMzYsIDE2OTM1MjY0MDAwMDAsICdodHRwczovL29wZW5hbGV4Lm9yZy9XNDM4Nzg5MzU5NyddIg%3D%3D&select=id%2Cdoi%2Ctitle%2Cabstract_inverted_index%2Copen_access HTTP/1.1" 200 None
2026-06-17 14:00:07,973 DEBUG    urllib3.connectionpool: https://api.openalex.org:443 "GET /works?search=aptamer+selection+protein+target&per-page=100&cursor=Ils2LjgyNzgxMDMsIDE2NzA2MzA0MDAwMDAsICdodHRwczovL29wZW5hbGV4Lm9yZy9XNDMxMjA5NzU5MiddIg%3D%3D&select=id%2Cdoi%2Ctitle%2Cabstract_inverted_index%2Copen_access HTTP/1.1" 200 None
2026-06-17 14:00:08,151 DEBUG    urllib3.connectionpool: https://api.biorxiv.org:443 "GET /details/biorxiv/2025-06-17/2026-06-17/5100 HTTP/1.1" 200 None
2026-06-17 14:00:08,891 DEBUG    urllib3.connectionpool: https://api.openalex.org:443 "GET /works?search=aptamer+selection+protein+target&per-page=100&cursor=Ils2Ljc0NDgxNTMsIDE2Njk4NTI4MDAwMDAsICdodHRwczovL29wZW5hbGV4Lm9yZy9XNDMxMzM2NDEzMyddIg%3D%3D&select=id%2Cdoi%2Ctitle%2Cabstract_inverted_index%2Copen_access HTTP/1.1" 200 None
2026-06-17 14:00:09,894 DEBUG    urllib3.connectionpool: https://api.openalex.org:443 "GET /works?search=aptamer+selection+protein+target&per-page=100&cursor=Ils2LjY0NDQ3NTUsIDE3MjA0ODMyMDAwMDAsICdodHRwczovL29wZW5hbGV4Lm9yZy9XNDQwMDUxNTEwOSddIg%3D%3D&select=id%2Cdoi%2Ctitle%2Cabstract_inverted_index%2Copen_access HTTP/1.1" 200 None
2026-06-17 14:00:10,057 DEBUG    urllib3.connectionpool: https://api.biorxiv.org:443 "GET /details/biorxiv/2025-06-17/2026-06-17/5130 HTTP/1.1" 200 None
2026-06-17 14:00:10,963 DEBUG    urllib3.connectionpool: https://api.openalex.org:443 "GET /works?search=aptamer+selection+protein+target&per-page=100&cursor=Ils2LjU0Mzc0LCAxMTkyNTc5MjAwMDAwLCAnaHR0cHM6Ly9vcGVuYWxleC5vcmcvVzI3OTQ0NzcwNzEnXSI%3D&select=id%2Cdoi%2Ctitle%2Cabstract_inverted_index%2Copen_access HTTP/1.1" 200 None
2026-06-17 14:00:11,652 DEBUG    urllib3.connectionpool: https://api.openalex.org:443 "GET /works?search=aptamer+selection+protein+target&per-page=100&cursor=Ils2LjQ1MDk2MiwgMTc0Nzc4NTYwMDAwMCwgJ2h0dHBzOi8vb3BlbmFsZXgub3JnL1c0NDEwNTQ2NzYyJ10i&select=id%2Cdoi%2Ctitle%2Cabstract_inverted_index%2Copen_access HTTP/1.1" 200 None
2026-06-17 14:00:12,707 DEBUG    urllib3.connectionpool: https://api.openalex.org:443 "GET /works?search=aptamer+selection+protein+target&per-page=100&cursor=Ils2LjM1OTEyMTMsIDEzNDc4NDAwMDAwMDAsICdodHRwczovL29wZW5hbGV4Lm9yZy9XMjk1NDc2MzYnXSI%3D&select=id%2Cdoi%2Ctitle%2Cabstract_inverted_index%2Copen_access HTTP/1.1" 200 None
2026-06-17 14:00:13,361 DEBUG    urllib3.connectionpool: https://api.openalex.org:443 "GET /works?search=aptamer+selection+protein+target&per-page=100&cursor=Ils2LjI1MjcwNDYsIDE1MDk5MjY0MDAwMDAsICdodHRwczovL29wZW5hbGV4Lm9yZy9XMjkwMTk3OTA1OCddIg%3D%3D&select=id%2Cdoi%2Ctitle%2Cabstract_inverted_index%2Copen_access HTTP/1.1" 200 None
2026-06-17 14:00:14,273 DEBUG    urllib3.connectionpool: https://api.openalex.org:443 "GET /works?search=aptamer+selection+protein+target&per-page=100&cursor=Ils2LjE1NzcxODcsIDE3NDg5MDg4MDAwMDAsICdodHRwczovL29wZW5hbGV4Lm9yZy9XNDQxMTAwMDM2OSddIg%3D%3D&select=id%2Cdoi%2Ctitle%2Cabstract_inverted_index%2Copen_access HTTP/1.1" 200 None
2026-06-17 14:00:14,472 DEBUG    urllib3.connectionpool: https://api.biorxiv.org:443 "GET /details/biorxiv/2025-06-17/2026-06-17/5160 HTTP/1.1" 200 None
2026-06-17 14:00:15,212 DEBUG    urllib3.connectionpool: https://api.openalex.org:443 "GET /works?search=aptamer+selection+protein+target&per-page=100&cursor=Ils2LjA1NzUwNjYsIDEzMzI0NjA4MDAwMDAsICdodHRwczovL29wZW5hbGV4Lm9yZy9XMTQ4MDI2MzMyMCddIg%3D%3D&select=id%2Cdoi%2Ctitle%2Cabstract_inverted_index%2Copen_access HTTP/1.1" 200 None
2026-06-17 14:00:15,957 DEBUG    urllib3.connectionpool: https://api.openalex.org:443 "GET /works?search=aptamer+selection+protein+target&per-page=100&cursor=Ils1Ljk0NjMzNjcsIDE3NTYwODAwMDAwMDAsICdodHRwczovL29wZW5hbGV4Lm9yZy9XNDQxMzQ4NjU1MiddIg%3D%3D&select=id%2Cdoi%2Ctitle%2Cabstract_inverted_index%2Copen_access HTTP/1.1" 200 None
2026-06-17 14:00:16,880 DEBUG    urllib3.connectionpool: https://api.openalex.org:443 "GET /works?search=aptamer+selection+protein+target&per-page=100&cursor=Ils1Ljg0MTYzNCwgMTQ4MzIyODgwMDAwMCwgJ2h0dHBzOi8vb3BlbmFsZXgub3JnL1cyNjI2MTI0MDQ4J10i&select=id%2Cdoi%2Ctitle%2Cabstract_inverted_index%2Copen_access HTTP/1.1" 200 None
2026-06-17 14:00:17,823 DEBUG    urllib3.connectionpool: https://api.semanticscholar.org:443 "GET /graph/v1/paper/search?query=Capture-SELEX+aptamer+sequence&fields=paperId%2Ctitle%2Cabstract%2Cyear%2CexternalIds%2CopenAccessPdf&offset=100&limit=100 HTTP/1.1" 500 37
2026-06-17 14:00:17,825 DEBUG    scripts.data.scraper.adapters.base: semantic_scholar https://api.semanticscholar.org/graph/v1/paper/search HTTP error attempt 3: 500 Server Error: Internal Server Error for url: https://api.semanticscholar.org/graph/v1/paper/search?query=Capture-SELEX+aptamer+sequence&fields=paperId%2Ctitle%2Cabstract%2Cyear%2CexternalIds%2CopenAccessPdf&offset=100&limit=100
2026-06-17 14:00:17,825 DEBUG    urllib3.connectionpool: https://api.openalex.org:443 "GET /works?search=aptamer+selection+protein+target&per-page=100&cursor=Ils1Ljc2Mjc3OSwgMTc1NjE2NjQwMDAwMCwgJ2h0dHBzOi8vb3BlbmFsZXgub3JnL1c0NDEzNzA4Nzk0J10i&select=id%2Cdoi%2Ctitle%2Cabstract_inverted_index%2Copen_access HTTP/1.1" 200 None
2026-06-17 14:00:17,828 DEBUG    urllib3.connectionpool: https://api.biorxiv.org:443 "GET /details/biorxiv/2025-06-17/2026-06-17/5190 HTTP/1.1" 200 None
2026-06-17 14:00:17,930 DEBUG    urllib3.connectionpool: https://api.semanticscholar.org:443 "GET /graph/v1/paper/search?query=Capture-SELEX+aptamer+sequence&fields=paperId%2Ctitle%2Cabstract%2Cyear%2CexternalIds%2CopenAccessPdf&offset=100&limit=100 HTTP/1.1" 429 174
2026-06-17 14:00:17,932 WARNING  scripts.data.scraper.adapters.base: semantic_scholar https://api.semanticscholar.org/graph/v1/paper/search failed after retries: 429 Client Error:  for url: https://api.semanticscholar.org/graph/v1/paper/search?query=Capture-SELEX+aptamer+sequence&fields=paperId%2Ctitle%2Cabstract%2Cyear%2CexternalIds%2CopenAccessPdf&offset=100&limit=100
2026-06-17 14:00:18,004 DEBUG    urllib3.connectionpool: https://api.semanticscholar.org:443 "GET /graph/v1/paper/search?query=cell-SELEX+DNA+aptamer&fields=paperId%2Ctitle%2Cabstract%2Cyear%2CexternalIds%2CopenAccessPdf&offset=0&limit=100 HTTP/1.1" 429 174
2026-06-17 14:00:18,005 WARNING  scripts.data.scraper.adapters.base: semantic_scholar rate-limited (429); sleeping 5s
2026-06-17 14:00:18,340 DEBUG    urllib3.connectionpool: https://api.openalex.org:443 "GET /works?search=aptamer+selection+protein+target&per-page=100&cursor=Ils1LjY1ODc2OSwgMTczNTY4OTYwMDAwMCwgJ2h0dHBzOi8vb3BlbmFsZXgub3JnL1c0NDEyMTQ2NTU5J10i&select=id%2Cdoi%2Ctitle%2Cabstract_inverted_index%2Copen_access HTTP/1.1" 200 None
2026-06-17 14:00:19,155 DEBUG    urllib3.connectionpool: https://api.biorxiv.org:443 "GET /details/biorxiv/2025-06-17/2026-06-17/5220 HTTP/1.1" 200 None
2026-06-17 14:00:19,302 DEBUG    urllib3.connectionpool: https://api.openalex.org:443 "GET /works?search=aptamer+selection+protein+target&per-page=100&cursor=Ils1LjU1NjE4OSwgMTU5ODA1NDQwMDAwMCwgJ2h0dHBzOi8vb3BlbmFsZXgub3JnL1czMDgwNzAzMDUwJ10i&select=id%2Cdoi%2Ctitle%2Cabstract_inverted_index%2Copen_access HTTP/1.1" 200 None
2026-06-17 14:00:20,017 DEBUG    urllib3.connectionpool: https://api.openalex.org:443 "GET /works?search=aptamer+selection+protein+target&per-page=100&cursor=Ils1LjQ0NTUwMywgMTczNTQzMDQwMDAwMCwgJ2h0dHBzOi8vb3BlbmFsZXgub3JnL1c0NDA1OTIzMDUzJ10i&select=id%2Cdoi%2Ctitle%2Cabstract_inverted_index%2Copen_access HTTP/1.1" 200 None
2026-06-17 14:00:20,543 DEBUG    urllib3.connectionpool: https://api.biorxiv.org:443 "GET /details/biorxiv/2025-06-17/2026-06-17/5250 HTTP/1.1" 200 None
2026-06-17 14:00:20,930 DEBUG    urllib3.connectionpool: https://api.openalex.org:443 "GET /works?search=aptamer+selection+protein+target&per-page=100&cursor=Ils1LjM1MDUwMiwgMTc0NjE0NDAwMDAwMCwgJ2h0dHBzOi8vb3BlbmFsZXgub3JnL1c0NDEwMDIwODA4J10i&select=id%2Cdoi%2Ctitle%2Cabstract_inverted_index%2Copen_access HTTP/1.1" 200 None
2026-06-17 14:00:21,767 DEBUG    urllib3.connectionpool: https://api.openalex.org:443 "GET /works?search=aptamer+selection+protein+target&per-page=100&cursor=Ils1LjI0NzIwNCwgMTI5Mzg0MDAwMDAwMCwgJ2h0dHBzOi8vb3BlbmFsZXgub3JnL1cxODE1NjkyMjAnXSI%3D&select=id%2Cdoi%2Ctitle%2Cabstract_inverted_index%2Copen_access HTTP/1.1" 200 None
2026-06-17 14:00:21,924 DEBUG    urllib3.connectionpool: https://api.biorxiv.org:443 "GET /details/biorxiv/2025-06-17/2026-06-17/5280 HTTP/1.1" 200 None
2026-06-17 14:00:22,516 DEBUG    urllib3.connectionpool: https://api.openalex.org:443 "GET /works?search=aptamer+selection+protein+target&per-page=100&cursor=Ils1LjE0Nzg3MTUsIDE2MjA3Nzc2MDAwMDAsICdodHRwczovL29wZW5hbGV4Lm9yZy9XMzE2MzYzMDYxNSddIg%3D%3D&select=id%2Cdoi%2Ctitle%2Cabstract_inverted_index%2Copen_access HTTP/1.1" 200 None
2026-06-17 14:00:23,164 DEBUG    urllib3.connectionpool: https://api.semanticscholar.org:443 "GET /graph/v1/paper/search?query=cell-SELEX+DNA+aptamer&fields=paperId%2Ctitle%2Cabstract%2Cyear%2CexternalIds%2CopenAccessPdf&offset=0&limit=100 HTTP/1.1" 429 174
2026-06-17 14:00:23,165 WARNING  scripts.data.scraper.adapters.base: semantic_scholar rate-limited (429); sleeping 15s
2026-06-17 14:00:23,559 DEBUG    urllib3.connectionpool: https://api.openalex.org:443 "GET /works?search=aptamer+selection+protein+target&per-page=100&cursor=Ils1LjA1Njc0OCwgMTQyMDA3MDQwMDAwMCwgJ2h0dHBzOi8vb3BlbmFsZXgub3JnL1cyMjkyNzQyNjI4J10i&select=id%2Cdoi%2Ctitle%2Cabstract_inverted_index%2Copen_access HTTP/1.1" 200 None
2026-06-17 14:00:24,058 DEBUG    urllib3.connectionpool: https://api.openalex.org:443 "GET /works?search=aptamer+selection+protein+target&per-page=100&cursor=Ils0Ljk2NTExMSwgMTc3NzU5MzYwMDAwMCwgJ2h0dHBzOi8vb3BlbmFsZXgub3JnL1c3MTYwMzE1NDcwJ10i&select=id%2Cdoi%2Ctitle%2Cabstract_inverted_index%2Copen_access HTTP/1.1" 200 None
2026-06-17 14:00:24,124 DEBUG    urllib3.connectionpool: https://api.biorxiv.org:443 "GET /details/biorxiv/2025-06-17/2026-06-17/5310 HTTP/1.1" 200 None
2026-06-17 14:00:24,794 DEBUG    urllib3.connectionpool: https://api.openalex.org:443 "GET /works?search=aptamer+selection+protein+target&per-page=100&cursor=Ils0Ljg2OTY2OTQsIDE3NjY2MjA4MDAwMDAsICdodHRwczovL29wZW5hbGV4Lm9yZy9XNzExNzMyNzA0MCddIg%3D%3D&select=id%2Cdoi%2Ctitle%2Cabstract_inverted_index%2Copen_access HTTP/1.1" 200 None
2026-06-17 14:00:25,455 DEBUG    urllib3.connectionpool: https://api.openalex.org:443 "GET /works?search=aptamer+selection+protein+target&per-page=100&cursor=Ils0Ljc2NDY5MzcsIDE3NDc3ODU2MDAwMDAsICdodHRwczovL29wZW5hbGV4Lm9yZy9XNDQxMDU1MjI4NSddIg%3D%3D&select=id%2Cdoi%2Ctitle%2Cabstract_inverted_index%2Copen_access HTTP/1.1" 200 None
2026-06-17 14:00:25,986 DEBUG    urllib3.connectionpool: https://api.biorxiv.org:443 "GET /details/biorxiv/2025-06-17/2026-06-17/5340 HTTP/1.1" 200 None
2026-06-17 14:00:26,146 DEBUG    urllib3.connectionpool: https://api.openalex.org:443 "GET /works?search=aptamer+selection+protein+target&per-page=100&cursor=Ils0LjY2NDIxNiwgMTc0ODkwODgwMDAwMCwgJ2h0dHBzOi8vb3BlbmFsZXgub3JnL1c0NDExMDA0NjEzJ10i&select=id%2Cdoi%2Ctitle%2Cabstract_inverted_index%2Copen_access HTTP/1.1" 200 None
2026-06-17 14:00:27,268 DEBUG    urllib3.connectionpool: https://api.openalex.org:443 "GET /works?search=aptamer+selection+protein+target&per-page=100&cursor=Ils0LjU2ODkwMywgMTcxNjE2MzIwMDAwMCwgJ2h0dHBzOi8vb3BlbmFsZXgub3JnL1c0Mzk4MTQwMTA0J10i&select=id%2Cdoi%2Ctitle%2Cabstract_inverted_index%2Copen_access HTTP/1.1" 200 None
2026-06-17 14:00:28,220 DEBUG    urllib3.connectionpool: https://api.biorxiv.org:443 "GET /details/biorxiv/2025-06-17/2026-06-17/5370 HTTP/1.1" 200 None
2026-06-17 14:00:28,305 DEBUG    urllib3.connectionpool: https://api.openalex.org:443 "GET /works?search=aptamer+selection+protein+target&per-page=100&cursor=Ils0LjQ4ODE5NSwgMTc1NTA0MzIwMDAwMCwgJ2h0dHBzOi8vb3BlbmFsZXgub3JnL1c0NDEzMTc2NzUxJ10i&select=id%2Cdoi%2Ctitle%2Cabstract_inverted_index%2Copen_access HTTP/1.1" 200 None
2026-06-17 14:00:29,044 DEBUG    urllib3.connectionpool: https://api.openalex.org:443 "GET /works?search=aptamer+selection+protein+target&per-page=100&cursor=Ils0LjM4NTk0MzQsIDE3MDMyODk2MDAwMDAsICdodHRwczovL29wZW5hbGV4Lm9yZy9XNDM5MDE1NDY1NiddIg%3D%3D&select=id%2Cdoi%2Ctitle%2Cabstract_inverted_index%2Copen_access HTTP/1.1" 200 None
2026-06-17 14:00:29,788 DEBUG    urllib3.connectionpool: https://api.biorxiv.org:443 "GET /details/biorxiv/2025-06-17/2026-06-17/5400 HTTP/1.1" 200 None
2026-06-17 14:00:29,827 DEBUG    urllib3.connectionpool: https://api.openalex.org:443 "GET /works?search=aptamer+selection+protein+target&per-page=100&cursor=Ils0LjMwMTg3MjMsIDE3NTcwMzA0MDAwMDAsICdodHRwczovL29wZW5hbGV4Lm9yZy9XNDQxNDAxNDc0MSddIg%3D%3D&select=id%2Cdoi%2Ctitle%2Cabstract_inverted_index%2Copen_access HTTP/1.1" 200 None
2026-06-17 14:00:30,611 DEBUG    urllib3.connectionpool: https://api.openalex.org:443 "GET /works?search=aptamer+selection+protein+target&per-page=100&cursor=Ils0LjIyMTIzMTUsIDE2NjkzMzQ0MDAwMDAsICdodHRwczovL29wZW5hbGV4Lm9yZy9XNDMwOTk5MDU1MSddIg%3D%3D&select=id%2Cdoi%2Ctitle%2Cabstract_inverted_index%2Copen_access HTTP/1.1" 200 None
2026-06-17 14:00:31,442 DEBUG    urllib3.connectionpool: https://api.openalex.org:443 "GET /works?search=aptamer+selection+protein+target&per-page=100&cursor=Ils0LjE0NzA5ODUsIDE0ODMyMjg4MDAwMDAsICdodHRwczovL29wZW5hbGV4Lm9yZy9XMzAxNTU2ODI1OCddIg%3D%3D&select=id%2Cdoi%2Ctitle%2Cabstract_inverted_index%2Copen_access HTTP/1.1" 200 None
2026-06-17 14:00:31,694 DEBUG    urllib3.connectionpool: https://api.biorxiv.org:443 "GET /details/biorxiv/2025-06-17/2026-06-17/5430 HTTP/1.1" 200 None
2026-06-17 14:00:32,229 DEBUG    urllib3.connectionpool: https://api.openalex.org:443 "GET /works?search=aptamer+selection+protein+target&per-page=100&cursor=Ils0LjA1Nzk5NjcsIDExMDQ1Mzc2MDAwMDAsICdodHRwczovL29wZW5hbGV4Lm9yZy9XMjIwNzIxMDIzOSddIg%3D%3D&select=id%2Cdoi%2Ctitle%2Cabstract_inverted_index%2Copen_access HTTP/1.1" 200 None
2026-06-17 14:00:33,124 DEBUG    urllib3.connectionpool: https://api.openalex.org:443 "GET /works?search=aptamer+selection+protein+target&per-page=100&cursor=IlszLjk4MzI1MzIsIDE1NDYzMDA4MDAwMDAsICdodHRwczovL29wZW5hbGV4Lm9yZy9XMjk5NTY2MTkwOSddIg%3D%3D&select=id%2Cdoi%2Ctitle%2Cabstract_inverted_index%2Copen_access HTTP/1.1" 200 None
2026-06-17 14:00:33,272 DEBUG    urllib3.connectionpool: https://api.biorxiv.org:443 "GET /details/biorxiv/2025-06-17/2026-06-17/5460 HTTP/1.1" 200 None
2026-06-17 14:00:34,006 DEBUG    urllib3.connectionpool: https://api.openalex.org:443 "GET /works?search=aptamer+selection+protein+target&per-page=100&cursor=IlszLjkwMzcwOTcsIDE3Njk3MzEyMDAwMDAsICdodHRwczovL29wZW5hbGV4Lm9yZy9XNzEyNjI0OTE4NSddIg%3D%3D&select=id%2Cdoi%2Ctitle%2Cabstract_inverted_index%2Copen_access HTTP/1.1" 200 None
2026-06-17 14:00:34,776 DEBUG    urllib3.connectionpool: https://api.openalex.org:443 "GET /works?search=aptamer+selection+protein+target&per-page=100&cursor=IlszLjgyNzcwMTgsIDE3MDQwNjcyMDAwMDAsICdodHRwczovL29wZW5hbGV4Lm9yZy9XNDM5ODIzMDc3MyddIg%3D%3D&select=id%2Cdoi%2Ctitle%2Cabstract_inverted_index%2Copen_access HTTP/1.1" 200 None
2026-06-17 14:00:34,864 DEBUG    urllib3.connectionpool: https://api.biorxiv.org:443 "GET /details/biorxiv/2025-06-17/2026-06-17/5490 HTTP/1.1" 200 None
2026-06-17 14:00:35,558 DEBUG    urllib3.connectionpool: https://api.openalex.org:443 "GET /works?search=aptamer+selection+protein+target&per-page=100&cursor=IlszLjc2OTQxMTMsIDE3MTA0NjA4MDAwMDAsICdodHRwczovL29wZW5hbGV4Lm9yZy9XNDM5Mjg4MzM1NiddIg%3D%3D&select=id%2Cdoi%2Ctitle%2Cabstract_inverted_index%2Copen_access HTTP/1.1" 200 None
2026-06-17 14:00:36,367 DEBUG    urllib3.connectionpool: https://api.openalex.org:443 "GET /works?search=aptamer+selection+protein+target&per-page=100&cursor=IlszLjY5NTA2OTMsIDE3NjE4Njg4MDAwMDAsICdodHRwczovL29wZW5hbGV4Lm9yZy9XNDQxNTcyMzkyNCddIg%3D%3D&select=id%2Cdoi%2Ctitle%2Cabstract_inverted_index%2Copen_access HTTP/1.1" 200 None
2026-06-17 14:00:37,654 DEBUG    urllib3.connectionpool: https://api.biorxiv.org:443 "GET /details/biorxiv/2025-06-17/2026-06-17/5520 HTTP/1.1" 200 None
2026-06-17 14:00:38,266 DEBUG    urllib3.connectionpool: https://api.openalex.org:443 "GET /works?search=aptamer+selection+protein+target&per-page=100&cursor=IlszLjYxNTIxMzksIDE2MDkyODY0MDAwMDAsICdodHRwczovL29wZW5hbGV4Lm9yZy9XNDIxMDI5MzcwNyddIg%3D%3D&select=id%2Cdoi%2Ctitle%2Cabstract_inverted_index%2Copen_access HTTP/1.1" 200 None
2026-06-17 14:00:38,269 DEBUG    urllib3.connectionpool: https://api.semanticscholar.org:443 "GET /graph/v1/paper/search?query=cell-SELEX+DNA+aptamer&fields=paperId%2Ctitle%2Cabstract%2Cyear%2CexternalIds%2CopenAccessPdf&offset=0&limit=100 HTTP/1.1" 429 174
2026-06-17 14:00:38,269 WARNING  scripts.data.scraper.adapters.base: semantic_scholar rate-limited (429); sleeping 30s
2026-06-17 14:00:39,136 DEBUG    urllib3.connectionpool: https://api.openalex.org:443 "GET /works?search=aptamer+selection+protein+target&per-page=100&cursor=IlszLjU1MTQ1MTIsIDEyOTc2NDE2MDAwMDAsICdodHRwczovL29wZW5hbGV4Lm9yZy9XMjYwMTIzOTI2NiddIg%3D%3D&select=id%2Cdoi%2Ctitle%2Cabstract_inverted_index%2Copen_access HTTP/1.1" 200 None
2026-06-17 14:00:39,231 DEBUG    urllib3.connectionpool: https://api.biorxiv.org:443 "GET /details/biorxiv/2025-06-17/2026-06-17/5550 HTTP/1.1" 200 None
2026-06-17 14:00:39,862 DEBUG    urllib3.connectionpool: https://api.openalex.org:443 "GET /works?search=aptamer+selection+protein+target&per-page=100&cursor=IlszLjQ3MjIyNTcsIDE2Njg3Mjk2MDAwMDAsICdodHRwczovL29wZW5hbGV4Lm9yZy9XNDMwOTU4NDU3OCddIg%3D%3D&select=id%2Cdoi%2Ctitle%2Cabstract_inverted_index%2Copen_access HTTP/1.1" 200 None
2026-06-17 14:00:40,583 DEBUG    urllib3.connectionpool: https://api.openalex.org:443 "GET /works?search=aptamer+selection+protein+target&per-page=100&cursor=IlszLjM4Njg3NzUsIDE3NDc0NDAwMDAwMDAsICdodHRwczovL29wZW5hbGV4Lm9yZy9XNDQxMDQ2Mjc0OCddIg%3D%3D&select=id%2Cdoi%2Ctitle%2Cabstract_inverted_index%2Copen_access HTTP/1.1" 200 None
2026-06-17 14:00:40,801 DEBUG    urllib3.connectionpool: https://api.biorxiv.org:443 "GET /details/biorxiv/2025-06-17/2026-06-17/5580 HTTP/1.1" 200 None
2026-06-17 14:00:41,523 DEBUG    urllib3.connectionpool: https://api.openalex.org:443 "GET /works?search=aptamer+selection+protein+target&per-page=100&cursor=IlszLjMxMjI5MjYsIDE3MzU2ODk2MDAwMDAsICdodHRwczovL29wZW5hbGV4Lm9yZy9XNDQxNDA5NDc0NiddIg%3D%3D&select=id%2Cdoi%2Ctitle%2Cabstract_inverted_index%2Copen_access HTTP/1.1" 200 None
2026-06-17 14:00:42,156 DEBUG    urllib3.connectionpool: https://api.openalex.org:443 "GET /works?search=aptamer+selection+protein+target&per-page=100&cursor=IlszLjIyNDQ3NjMsIDE2MTUxNjE2MDAwMDAsICdodHRwczovL29wZW5hbGV4Lm9yZy9XMzEzNzE4NDEwMCddIg%3D%3D&select=id%2Cdoi%2Ctitle%2Cabstract_inverted_index%2Copen_access HTTP/1.1" 200 None
2026-06-17 14:00:42,392 DEBUG    urllib3.connectionpool: https://api.biorxiv.org:443 "GET /details/biorxiv/2025-06-17/2026-06-17/5610 HTTP/1.1" 200 None
2026-06-17 14:00:43,092 DEBUG    urllib3.connectionpool: https://api.openalex.org:443 "GET /works?search=aptamer+selection+protein+target&per-page=100&cursor=IlszLjEyNTU3NiwgMTc3NTE3NDQwMDAwMCwgJ2h0dHBzOi8vb3BlbmFsZXgub3JnL1c3MTUwMDYzNTIzJ10i&select=id%2Cdoi%2Ctitle%2Cabstract_inverted_index%2Copen_access HTTP/1.1" 200 None
2026-06-17 14:00:43,678 DEBUG    urllib3.connectionpool: https://api.biorxiv.org:443 "GET /details/biorxiv/2025-06-17/2026-06-17/5640 HTTP/1.1" 200 None
2026-06-17 14:00:43,952 DEBUG    urllib3.connectionpool: https://api.openalex.org:443 "GET /works?search=aptamer+selection+protein+target&per-page=100&cursor=IlszLjAyODk1MTYsIDE3MDU3OTUyMDAwMDAsICdodHRwczovL29wZW5hbGV4Lm9yZy9XNDM5MTA2MTcyOSddIg%3D%3D&select=id%2Cdoi%2Ctitle%2Cabstract_inverted_index%2Copen_access HTTP/1.1" 200 None
2026-06-17 14:00:44,662 DEBUG    urllib3.connectionpool: https://api.openalex.org:443 "GET /works?search=aptamer+selection+protein+target&per-page=100&cursor=IlsyLjk1MzM5NzMsIDE3NjYxMDI0MDAwMDAsICdodHRwczovL29wZW5hbGV4Lm9yZy9XNDQxNzUwNzUwMCddIg%3D%3D&select=id%2Cdoi%2Ctitle%2Cabstract_inverted_index%2Copen_access HTTP/1.1" 200 None
2026-06-17 14:00:45,575 DEBUG    urllib3.connectionpool: https://api.openalex.org:443 "GET /works?search=aptamer+selection+protein+target&per-page=100&cursor=IlsyLjgyNTgxMDQsIDE2OTUyNTQ0MDAwMDAsICdodHRwczovL29wZW5hbGV4Lm9yZy9XNDM4NjkzMTI1OSddIg%3D%3D&select=id%2Cdoi%2Ctitle%2Cabstract_inverted_index%2Copen_access HTTP/1.1" 200 None
2026-06-17 14:00:45,621 DEBUG    urllib3.connectionpool: https://api.biorxiv.org:443 "GET /details/biorxiv/2025-06-17/2026-06-17/5670 HTTP/1.1" 200 None
2026-06-17 14:00:46,238 DEBUG    urllib3.connectionpool: https://api.openalex.org:443 "GET /works?search=aptamer+selection+protein+target&per-page=100&cursor=IlsyLjcxNjc3NywgMTcwMTM4ODgwMDAwMCwgJ2h0dHBzOi8vb3BlbmFsZXgub3JnL1c3MTUzNjgwMDc2J10i&select=id%2Cdoi%2Ctitle%2Cabstract_inverted_index%2Copen_access HTTP/1.1" 200 None
2026-06-17 14:00:46,851 DEBUG    urllib3.connectionpool: https://api.biorxiv.org:443 "GET /details/biorxiv/2025-06-17/2026-06-17/5700 HTTP/1.1" 200 None
2026-06-17 14:00:47,094 DEBUG    urllib3.connectionpool: https://api.openalex.org:443 "GET /works?search=aptamer+selection+protein+target&per-page=100&cursor=IlsyLjU3NzU2OTUsIDEyMzM0NDY0MDAwMDAsICdodHRwczovL29wZW5hbGV4Lm9yZy9XMjU2MjA2Mzc3OSddIg%3D%3D&select=id%2Cdoi%2Ctitle%2Cabstract_inverted_index%2Copen_access HTTP/1.1" 200 None
2026-06-17 14:00:47,710 DEBUG    urllib3.connectionpool: https://api.openalex.org:443 "GET /works?search=aptamer+selection+protein+target&per-page=100&cursor=IlsyLjQyNTg4MiwgMTEwNDQ1MTIwMDAwMCwgJ2h0dHBzOi8vb3BlbmFsZXgub3JnL1cyNTkxMjM2NzgxJ10i&select=id%2Cdoi%2Ctitle%2Cabstract_inverted_index%2Copen_access HTTP/1.1" 200 None
2026-06-17 14:00:48,752 DEBUG    urllib3.connectionpool: https://api.openalex.org:443 "GET /works?search=aptamer+selection+protein+target&per-page=100&cursor=IlsyLjI3NzM5NDUsIDEzMjUzNzYwMDAwMDAsICdodHRwczovL29wZW5hbGV4Lm9yZy9XMjUyMTExNDg1NyddIg%3D%3D&select=id%2Cdoi%2Ctitle%2Cabstract_inverted_index%2Copen_access HTTP/1.1" 200 None
2026-06-17 14:00:48,894 DEBUG    urllib3.connectionpool: https://api.biorxiv.org:443 "GET /details/biorxiv/2025-06-17/2026-06-17/5730 HTTP/1.1" 200 None
2026-06-17 14:00:49,382 DEBUG    urllib3.connectionpool: https://api.openalex.org:443 "GET /works?search=aptamer+selection+protein+target&per-page=100&cursor=IlsyLjExNjQ0MywgMTM4ODUzNDQwMDAwMCwgJ2h0dHBzOi8vb3BlbmFsZXgub3JnL1cyMzA5NzEzMTEzJ10i&select=id%2Cdoi%2Ctitle%2Cabstract_inverted_index%2Copen_access HTTP/1.1" 200 None
2026-06-17 14:00:50,240 DEBUG    urllib3.connectionpool: https://api.openalex.org:443 "GET /works?search=aptamer+selection+protein+target&per-page=100&cursor=IlsxLjk4ODc5NTMsIDEzMzQ3MDcyMDAwMDAsICdodHRwczovL29wZW5hbGV4Lm9yZy9XMTUwOTgyNzcwNCddIg%3D%3D&select=id%2Cdoi%2Ctitle%2Cabstract_inverted_index%2Copen_access HTTP/1.1" 200 None
2026-06-17 14:00:50,826 DEBUG    urllib3.connectionpool: https://api.biorxiv.org:443 "GET /details/biorxiv/2025-06-17/2026-06-17/5760 HTTP/1.1" 200 None
2026-06-17 14:00:51,026 DEBUG    urllib3.connectionpool: https://api.openalex.org:443 "GET /works?search=aptamer+selection+protein+target&per-page=100&cursor=IlsxLjg3NTI4OTcsIDE3NjYwMTYwMDAwMDAsICdodHRwczovL29wZW5hbGV4Lm9yZy9XNDQxNzQ3NDg5NiddIg%3D%3D&select=id%2Cdoi%2Ctitle%2Cabstract_inverted_index%2Copen_access HTTP/1.1" 200 None
2026-06-17 14:00:51,904 DEBUG    urllib3.connectionpool: https://api.openalex.org:443 "GET /works?search=aptamer+selection+protein+target&per-page=100&cursor=IlsxLjgwMDE0OTYsIDE0MTUzMTg0MDAwMDAsICdodHRwczovL29wZW5hbGV4Lm9yZy9XODc2NTA1NDUnXSI%3D&select=id%2Cdoi%2Ctitle%2Cabstract_inverted_index%2Copen_access HTTP/1.1" 200 None
2026-06-17 14:00:52,860 DEBUG    urllib3.connectionpool: https://api.openalex.org:443 "GET /works?search=aptamer+selection+protein+target&per-page=100&cursor=IlsxLjcxMzM1NTIsIDE3NjIxMjgwMDAwMDAsICdodHRwczovL29wZW5hbGV4Lm9yZy9XNDQxNTgyMDA0MSddIg%3D%3D&select=id%2Cdoi%2Ctitle%2Cabstract_inverted_index%2Copen_access HTTP/1.1" 200 None
2026-06-17 14:00:52,895 DEBUG    urllib3.connectionpool: https://api.biorxiv.org:443 "GET /details/biorxiv/2025-06-17/2026-06-17/5790 HTTP/1.1" 200 None
2026-06-17 14:00:53,574 DEBUG    urllib3.connectionpool: https://api.openalex.org:443 "GET /works?search=aptamer+selection+protein+target&per-page=100&cursor=IlsxLjY0NTI2MTIsIDE3MjkwMzY4MDAwMDAsICdodHRwczovL29wZW5hbGV4Lm9yZy9XNDQwMzQ2ODk0MyddIg%3D%3D&select=id%2Cdoi%2Ctitle%2Cabstract_inverted_index%2Copen_access HTTP/1.1" 200 None
2026-06-17 14:00:54,242 DEBUG    urllib3.connectionpool: https://api.openalex.org:443 "GET /works?search=aptamer+selection+protein+target&per-page=100&cursor=IlsxLjU3NzE1NjgsIDE3NDgzMDQwMDAwMDAsICdodHRwczovL29wZW5hbGV4Lm9yZy9XNDQxMDc2ODAzNyddIg%3D%3D&select=id%2Cdoi%2Ctitle%2Cabstract_inverted_index%2Copen_access HTTP/1.1" 200 None
2026-06-17 14:00:54,350 DEBUG    urllib3.connectionpool: https://api.biorxiv.org:443 "GET /details/biorxiv/2025-06-17/2026-06-17/5820 HTTP/1.1" 200 None
2026-06-17 14:00:54,962 DEBUG    urllib3.connectionpool: https://api.openalex.org:443 "GET /works?search=aptamer+selection+protein+target&per-page=100&cursor=IlsxLjUxOTY3NjksIDE3NjY2MjA4MDAwMDAsICdodHRwczovL29wZW5hbGV4Lm9yZy9XNzExNzIzNjQ3MCddIg%3D%3D&select=id%2Cdoi%2Ctitle%2Cabstract_inverted_index%2Copen_access HTTP/1.1" 200 None
2026-06-17 14:00:55,775 DEBUG    urllib3.connectionpool: https://api.openalex.org:443 "GET /works?search=aptamer+selection+protein+target&per-page=100&cursor=IlsxLjQ2NzA3NjEsIDk0NjY4NDgwMDAwMCwgJ2h0dHBzOi8vb3BlbmFsZXgub3JnL1c1NjkwMDc4OTcnXSI%3D&select=id%2Cdoi%2Ctitle%2Cabstract_inverted_index%2Copen_access HTTP/1.1" 200 None
2026-06-17 14:00:56,253 DEBUG    urllib3.connectionpool: https://api.biorxiv.org:443 "GET /details/biorxiv/2025-06-17/2026-06-17/5850 HTTP/1.1" 200 None
2026-06-17 14:00:56,533 DEBUG    urllib3.connectionpool: https://api.openalex.org:443 "GET /works?search=aptamer+selection+protein+target&per-page=100&cursor=IlsxLjQyMjE4NzYsIDEzMjcwMTc2MDAwMDAsICdodHRwczovL29wZW5hbGV4Lm9yZy9XMTUxMDQ0MTExMSddIg%3D%3D&select=id%2Cdoi%2Ctitle%2Cabstract_inverted_index%2Copen_access HTTP/1.1" 200 None
2026-06-17 14:00:57,355 DEBUG    urllib3.connectionpool: https://api.openalex.org:443 "GET /works?search=aptamer+selection+protein+target&per-page=100&cursor=IlsxLjM3OTAxNjQsIDEzNTY5OTg0MDAwMDAsICdodHRwczovL29wZW5hbGV4Lm9yZy9XMjM5MTQ2MTgyNyddIg%3D%3D&select=id%2Cdoi%2Ctitle%2Cabstract_inverted_index%2Copen_access HTTP/1.1" 200 None
2026-06-17 14:00:57,788 DEBUG    urllib3.connectionpool: https://api.biorxiv.org:443 "GET /details/biorxiv/2025-06-17/2026-06-17/5880 HTTP/1.1" 200 None
2026-06-17 14:00:59,350 DEBUG    urllib3.connectionpool: https://api.biorxiv.org:443 "GET /details/biorxiv/2025-06-17/2026-06-17/5910 HTTP/1.1" 200 None
2026-06-17 14:01:00,627 DEBUG    urllib3.connectionpool: https://api.openalex.org:443 "GET /works?search=aptamer+selection+protein+target&per-page=100&cursor=IlsxLjMzODA1NjMsIDE3NDM3MjQ4MDAwMDAsICdodHRwczovL29wZW5hbGV4Lm9yZy9XNDQwOTIwNDAzNSddIg%3D%3D&select=id%2Cdoi%2Ctitle%2Cabstract_inverted_index%2Copen_access HTTP/1.1" 200 None
2026-06-17 14:01:00,736 DEBUG    urllib3.connectionpool: https://api.biorxiv.org:443 "GET /details/biorxiv/2025-06-17/2026-06-17/5940 HTTP/1.1" 200 None
2026-06-17 14:01:01,493 DEBUG    urllib3.connectionpool: https://api.openalex.org:443 "GET /works?search=aptamer+selection+protein+target&per-page=100&cursor=IlsxLjMwMDI4MjUsIDE3Nzg3MTY4MDAwMDAsICdodHRwczovL29wZW5hbGV4Lm9yZy9XNzE2MTEyMzc0OSddIg%3D%3D&select=id%2Cdoi%2Ctitle%2Cabstract_inverted_index%2Copen_access HTTP/1.1" 200 None
2026-06-17 14:01:02,119 DEBUG    urllib3.connectionpool: https://api.biorxiv.org:443 "GET /details/biorxiv/2025-06-17/2026-06-17/5970 HTTP/1.1" 200 None
2026-06-17 14:01:02,489 DEBUG    urllib3.connectionpool: https://api.openalex.org:443 "GET /works?search=aptamer+selection+protein+target&per-page=100&cursor=IlsxLjI2MjMyMTgsIDE1NDYzMDA4MDAwMDAsICdodHRwczovL29wZW5hbGV4Lm9yZy9XMjk5MTQ5ODA0MiddIg%3D%3D&select=id%2Cdoi%2Ctitle%2Cabstract_inverted_index%2Copen_access HTTP/1.1" 200 None
2026-06-17 14:01:03,170 DEBUG    urllib3.connectionpool: https://api.openalex.org:443 "GET /works?search=aptamer+selection+protein+target&per-page=100&cursor=IlsxLjIxNDE0MjgsIDE3NjEzNTA0MDAwMDAsICdodHRwczovL29wZW5hbGV4Lm9yZy9XNDQxNzIyMTk1NiddIg%3D%3D&select=id%2Cdoi%2Ctitle%2Cabstract_inverted_index%2Copen_access HTTP/1.1" 200 None
2026-06-17 14:01:03,777 DEBUG    urllib3.connectionpool: https://api.biorxiv.org:443 "GET /details/biorxiv/2025-06-17/2026-06-17/6000 HTTP/1.1" 200 None
2026-06-17 14:01:03,914 DEBUG    urllib3.connectionpool: https://api.openalex.org:443 "GET /works?search=aptamer+selection+protein+target&per-page=100&cursor=IlsxLjE4MDU2MzQsIDEyNjEwOTQ0MDAwMDAsICdodHRwczovL29wZW5hbGV4Lm9yZy9XMjI0NDQ5ODkyNyddIg%3D%3D&select=id%2Cdoi%2Ctitle%2Cabstract_inverted_index%2Copen_access HTTP/1.1" 200 None
2026-06-17 14:01:04,587 DEBUG    urllib3.connectionpool: https://api.openalex.org:443 "GET /works?search=aptamer+selection+protein+target&per-page=100&cursor=IlsxLjE1ODUzMzMsIDE0ODMyMjg4MDAwMDAsICdodHRwczovL29wZW5hbGV4Lm9yZy9XMjYxMDUzMjE0NCddIg%3D%3D&select=id%2Cdoi%2Ctitle%2Cabstract_inverted_index%2Copen_access HTTP/1.1" 200 None
2026-06-17 14:01:05,111 DEBUG    urllib3.connectionpool: https://api.biorxiv.org:443 "GET /details/biorxiv/2025-06-17/2026-06-17/6030 HTTP/1.1" 200 None
2026-06-17 14:01:05,111 DEBUG    urllib3.connectionpool: https://api.openalex.org:443 "GET /works?search=aptamer+selection+protein+target&per-page=100&cursor=IlsxLjEzMjA2NSwgMTcxNDY5NDQwMDAwMCwgJ2h0dHBzOi8vb3BlbmFsZXgub3JnL1c0Mzk2NjI1NjY3J10i&select=id%2Cdoi%2Ctitle%2Cabstract_inverted_index%2Copen_access HTTP/1.1" 200 None
2026-06-17 14:01:05,779 DEBUG    urllib3.connectionpool: https://api.openalex.org:443 "GET /works?search=aptamer+selection+protein+target&per-page=100&cursor=IlsxLjEwMDQ1NzgsIDE1OTA5Njk2MDAwMDAsICdodHRwczovL29wZW5hbGV4Lm9yZy9XMzE1NzE1OTY0MSddIg%3D%3D&select=id%2Cdoi%2Ctitle%2Cabstract_inverted_index%2Copen_access HTTP/1.1" 200 None
2026-06-17 14:01:06,493 DEBUG    urllib3.connectionpool: https://api.biorxiv.org:443 "GET /details/biorxiv/2025-06-17/2026-06-17/6060 HTTP/1.1" 200 None
2026-06-17 14:01:06,493 DEBUG    urllib3.connectionpool: https://api.openalex.org:443 "GET /works?search=aptamer+selection+protein+target&per-page=100&cursor=IlsxLjA3MTAyODcsIDE3MTU2NDQ4MDAwMDAsICdodHRwczovL29wZW5hbGV4Lm9yZy9XNDM5Njg4MzU4MyddIg%3D%3D&select=id%2Cdoi%2Ctitle%2Cabstract_inverted_index%2Copen_access HTTP/1.1" 200 None
2026-06-17 14:01:07,207 DEBUG    urllib3.connectionpool: https://api.openalex.org:443 "GET /works?search=aptamer+selection+protein+target&per-page=100&cursor=IlsxLjA0NTUyNDEsIDE1OTA0NTEyMDAwMDAsICdodHRwczovL29wZW5hbGV4Lm9yZy9XMzAzNDg1MjE5MyddIg%3D%3D&select=id%2Cdoi%2Ctitle%2Cabstract_inverted_index%2Copen_access HTTP/1.1" 200 None
2026-06-17 14:01:07,814 DEBUG    urllib3.connectionpool: https://api.biorxiv.org:443 "GET /details/biorxiv/2025-06-17/2026-06-17/6090 HTTP/1.1" 200 None
2026-06-17 14:01:07,943 DEBUG    urllib3.connectionpool: https://api.openalex.org:443 "GET /works?search=aptamer+selection+protein+target&per-page=100&cursor=IlsxLjAxODkzMDksIDE3MjkyMDk2MDAwMDAsICdodHRwczovL29wZW5hbGV4Lm9yZy9XNzE0MTc3MzU1MCddIg%3D%3D&select=id%2Cdoi%2Ctitle%2Cabstract_inverted_index%2Copen_access HTTP/1.1" 200 None
2026-06-17 14:01:08,358 DEBUG    urllib3.connectionpool: https://api.semanticscholar.org:443 "GET /graph/v1/paper/search?query=cell-SELEX+DNA+aptamer&fields=paperId%2Ctitle%2Cabstract%2Cyear%2CexternalIds%2CopenAccessPdf&offset=0&limit=100 HTTP/1.1" 429 174
2026-06-17 14:01:08,359 WARNING  scripts.data.scraper.adapters.base: semantic_scholar https://api.semanticscholar.org/graph/v1/paper/search failed after retries: 429 Client Error:  for url: https://api.semanticscholar.org/graph/v1/paper/search?query=cell-SELEX+DNA+aptamer&fields=paperId%2Ctitle%2Cabstract%2Cyear%2CexternalIds%2CopenAccessPdf&offset=0&limit=100
2026-06-17 14:01:08,604 DEBUG    urllib3.connectionpool: https://api.openalex.org:443 "GET /works?search=aptamer+selection+protein+target&per-page=100&cursor=IlswLjk5NDUxNjYsIDE1MDE1NDU2MDAwMDAsICdodHRwczovL29wZW5hbGV4Lm9yZy9XMjc5MTI3ODM2MiddIg%3D%3D&select=id%2Cdoi%2Ctitle%2Cabstract_inverted_index%2Copen_access HTTP/1.1" 200 None
2026-06-17 14:01:09,366 DEBUG    urllib3.connectionpool: https://api.biorxiv.org:443 "GET /details/biorxiv/2025-06-17/2026-06-17/6120 HTTP/1.1" 200 None
2026-06-17 14:01:09,410 DEBUG    urllib3.connectionpool: https://api.openalex.org:443 "GET /works?search=aptamer+selection+protein+target&per-page=100&cursor=IlswLjk3MjkzMTUsIDE2NDk3MjE2MDAwMDAsICdodHRwczovL29wZW5hbGV4Lm9yZy9XMzExODYwMjQwNiddIg%3D%3D&select=id%2Cdoi%2Ctitle%2Cabstract_inverted_index%2Copen_access HTTP/1.1" 200 None
2026-06-17 14:01:10,253 DEBUG    urllib3.connectionpool: https://api.openalex.org:443 "GET /works?search=aptamer+selection+protein+target&per-page=100&cursor=IlswLjk0ODMyNTc1LCAxNDUxNjA2NDAwMDAwLCAnaHR0cHM6Ly9vcGVuYWxleC5vcmcvVzI1NzcyNTA5OTMnXSI%3D&select=id%2Cdoi%2Ctitle%2Cabstract_inverted_index%2Copen_access HTTP/1.1" 200 None
2026-06-17 14:01:11,210 DEBUG    urllib3.connectionpool: https://api.openalex.org:443 "GET /works?search=aptamer+selection+protein+target&per-page=100&cursor=IlswLjkyMzEwOTUzLCA4ODYyOTEyMDAwMDAsICdodHRwczovL29wZW5hbGV4Lm9yZy9XMzEyNDk2NTAzNCddIg%3D%3D&select=id%2Cdoi%2Ctitle%2Cabstract_inverted_index%2Copen_access HTTP/1.1" 200 None
2026-06-17 14:01:11,212 DEBUG    urllib3.connectionpool: https://api.biorxiv.org:443 "GET /details/biorxiv/2025-06-17/2026-06-17/6150 HTTP/1.1" 200 None
2026-06-17 14:01:11,783 DEBUG    urllib3.connectionpool: https://api.semanticscholar.org:443 "GET /graph/v1/paper/search?query=aptamer+SELEX+SPR+ITC+binding&fields=paperId%2Ctitle%2Cabstract%2Cyear%2CexternalIds%2CopenAccessPdf&offset=0&limit=100 HTTP/1.1" 200 205549
2026-06-17 14:01:11,871 INFO     scripts.data.scraper.adapters.semantic_scholar: SemanticScholarAdapter: 1 records
2026-06-17 14:01:11,873 INFO     __main__: [semantic_scholar] 1 records in 330.5s
2026-06-17 14:01:11,985 DEBUG    urllib3.connectionpool: https://api.openalex.org:443 "GET /works?search=aptamer+selection+protein+target&per-page=100&cursor=IlswLjg5ODE0NDU0LCAxMzg4NTM0NDAwMDAwLCAnaHR0cHM6Ly9vcGVuYWxleC5vcmcvVzI0ODYwNDk5NjUnXSI%3D&select=id%2Cdoi%2Ctitle%2Cabstract_inverted_index%2Copen_access HTTP/1.1" 200 None
2026-06-17 14:01:12,664 DEBUG    urllib3.connectionpool: https://api.biorxiv.org:443 "GET /details/biorxiv/2025-06-17/2026-06-17/6180 HTTP/1.1" 200 None
2026-06-17 14:01:12,976 DEBUG    urllib3.connectionpool: https://api.openalex.org:443 "GET /works?search=aptamer+selection+protein+target&per-page=100&cursor=IlswLjg3NDExODEsIDE3MzMwMTEyMDAwMDAsICdodHRwczovL29wZW5hbGV4Lm9yZy9XNzEwNTA0OTI2NCddIg%3D%3D&select=id%2Cdoi%2Ctitle%2Cabstract_inverted_index%2Copen_access HTTP/1.1" 200 None
2026-06-17 14:01:13,505 DEBUG    urllib3.connectionpool: https://api.openalex.org:443 "GET /works?search=aptamer+selection+protein+target&per-page=100&cursor=IlswLjg0OTgxMjAzLCAxMzY5MTgwODAwMDAwLCAnaHR0cHM6Ly9vcGVuYWxleC5vcmcvVzQyMzExNDUwNDInXSI%3D&select=id%2Cdoi%2Ctitle%2Cabstract_inverted_index%2Copen_access HTTP/1.1" 200 None
2026-06-17 14:01:14,359 DEBUG    urllib3.connectionpool: https://api.openalex.org:443 "GET /works?search=aptamer+selection+protein+target&per-page=100&cursor=IlswLjgyODM1MiwgMTAwOTg0MzIwMDAwMCwgJ2h0dHBzOi8vb3BlbmFsZXgub3JnL1czMDk5NjMzMyddIg%3D%3D&select=id%2Cdoi%2Ctitle%2Cabstract_inverted_index%2Copen_access HTTP/1.1" 200 None
2026-06-17 14:01:14,732 DEBUG    urllib3.connectionpool: https://api.biorxiv.org:443 "GET /details/biorxiv/2025-06-17/2026-06-17/6210 HTTP/1.1" 200 None
2026-06-17 14:01:15,407 DEBUG    urllib3.connectionpool: https://api.openalex.org:443 "GET /works?search=aptamer+selection+protein+target&per-page=100&cursor=IlswLjgwMzI1MjUsIDE3NTE1ODcyMDAwMDAsICdodHRwczovL29wZW5hbGV4Lm9yZy9XNDQxMjA0MDgyNSddIg%3D%3D&select=id%2Cdoi%2Ctitle%2Cabstract_inverted_index%2Copen_access HTTP/1.1" 200 None
2026-06-17 14:01:16,211 DEBUG    urllib3.connectionpool: https://api.openalex.org:443 "GET /works?search=aptamer+selection+protein+target&per-page=100&cursor=IlswLjc3NzAyNzg1LCAxNjcwODg5NjAwMDAwLCAnaHR0cHM6Ly9vcGVuYWxleC5vcmcvVzQzMTEzMTYzODInXSI%3D&select=id%2Cdoi%2Ctitle%2Cabstract_inverted_index%2Copen_access HTTP/1.1" 200 None
2026-06-17 14:01:16,535 DEBUG    urllib3.connectionpool: https://api.biorxiv.org:443 "GET /details/biorxiv/2025-06-17/2026-06-17/6240 HTTP/1.1" 200 None
2026-06-17 14:01:16,802 DEBUG    urllib3.connectionpool: https://api.openalex.org:443 "GET /works?search=aptamer+selection+protein+target&per-page=100&cursor=IlswLjc1NzI3NjU0LCAxNzc1MDAxNjAwMDAwLCAnaHR0cHM6Ly9vcGVuYWxleC5vcmcvVzcxNTE4NDc0MzInXSI%3D&select=id%2Cdoi%2Ctitle%2Cabstract_inverted_index%2Copen_access HTTP/1.1" 200 None
2026-06-17 14:01:17,568 DEBUG    urllib3.connectionpool: https://api.openalex.org:443 "GET /works?search=aptamer+selection+protein+target&per-page=100&cursor=IlswLjczODk0MjQsIDE2ODE3NzYwMDAwMDAsICdodHRwczovL29wZW5hbGV4Lm9yZy9XNDM2NjI0NTUwOSddIg%3D%3D&select=id%2Cdoi%2Ctitle%2Cabstract_inverted_index%2Copen_access HTTP/1.1" 200 None
2026-06-17 14:01:17,879 DEBUG    urllib3.connectionpool: https://api.biorxiv.org:443 "GET /details/biorxiv/2025-06-17/2026-06-17/6270 HTTP/1.1" 200 None
2026-06-17 14:01:18,431 DEBUG    urllib3.connectionpool: https://api.openalex.org:443 "GET /works?search=aptamer+selection+protein+target&per-page=100&cursor=IlswLjcxNTk4NTA2LCAxMzg4NTM0NDAwMDAwLCAnaHR0cHM6Ly9vcGVuYWxleC5vcmcvVzI1NjYzMjYyMjAnXSI%3D&select=id%2Cdoi%2Ctitle%2Cabstract_inverted_index%2Copen_access HTTP/1.1" 200 None
2026-06-17 14:01:19,178 DEBUG    urllib3.connectionpool: https://api.openalex.org:443 "GET /works?search=aptamer+selection+protein+target&per-page=100&cursor=IlswLjY5ODQ0ODY2LCAxMjA5NjAwMDAwMDAwLCAnaHR0cHM6Ly9vcGVuYWxleC5vcmcvVzIwODMzNjMxOTgnXSI%3D&select=id%2Cdoi%2Ctitle%2Cabstract_inverted_index%2Copen_access HTTP/1.1" 200 None
2026-06-17 14:01:19,338 DEBUG    urllib3.connectionpool: https://api.biorxiv.org:443 "GET /details/biorxiv/2025-06-17/2026-06-17/6300 HTTP/1.1" 200 None
2026-06-17 14:01:19,828 DEBUG    urllib3.connectionpool: https://api.openalex.org:443 "GET /works?search=aptamer+selection+protein+target&per-page=100&cursor=IlswLjY3NzY3Nzg3LCAxMDcyOTE1MjAwMDAwLCAnaHR0cHM6Ly9vcGVuYWxleC5vcmcvVzI0NDMzNTA4MzcnXSI%3D&select=id%2Cdoi%2Ctitle%2Cabstract_inverted_index%2Copen_access HTTP/1.1" 200 None
2026-06-17 14:01:20,554 DEBUG    urllib3.connectionpool: https://api.openalex.org:443 "GET /works?search=aptamer+selection+protein+target&per-page=100&cursor=IlswLjY0ODMxNTk3LCAxNzM1Njg5NjAwMDAwLCAnaHR0cHM6Ly9vcGVuYWxleC5vcmcvVzcxMTI4MjcyNjQnXSI%3D&select=id%2Cdoi%2Ctitle%2Cabstract_inverted_index%2Copen_access HTTP/1.1" 200 None
2026-06-17 14:01:21,171 DEBUG    urllib3.connectionpool: https://api.biorxiv.org:443 "GET /details/biorxiv/2025-06-17/2026-06-17/6330 HTTP/1.1" 200 None
2026-06-17 14:01:21,497 DEBUG    urllib3.connectionpool: https://api.openalex.org:443 "GET /works?search=aptamer+selection+protein+target&per-page=100&cursor=IlswLjYyNTg1NDk3LCAxNzUyMTkyMDAwMDAwLCAnaHR0cHM6Ly9vcGVuYWxleC5vcmcvVzQ0MTIyMDA2NjknXSI%3D&select=id%2Cdoi%2Ctitle%2Cabstract_inverted_index%2Copen_access HTTP/1.1" 200 None
2026-06-17 14:01:22,221 DEBUG    urllib3.connectionpool: https://api.openalex.org:443 "GET /works?search=aptamer+selection+protein+target&per-page=100&cursor=IlswLjU5OTQ1NzksIDEzOTUxODcyMDAwMDAsICdodHRwczovL29wZW5hbGV4Lm9yZy9XNjQ1MDUxNDk3J10i&select=id%2Cdoi%2Ctitle%2Cabstract_inverted_index%2Copen_access HTTP/1.1" 200 None
2026-06-17 14:01:22,417 DEBUG    urllib3.connectionpool: https://api.biorxiv.org:443 "GET /details/biorxiv/2025-06-17/2026-06-17/6360 HTTP/1.1" 200 None
2026-06-17 14:01:22,937 DEBUG    urllib3.connectionpool: https://api.openalex.org:443 "GET /works?search=aptamer+selection+protein+target&per-page=100&cursor=IlswLjU2NTE2NzcsIDE3NzE1NDU2MDAwMDAsICdodHRwczovL29wZW5hbGV4Lm9yZy9XNzEzMDcyNDUxNSddIg%3D%3D&select=id%2Cdoi%2Ctitle%2Cabstract_inverted_index%2Copen_access HTTP/1.1" 200 None
2026-06-17 14:01:23,674 DEBUG    urllib3.connectionpool: https://api.openalex.org:443 "GET /works?search=aptamer+selection+protein+target&per-page=100&cursor=IlswLjUzNDAwMDA0LCAxNTAxNTQ1NjAwMDAwLCAnaHR0cHM6Ly9vcGVuYWxleC5vcmcvVzI3NzYyMjE0NTQnXSI%3D&select=id%2Cdoi%2Ctitle%2Cabstract_inverted_index%2Copen_access HTTP/1.1" 200 None
2026-06-17 14:01:23,992 DEBUG    urllib3.connectionpool: https://api.biorxiv.org:443 "GET /details/biorxiv/2025-06-17/2026-06-17/6390 HTTP/1.1" 200 None
2026-06-17 14:01:24,346 DEBUG    urllib3.connectionpool: https://api.openalex.org:443 "GET /works?search=aptamer+selection+protein+target&per-page=100&cursor=IlswLjQ5OTE1MjU0LCAxMzU2OTk4NDAwMDAwLCAnaHR0cHM6Ly9vcGVuYWxleC5vcmcvVzI3Mjg2NjQxNTEnXSI%3D&select=id%2Cdoi%2Ctitle%2Cabstract_inverted_index%2Copen_access HTTP/1.1" 200 None
2026-06-17 14:01:25,079 DEBUG    urllib3.connectionpool: https://api.openalex.org:443 "GET /works?search=aptamer+selection+protein+target&per-page=100&cursor=IlswLjQ0MjY4MzA0LCAxNDI1MTY4MDAwMDAwLCAnaHR0cHM6Ly9vcGVuYWxleC5vcmcvVzI3NjY1ODUzNjgnXSI%3D&select=id%2Cdoi%2Ctitle%2Cabstract_inverted_index%2Copen_access HTTP/1.1" 200 None
2026-06-17 14:01:25,559 DEBUG    urllib3.connectionpool: https://api.biorxiv.org:443 "GET /details/biorxiv/2025-06-17/2026-06-17/6420 HTTP/1.1" 200 None
2026-06-17 14:01:25,700 DEBUG    urllib3.connectionpool: https://api.openalex.org:443 "GET /works?search=ssDNA+aptamer+SELEX+Kd&per-page=100&cursor=%2A&select=id%2Cdoi%2Ctitle%2Cabstract_inverted_index%2Copen_access HTTP/1.1" 200 None
2026-06-17 14:01:26,462 DEBUG    urllib3.connectionpool: https://api.openalex.org:443 "GET /works?search=ssDNA+aptamer+SELEX+Kd&per-page=100&cursor=IlsyMTIuODgxOTEsIDE1NzgwMDk2MDAwMDAsICdodHRwczovL29wZW5hbGV4Lm9yZy9XMjk5OTg2MDU4MyddIg%3D%3D&select=id%2Cdoi%2Ctitle%2Cabstract_inverted_index%2Copen_access HTTP/1.1" 200 None
2026-06-17 14:01:27,028 DEBUG    urllib3.connectionpool: https://api.biorxiv.org:443 "GET /details/biorxiv/2025-06-17/2026-06-17/6450 HTTP/1.1" 200 None
2026-06-17 14:01:27,132 DEBUG    urllib3.connectionpool: https://api.openalex.org:443 "GET /works?search=ssDNA+aptamer+SELEX+Kd&per-page=100&cursor=IlsxMzkuNTEyODgsIDE1NDA0MjU2MDAwMDAsICdodHRwczovL29wZW5hbGV4Lm9yZy9XMjg5ODU2MjMyMSddIg%3D%3D&select=id%2Cdoi%2Ctitle%2Cabstract_inverted_index%2Copen_access HTTP/1.1" 200 None
2026-06-17 14:01:27,861 DEBUG    urllib3.connectionpool: https://api.openalex.org:443 "GET /works?search=ssDNA+aptamer+SELEX+Kd&per-page=100&cursor=Ils5Ni40MzQ0OCwgMTc0MjE2OTYwMDAwMCwgJ2h0dHBzOi8vb3BlbmFsZXgub3JnL1c0NDA4NTIyMzI2J10i&select=id%2Cdoi%2Ctitle%2Cabstract_inverted_index%2Copen_access HTTP/1.1" 200 None
2026-06-17 14:01:28,777 DEBUG    urllib3.connectionpool: https://api.openalex.org:443 "GET /works?search=ssDNA+aptamer+SELEX+Kd&per-page=100&cursor=Ils2Ni45MTM5OCwgMTMyNTM3NjAwMDAwMCwgJ2h0dHBzOi8vb3BlbmFsZXgub3JnL1cyMzMyNjUwNDInXSI%3D&select=id%2Cdoi%2Ctitle%2Cabstract_inverted_index%2Copen_access HTTP/1.1" 200 None
2026-06-17 14:01:29,350 DEBUG    urllib3.connectionpool: https://api.biorxiv.org:443 "GET /details/biorxiv/2025-06-17/2026-06-17/6480 HTTP/1.1" 200 None
2026-06-17 14:01:29,605 DEBUG    urllib3.connectionpool: https://api.openalex.org:443 "GET /works?search=ssDNA+aptamer+SELEX+Kd&per-page=100&cursor=Ils0NC40NjM5NjYsIDE0ODMyMjg4MDAwMDAsICdodHRwczovL29wZW5hbGV4Lm9yZy9XMjkwMjk1MjExOSddIg%3D%3D&select=id%2Cdoi%2Ctitle%2Cabstract_inverted_index%2Copen_access HTTP/1.1" 200 None
2026-06-17 14:01:30,309 DEBUG    urllib3.connectionpool: https://api.openalex.org:443 "GET /works?search=ssDNA+aptamer+SELEX+Kd&per-page=100&cursor=IlsyNi4yMTc0NzgsIDE2Njc3NzkyMDAwMDAsICdodHRwczovL29wZW5hbGV4Lm9yZy9XNDMwODUzMTg0MyddIg%3D%3D&select=id%2Cdoi%2Ctitle%2Cabstract_inverted_index%2Copen_access HTTP/1.1" 200 None
2026-06-17 14:01:31,133 DEBUG    urllib3.connectionpool: https://api.openalex.org:443 "GET /works?search=ssDNA+aptamer+SELEX+Kd&per-page=100&cursor=IlsxMy45NzgxNjIsIDE2NTUxNjQ4MDAwMDAsICdodHRwczovL29wZW5hbGV4Lm9yZy9XNDI4MjgzNzE3MCddIg%3D%3D&select=id%2Cdoi%2Ctitle%2Cabstract_inverted_index%2Copen_access HTTP/1.1" 200 None
2026-06-17 14:01:31,329 DEBUG    urllib3.connectionpool: https://api.biorxiv.org:443 "GET /details/biorxiv/2025-06-17/2026-06-17/6510 HTTP/1.1" 200 None
2026-06-17 14:01:31,851 DEBUG    urllib3.connectionpool: https://api.openalex.org:443 "GET /works?search=ssDNA+aptamer+SELEX+Kd&per-page=100&cursor=Ils4Ljc5NDEwNiwgMTQyMDA3MDQwMDAwMCwgJ2h0dHBzOi8vb3BlbmFsZXgub3JnL1cyMzM3MDEwMDUyJ10i&select=id%2Cdoi%2Ctitle%2Cabstract_inverted_index%2Copen_access HTTP/1.1" 200 None
2026-06-17 14:01:32,576 DEBUG    urllib3.connectionpool: https://api.openalex.org:443 "GET /works?search=ssDNA+aptamer+SELEX+Kd&per-page=100&cursor=IlszLjkyMjU4ODgsIDE2MTk4MjcyMDAwMDAsICdodHRwczovL29wZW5hbGV4Lm9yZy9XMzE4NTkyMzQ0NyddIg%3D%3D&select=id%2Cdoi%2Ctitle%2Cabstract_inverted_index%2Copen_access HTTP/1.1" 200 None
2026-06-17 14:01:32,963 DEBUG    urllib3.connectionpool: https://api.biorxiv.org:443 "GET /details/biorxiv/2025-06-17/2026-06-17/6540 HTTP/1.1" 200 None
2026-06-17 14:01:33,228 DEBUG    urllib3.connectionpool: https://api.openalex.org:443 "GET /works?search=ssDNA+aptamer+SELEX+Kd&per-page=100&cursor=IlswLjgzOTcxMjE0LCAxMTM2MDczNjAwMDAwLCAnaHR0cHM6Ly9vcGVuYWxleC5vcmcvVzIyODMzNzgwJ10i&select=id%2Cdoi%2Ctitle%2Cabstract_inverted_index%2Copen_access HTTP/1.1" 200 None
2026-06-17 14:01:33,806 DEBUG    urllib3.connectionpool: https://api.openalex.org:443 "GET /works?search=RNA+aptamer+in+vitro+selection&per-page=100&cursor=%2A&select=id%2Cdoi%2Ctitle%2Cabstract_inverted_index%2Copen_access HTTP/1.1" 200 None
2026-06-17 14:01:34,294 DEBUG    urllib3.connectionpool: https://api.openalex.org:443 "GET /works?search=RNA+aptamer+in+vitro+selection&per-page=100&cursor=IlszOTMuMzE1LCAxMDg5ODQ5NjAwMDAwLCAnaHR0cHM6Ly9vcGVuYWxleC5vcmcvVzIwMTM2NzQ1NTUnXSI%3D&select=id%2Cdoi%2Ctitle%2Cabstract_inverted_index%2Copen_access HTTP/1.1" 200 None
2026-06-17 14:01:34,499 DEBUG    urllib3.connectionpool: https://api.biorxiv.org:443 "GET /details/biorxiv/2025-06-17/2026-06-17/6570 HTTP/1.1" 200 None
2026-06-17 14:01:35,003 DEBUG    urllib3.connectionpool: https://api.openalex.org:443 "GET /works?search=RNA+aptamer+in+vitro+selection&per-page=100&cursor=IlszMTQuODY1OCwgMTIxNjc3MTIwMDAwMCwgJ2h0dHBzOi8vb3BlbmFsZXgub3JnL1cyMDE0NzczNDM2J10i&select=id%2Cdoi%2Ctitle%2Cabstract_inverted_index%2Copen_access HTTP/1.1" 200 None
2026-06-17 14:01:35,860 DEBUG    urllib3.connectionpool: https://api.openalex.org:443 "GET /works?search=RNA+aptamer+in+vitro+selection&per-page=100&cursor=IlsyNjMuMTYxNTYsIDEyNjA4MzUyMDAwMDAsICdodHRwczovL29wZW5hbGV4Lm9yZy9XMjEwNjU5MjMzMSddIg%3D%3D&select=id%2Cdoi%2Ctitle%2Cabstract_inverted_index%2Copen_access HTTP/1.1" 200 None
2026-06-17 14:01:36,067 DEBUG    urllib3.connectionpool: https://api.biorxiv.org:443 "GET /details/biorxiv/2025-06-17/2026-06-17/6600 HTTP/1.1" 200 None
2026-06-17 14:01:36,578 DEBUG    urllib3.connectionpool: https://api.openalex.org:443 "GET /works?search=RNA+aptamer+in+vitro+selection&per-page=100&cursor=IlsyMjIuMjAxNiwgMTA3MTc5MjAwMDAwMCwgJ2h0dHBzOi8vb3BlbmFsZXgub3JnL1cyMDY2OTI5ODgyJ10i&select=id%2Cdoi%2Ctitle%2Cabstract_inverted_index%2Copen_access HTTP/1.1" 200 None
2026-06-17 14:01:37,319 DEBUG    urllib3.connectionpool: https://api.openalex.org:443 "GET /works?search=RNA+aptamer+in+vitro+selection&per-page=100&cursor=IlsxOTkuNDIwMiwgMTIzNjk4ODgwMDAwMCwgJ2h0dHBzOi8vb3BlbmFsZXgub3JnL1cyMDM5NjI4MTM2J10i&select=id%2Cdoi%2Ctitle%2Cabstract_inverted_index%2Copen_access HTTP/1.1" 200 None
2026-06-17 14:01:37,613 DEBUG    urllib3.connectionpool: https://api.biorxiv.org:443 "GET /details/biorxiv/2025-06-17/2026-06-17/6630 HTTP/1.1" 200 None
2026-06-17 14:01:37,994 DEBUG    urllib3.connectionpool: https://api.openalex.org:443 "GET /works?search=RNA+aptamer+in+vitro+selection&per-page=100&cursor=IlsxODIuNjQ1ODYsIDEzNTIyNDY0MDAwMDAsICdodHRwczovL29wZW5hbGV4Lm9yZy9XMjA0NTI3NDk4MSddIg%3D%3D&select=id%2Cdoi%2Ctitle%2Cabstract_inverted_index%2Copen_access HTTP/1.1" 200 None
2026-06-17 14:01:38,674 DEBUG    urllib3.connectionpool: https://api.openalex.org:443 "GET /works?search=RNA+aptamer+in+vitro+selection&per-page=100&cursor=IlsxNjcuMzkzMDUsIDE1ODg4MDk2MDAwMDAsICdodHRwczovL29wZW5hbGV4Lm9yZy9XMzAyMzk5NDA5MyddIg%3D%3D&select=id%2Cdoi%2Ctitle%2Cabstract_inverted_index%2Copen_access HTTP/1.1" 200 None
2026-06-17 14:01:39,200 DEBUG    urllib3.connectionpool: https://api.biorxiv.org:443 "GET /details/biorxiv/2025-06-17/2026-06-17/6660 HTTP/1.1" 200 None
2026-06-17 14:01:39,334 DEBUG    urllib3.connectionpool: https://api.openalex.org:443 "GET /works?search=RNA+aptamer+in+vitro+selection&per-page=100&cursor=IlsxNTQuMTE3NDUsIDE0NzAwOTYwMDAwMDAsICdodHRwczovL29wZW5hbGV4Lm9yZy9XMjQ5MDA0MTgxMiddIg%3D%3D&select=id%2Cdoi%2Ctitle%2Cabstract_inverted_index%2Copen_access HTTP/1.1" 200 None
2026-06-17 14:01:40,143 DEBUG    urllib3.connectionpool: https://api.openalex.org:443 "GET /works?search=RNA+aptamer+in+vitro+selection&per-page=100&cursor=IlsxNDMuODA3NzUsIDEyODQwNzY4MDAwMDAsICdodHRwczovL29wZW5hbGV4Lm9yZy9XMjEzNjMxMjM1OCddIg%3D%3D&select=id%2Cdoi%2Ctitle%2Cabstract_inverted_index%2Copen_access HTTP/1.1" 200 None
2026-06-17 14:01:40,860 DEBUG    urllib3.connectionpool: https://api.openalex.org:443 "GET /works?search=RNA+aptamer+in+vitro+selection&per-page=100&cursor=IlsxMzQuMzQ5MjcsIDE0NjM2MTYwMDAwMDAsICdodHRwczovL29wZW5hbGV4Lm9yZy9XMjM5NzU1MTMzMiddIg%3D%3D&select=id%2Cdoi%2Ctitle%2Cabstract_inverted_index%2Copen_access HTTP/1.1" 200 None
2026-06-17 14:01:41,401 DEBUG    urllib3.connectionpool: https://api.biorxiv.org:443 "GET /details/biorxiv/2025-06-17/2026-06-17/6690 HTTP/1.1" 200 None
2026-06-17 14:01:41,494 DEBUG    urllib3.connectionpool: https://api.openalex.org:443 "GET /works?search=RNA+aptamer+in+vitro+selection&per-page=100&cursor=IlsxMjYuOTkwNDg2LCAxNjY0NTgyNDAwMDAwLCAnaHR0cHM6Ly9vcGVuYWxleC5vcmcvVzQzMDA4NjEyNzQnXSI%3D&select=id%2Cdoi%2Ctitle%2Cabstract_inverted_index%2Copen_access HTTP/1.1" 200 None
2026-06-17 14:01:42,245 DEBUG    urllib3.connectionpool: https://api.openalex.org:443 "GET /works?search=RNA+aptamer+in+vitro+selection&per-page=100&cursor=IlsxMjEuMzc0NjI2LCAxMzA3NjY0MDAwMDAwLCAnaHR0cHM6Ly9vcGVuYWxleC5vcmcvVzIxMDgzNjc3MzYnXSI%3D&select=id%2Cdoi%2Ctitle%2Cabstract_inverted_index%2Copen_access HTTP/1.1" 200 None
2026-06-17 14:01:42,870 DEBUG    urllib3.connectionpool: https://api.openalex.org:443 "GET /works?search=RNA+aptamer+in+vitro+selection&per-page=100&cursor=IlsxMTQuMzc0MTcsIDEzOTMyODY0MDAwMDAsICdodHRwczovL29wZW5hbGV4Lm9yZy9XMjE2OTU0Nzg3NyddIg%3D%3D&select=id%2Cdoi%2Ctitle%2Cabstract_inverted_index%2Copen_access HTTP/1.1" 200 None
2026-06-17 14:01:43,091 DEBUG    urllib3.connectionpool: https://api.biorxiv.org:443 "GET /details/biorxiv/2025-06-17/2026-06-17/6720 HTTP/1.1" 200 None
2026-06-17 14:01:43,728 DEBUG    urllib3.connectionpool: https://api.openalex.org:443 "GET /works?search=RNA+aptamer+in+vitro+selection&per-page=100&cursor=IlsxMDkuMDI2MDQsIDE0MzY0ODY0MDAwMDAsICdodHRwczovL29wZW5hbGV4Lm9yZy9XMjMzNjU5NDc3MiddIg%3D%3D&select=id%2Cdoi%2Ctitle%2Cabstract_inverted_index%2Copen_access HTTP/1.1" 200 None
2026-06-17 14:01:44,681 DEBUG    urllib3.connectionpool: https://api.openalex.org:443 "GET /works?search=RNA+aptamer+in+vitro+selection&per-page=100&cursor=IlsxMDEuODkxNjg1LCAxNTE3NTI5NjAwMDAwLCAnaHR0cHM6Ly9vcGVuYWxleC5vcmcvVzI4MDU4NDI3NzAnXSI%3D&select=id%2Cdoi%2Ctitle%2Cabstract_inverted_index%2Copen_access HTTP/1.1" 200 None
2026-06-17 14:01:44,783 DEBUG    urllib3.connectionpool: https://api.biorxiv.org:443 "GET /details/biorxiv/2025-06-17/2026-06-17/6750 HTTP/1.1" 200 None
2026-06-17 14:01:45,889 DEBUG    urllib3.connectionpool: https://api.openalex.org:443 "GET /works?search=RNA+aptamer+in+vitro+selection&per-page=100&cursor=Ils5Ni45NzQxOCwgMTY5NDIxNzYwMDAwMCwgJ2h0dHBzOi8vb3BlbmFsZXgub3JnL1c0Mzg2NjAyNjE4J10i&select=id%2Cdoi%2Ctitle%2Cabstract_inverted_index%2Copen_access HTTP/1.1" 200 None
2026-06-17 14:01:46,253 DEBUG    urllib3.connectionpool: https://api.biorxiv.org:443 "GET /details/biorxiv/2025-06-17/2026-06-17/6780 HTTP/1.1" 200 None
2026-06-17 14:01:46,544 DEBUG    urllib3.connectionpool: https://api.openalex.org:443 "GET /works?search=RNA+aptamer+in+vitro+selection&per-page=100&cursor=Ils5Mi42NTI1LCAxNjY4ODE2MDAwMDAwLCAnaHR0cHM6Ly9vcGVuYWxleC5vcmcvVzQzMDk1NjU3MTcnXSI%3D&select=id%2Cdoi%2Ctitle%2Cabstract_inverted_index%2Copen_access HTTP/1.1" 200 None
2026-06-17 14:01:47,426 DEBUG    urllib3.connectionpool: https://api.openalex.org:443 "GET /works?search=RNA+aptamer+in+vitro+selection&per-page=100&cursor=Ils4OC42OTI4OCwgMTY2NzI2MDgwMDAwMCwgJ2h0dHBzOi8vb3BlbmFsZXgub3JnL1c0MzA4MDA3NDQ1J10i&select=id%2Cdoi%2Ctitle%2Cabstract_inverted_index%2Copen_access HTTP/1.1" 200 None
2026-06-17 14:01:47,928 DEBUG    urllib3.connectionpool: https://api.biorxiv.org:443 "GET /details/biorxiv/2025-06-17/2026-06-17/6810 HTTP/1.1" 200 None
2026-06-17 14:01:48,314 DEBUG    urllib3.connectionpool: https://api.openalex.org:443 "GET /works?search=RNA+aptamer+in+vitro+selection&per-page=100&cursor=Ils4NC44MDU5OCwgMTUyMDM4MDgwMDAwMCwgJ2h0dHBzOi8vb3BlbmFsZXgub3JnL1cyNzkyMjMzMDA1J10i&select=id%2Cdoi%2Ctitle%2Cabstract_inverted_index%2Copen_access HTTP/1.1" 200 None
2026-06-17 14:01:49,162 DEBUG    urllib3.connectionpool: https://api.openalex.org:443 "GET /works?search=RNA+aptamer+in+vitro+selection&per-page=100&cursor=Ils4MC41OTA1NDYsIDEyNjc0MDE2MDAwMDAsICdodHRwczovL29wZW5hbGV4Lm9yZy9XMjE0MDA5ODgxOCddIg%3D%3D&select=id%2Cdoi%2Ctitle%2Cabstract_inverted_index%2Copen_access HTTP/1.1" 200 None
2026-06-17 14:01:49,364 DEBUG    urllib3.connectionpool: https://api.biorxiv.org:443 "GET /details/biorxiv/2025-06-17/2026-06-17/6840 HTTP/1.1" 200 None
2026-06-17 14:01:49,890 DEBUG    urllib3.connectionpool: https://api.openalex.org:443 "GET /works?search=RNA+aptamer+in+vitro+selection&per-page=100&cursor=Ils3Ny41NTIzNCwgMTM1MDUxODQwMDAwMCwgJ2h0dHBzOi8vb3BlbmFsZXgub3JnL1cyMDEwODE4NzY2J10i&select=id%2Cdoi%2Ctitle%2Cabstract_inverted_index%2Copen_access HTTP/1.1" 200 None
2026-06-17 14:01:50,599 DEBUG    urllib3.connectionpool: https://api.openalex.org:443 "GET /works?search=RNA+aptamer+in+vitro+selection&per-page=100&cursor=Ils3NC40OTk1OSwgMTU4Mzk3MTIwMDAwMCwgJ2h0dHBzOi8vb3BlbmFsZXgub3JnL1czMDEyNDQwMjQ0J10i&select=id%2Cdoi%2Ctitle%2Cabstract_inverted_index%2Copen_access HTTP/1.1" 200 None
2026-06-17 14:01:51,066 DEBUG    urllib3.connectionpool: https://api.biorxiv.org:443 "GET /details/biorxiv/2025-06-17/2026-06-17/6870 HTTP/1.1" 200 None
2026-06-17 14:01:51,171 DEBUG    urllib3.connectionpool: https://api.openalex.org:443 "GET /works?search=RNA+aptamer+in+vitro+selection&per-page=100&cursor=Ils3MS4xOTg3NCwgMTQ3OTM0MDgwMDAwMCwgJ2h0dHBzOi8vb3BlbmFsZXgub3JnL1cyNTU0MDE0NzI3J10i&select=id%2Cdoi%2Ctitle%2Cabstract_inverted_index%2Copen_access HTTP/1.1" 200 None
2026-06-17 14:01:51,881 DEBUG    urllib3.connectionpool: https://api.openalex.org:443 "GET /works?search=RNA+aptamer+in+vitro+selection&per-page=100&cursor=Ils2OC4yMjU1ODYsIDEyMzA3NjgwMDAwMDAsICdodHRwczovL29wZW5hbGV4Lm9yZy9XMjA1ODMzMzczMSddIg%3D%3D&select=id%2Cdoi%2Ctitle%2Cabstract_inverted_index%2Copen_access HTTP/1.1" 200 None
2026-06-17 14:01:52,649 DEBUG    urllib3.connectionpool: https://api.openalex.org:443 "GET /works?search=RNA+aptamer+in+vitro+selection&per-page=100&cursor=Ils2NS41NjUzMSwgMTI0NTAyNDAwMDAwMCwgJ2h0dHBzOi8vb3BlbmFsZXgub3JnL1cyMDY2MDgzMzE4J10i&select=id%2Cdoi%2Ctitle%2Cabstract_inverted_index%2Copen_access HTTP/1.1" 200 None
2026-06-17 14:01:52,723 DEBUG    urllib3.connectionpool: https://api.biorxiv.org:443 "GET /details/biorxiv/2025-06-17/2026-06-17/6900 HTTP/1.1" 200 None
2026-06-17 14:01:53,377 DEBUG    urllib3.connectionpool: https://api.openalex.org:443 "GET /works?search=RNA+aptamer+in+vitro+selection&per-page=100&cursor=Ils2My4xNzM1MjMsIDEyNzI1ODU2MDAwMDAsICdodHRwczovL29wZW5hbGV4Lm9yZy9XMjA4ODI0NzI3MiddIg%3D%3D&select=id%2Cdoi%2Ctitle%2Cabstract_inverted_index%2Copen_access HTTP/1.1" 200 None
2026-06-17 14:01:54,081 DEBUG    urllib3.connectionpool: https://api.openalex.org:443 "GET /works?search=RNA+aptamer+in+vitro+selection&per-page=100&cursor=Ils2MC40NzQ4NzYsIDE3NDk1MTM2MDAwMDAsICdodHRwczovL29wZW5hbGV4Lm9yZy9XNDQxMTE3ODkwOSddIg%3D%3D&select=id%2Cdoi%2Ctitle%2Cabstract_inverted_index%2Copen_access HTTP/1.1" 200 None
2026-06-17 14:01:54,220 DEBUG    urllib3.connectionpool: https://api.biorxiv.org:443 "GET /details/biorxiv/2025-06-17/2026-06-17/6930 HTTP/1.1" 200 None
2026-06-17 14:01:54,930 DEBUG    urllib3.connectionpool: https://api.openalex.org:443 "GET /works?search=RNA+aptamer+in+vitro+selection&per-page=100&cursor=Ils1OC4wNTMzNCwgMTY4MTQzMDQwMDAwMCwgJ2h0dHBzOi8vb3BlbmFsZXgub3JnL1c0MzY1NTEzNTkxJ10i&select=id%2Cdoi%2Ctitle%2Cabstract_inverted_index%2Copen_access HTTP/1.1" 200 None
2026-06-17 14:01:55,821 DEBUG    urllib3.connectionpool: https://api.openalex.org:443 "GET /works?search=RNA+aptamer+in+vitro+selection&per-page=100&cursor=Ils1NS4yODE3NCwgMTY1OTM5ODQwMDAwMCwgJ2h0dHBzOi8vb3BlbmFsZXgub3JnL1c0Mjg5NTIxMzUwJ10i&select=id%2Cdoi%2Ctitle%2Cabstract_inverted_index%2Copen_access HTTP/1.1" 200 None
2026-06-17 14:01:55,888 DEBUG    urllib3.connectionpool: https://api.biorxiv.org:443 "GET /details/biorxiv/2025-06-17/2026-06-17/6960 HTTP/1.1" 200 None
2026-06-17 14:01:56,544 DEBUG    urllib3.connectionpool: https://api.openalex.org:443 "GET /works?search=RNA+aptamer+in+vitro+selection&per-page=100&cursor=Ils1My4zMjcxNjQsIDEyOTM4NDAwMDAwMDAsICdodHRwczovL29wZW5hbGV4Lm9yZy9XMTk4NTYyOTIyNCddIg%3D%3D&select=id%2Cdoi%2Ctitle%2Cabstract_inverted_index%2Copen_access HTTP/1.1" 200 None
2026-06-17 14:01:57,216 DEBUG    urllib3.connectionpool: https://api.openalex.org:443 "GET /works?search=RNA+aptamer+in+vitro+selection&per-page=100&cursor=Ils1MS40OTUyMjgsIDE2NTgxMDI0MDAwMDAsICdodHRwczovL29wZW5hbGV4Lm9yZy9XNDI4NTcyNzc4NyddIg%3D%3D&select=id%2Cdoi%2Ctitle%2Cabstract_inverted_index%2Copen_access HTTP/1.1" 200 None
2026-06-17 14:01:57,358 DEBUG    urllib3.connectionpool: https://api.biorxiv.org:443 "GET /details/biorxiv/2025-06-17/2026-06-17/6990 HTTP/1.1" 200 None
2026-06-17 14:01:58,099 DEBUG    urllib3.connectionpool: https://api.openalex.org:443 "GET /works?search=RNA+aptamer+in+vitro+selection&per-page=100&cursor=Ils0OS40MDc0NywgMTY0NTgzMzYwMDAwMCwgJ2h0dHBzOi8vb3BlbmFsZXgub3JnL1c0MjE0NjU1NDA2J10i&select=id%2Cdoi%2Ctitle%2Cabstract_inverted_index%2Copen_access HTTP/1.1" 200 None
2026-06-17 14:01:59,201 DEBUG    urllib3.connectionpool: https://api.openalex.org:443 "GET /works?search=RNA+aptamer+in+vitro+selection&per-page=100&cursor=Ils0Ny4wODc5MzMsIDExMjgwMzg0MDAwMDAsICdodHRwczovL29wZW5hbGV4Lm9yZy9XMjE0MDY1NzA0MyddIg%3D%3D&select=id%2Cdoi%2Ctitle%2Cabstract_inverted_index%2Copen_access HTTP/1.1" 200 None
2026-06-17 14:01:59,202 DEBUG    urllib3.connectionpool: https://api.biorxiv.org:443 "GET /details/biorxiv/2025-06-17/2026-06-17/7020 HTTP/1.1" 200 None
2026-06-17 14:01:59,648 DEBUG    urllib3.connectionpool: https://api.openalex.org:443 "GET /works?search=RNA+aptamer+in+vitro+selection&per-page=100&cursor=Ils0NS4zOTg0OSwgMTYzOTM1MzYwMDAwMCwgJ2h0dHBzOi8vb3BlbmFsZXgub3JnL1c0MjAwMzQxNjk0J10i&select=id%2Cdoi%2Ctitle%2Cabstract_inverted_index%2Copen_access HTTP/1.1" 200 None
2026-06-17 14:02:00,505 DEBUG    urllib3.connectionpool: https://api.openalex.org:443 "GET /works?search=RNA+aptamer+in+vitro+selection&per-page=100&cursor=Ils0My41NTcyNzgsIDE1MzYxMDU2MDAwMDAsICdodHRwczovL29wZW5hbGV4Lm9yZy9XMjg5MTA3NjQzOSddIg%3D%3D&select=id%2Cdoi%2Ctitle%2Cabstract_inverted_index%2Copen_access HTTP/1.1" 200 None
2026-06-17 14:02:00,698 DEBUG    urllib3.connectionpool: https://api.biorxiv.org:443 "GET /details/biorxiv/2025-06-17/2026-06-17/7050 HTTP/1.1" 200 None
2026-06-17 14:02:01,080 DEBUG    urllib3.connectionpool: https://api.openalex.org:443 "GET /works?search=RNA+aptamer+in+vitro+selection&per-page=100&cursor=Ils0Mi4wNTI1NjcsIDE1NTA0NDgwMDAwMDAsICdodHRwczovL29wZW5hbGV4Lm9yZy9XMjk0ODc5MTc4MiddIg%3D%3D&select=id%2Cdoi%2Ctitle%2Cabstract_inverted_index%2Copen_access HTTP/1.1" 200 None
2026-06-17 14:02:01,744 DEBUG    urllib3.connectionpool: https://api.openalex.org:443 "GET /works?search=RNA+aptamer+in+vitro+selection&per-page=100&cursor=Ils0MC43MTgwOTQsIDE3MDA2MTEyMDAwMDAsICdodHRwczovL29wZW5hbGV4Lm9yZy9XNDM4ODg5OTY1MSddIg%3D%3D&select=id%2Cdoi%2Ctitle%2Cabstract_inverted_index%2Copen_access HTTP/1.1" 200 None
2026-06-17 14:02:02,107 DEBUG    urllib3.connectionpool: https://api.biorxiv.org:443 "GET /details/biorxiv/2025-06-17/2026-06-17/7080 HTTP/1.1" 200 None
2026-06-17 14:02:02,398 DEBUG    urllib3.connectionpool: https://api.openalex.org:443 "GET /works?search=RNA+aptamer+in+vitro+selection&per-page=100&cursor=IlszOS4xNzU0MDcsIDE2OTMyNjcyMDAwMDAsICdodHRwczovL29wZW5hbGV4Lm9yZy9XNDM4NjI1NTc1OCddIg%3D%3D&select=id%2Cdoi%2Ctitle%2Cabstract_inverted_index%2Copen_access HTTP/1.1" 200 None
2026-06-17 14:02:03,128 DEBUG    urllib3.connectionpool: https://api.openalex.org:443 "GET /works?search=RNA+aptamer+in+vitro+selection&per-page=100&cursor=IlszNy44MzI4NDQsIDE3Njk5MDQwMDAwMDAsICdodHRwczovL29wZW5hbGV4Lm9yZy9XNzEyNzkxNjM2MiddIg%3D%3D&select=id%2Cdoi%2Ctitle%2Cabstract_inverted_index%2Copen_access HTTP/1.1" 200 None
2026-06-17 14:02:03,529 DEBUG    urllib3.connectionpool: https://api.biorxiv.org:443 "GET /details/biorxiv/2025-06-17/2026-06-17/7110 HTTP/1.1" 200 None
2026-06-17 14:02:03,846 DEBUG    urllib3.connectionpool: https://api.openalex.org:443 "GET /works?search=RNA+aptamer+in+vitro+selection&per-page=100&cursor=IlszNi43MTc3NCwgMTQ1MTYwNjQwMDAwMCwgJ2h0dHBzOi8vb3BlbmFsZXgub3JnL1cyMzQ1ODM2MzkzJ10i&select=id%2Cdoi%2Ctitle%2Cabstract_inverted_index%2Copen_access HTTP/1.1" 200 None
2026-06-17 14:02:04,538 DEBUG    urllib3.connectionpool: https://api.openalex.org:443 "GET /works?search=RNA+aptamer+in+vitro+selection&per-page=100&cursor=IlszNS43MDU1NDQsIDE2OTQ4MjI0MDAwMDAsICdodHRwczovL29wZW5hbGV4Lm9yZy9XNDM4NjgwMDgyMiddIg%3D%3D&select=id%2Cdoi%2Ctitle%2Cabstract_inverted_index%2Copen_access HTTP/1.1" 200 None
2026-06-17 14:02:05,126 DEBUG    urllib3.connectionpool: https://api.biorxiv.org:443 "GET /details/biorxiv/2025-06-17/2026-06-17/7140 HTTP/1.1" 200 None
2026-06-17 14:02:05,237 DEBUG    urllib3.connectionpool: https://api.openalex.org:443 "GET /works?search=RNA+aptamer+in+vitro+selection&per-page=100&cursor=IlszNC41MTE3OTUsIDE2NDU4MzM2MDAwMDAsICdodHRwczovL29wZW5hbGV4Lm9yZy9XNDIxNDU4MDkxNiddIg%3D%3D&select=id%2Cdoi%2Ctitle%2Cabstract_inverted_index%2Copen_access HTTP/1.1" 200 None
2026-06-17 14:02:05,844 DEBUG    urllib3.connectionpool: https://api.openalex.org:443 "GET /works?search=RNA+aptamer+in+vitro+selection&per-page=100&cursor=IlszMy4zNTk3MjIsIDE2ODA0ODAwMDAwMDAsICdodHRwczovL29wZW5hbGV4Lm9yZy9XNDM2MjU2MTA4NyddIg%3D%3D&select=id%2Cdoi%2Ctitle%2Cabstract_inverted_index%2Copen_access HTTP/1.1" 200 None
2026-06-17 14:02:06,489 DEBUG    urllib3.connectionpool: https://api.biorxiv.org:443 "GET /details/biorxiv/2025-06-17/2026-06-17/7170 HTTP/1.1" 200 None
2026-06-17 14:02:06,490 DEBUG    urllib3.connectionpool: https://api.openalex.org:443 "GET /works?search=RNA+aptamer+in+vitro+selection&per-page=100&cursor=IlszMi4yNTYwMTIsIDE2Mzg0MDMyMDAwMDAsICdodHRwczovL29wZW5hbGV4Lm9yZy9XMzIxNzE3Mzk1MCddIg%3D%3D&select=id%2Cdoi%2Ctitle%2Cabstract_inverted_index%2Copen_access HTTP/1.1" 200 None
2026-06-17 14:02:07,323 DEBUG    urllib3.connectionpool: https://api.openalex.org:443 "GET /works?search=RNA+aptamer+in+vitro+selection&per-page=100&cursor=IlszMS4xNjkyNTIsIDExNTAxNTY4MDAwMDAsICdodHRwczovL29wZW5hbGV4Lm9yZy9XMTk5NjE1NTQ5NSddIg%3D%3D&select=id%2Cdoi%2Ctitle%2Cabstract_inverted_index%2Copen_access HTTP/1.1" 200 None
2026-06-17 14:02:07,895 DEBUG    urllib3.connectionpool: https://api.openalex.org:443 "GET /works?search=RNA+aptamer+in+vitro+selection&per-page=100&cursor=IlszMC4yMTg0NDMsIDE1MjE2NzY4MDAwMDAsICdodHRwczovL29wZW5hbGV4Lm9yZy9XMjgwNjY0MDAwOCddIg%3D%3D&select=id%2Cdoi%2Ctitle%2Cabstract_inverted_index%2Copen_access HTTP/1.1" 200 None
2026-06-17 14:02:07,956 DEBUG    urllib3.connectionpool: https://api.biorxiv.org:443 "GET /details/biorxiv/2025-06-17/2026-06-17/7200 HTTP/1.1" 200 None
2026-06-17 14:02:08,560 DEBUG    urllib3.connectionpool: https://api.openalex.org:443 "GET /works?search=RNA+aptamer+in+vitro+selection&per-page=100&cursor=IlsyOS4wMzE0MSwgMTYwMzc1NjgwMDAwMCwgJ2h0dHBzOi8vb3BlbmFsZXgub3JnL1czMDk2MTMwMTYyJ10i&select=id%2Cdoi%2Ctitle%2Cabstract_inverted_index%2Copen_access HTTP/1.1" 200 None
2026-06-17 14:02:09,165 DEBUG    urllib3.connectionpool: https://api.openalex.org:443 "GET /works?search=RNA+aptamer+in+vitro+selection&per-page=100&cursor=IlsyOC4yNDIyNjgsIDE2MjQ4Mzg0MDAwMDAsICdodHRwczovL29wZW5hbGV4Lm9yZy9XMzE3MzY3MjEyMiddIg%3D%3D&select=id%2Cdoi%2Ctitle%2Cabstract_inverted_index%2Copen_access HTTP/1.1" 200 None
2026-06-17 14:02:09,432 DEBUG    urllib3.connectionpool: https://api.biorxiv.org:443 "GET /details/biorxiv/2025-06-17/2026-06-17/7230 HTTP/1.1" 200 None
2026-06-17 14:02:09,942 DEBUG    urllib3.connectionpool: https://api.openalex.org:443 "GET /works?search=RNA+aptamer+in+vitro+selection&per-page=100&cursor=IlsyNy41MjkzODgsIDE3MjgwMDAwMDAwMDAsICdodHRwczovL29wZW5hbGV4Lm9yZy9XNDQwMzExNzQ2MCddIg%3D%3D&select=id%2Cdoi%2Ctitle%2Cabstract_inverted_index%2Copen_access HTTP/1.1" 200 None
2026-06-17 14:02:10,656 DEBUG    urllib3.connectionpool: https://api.openalex.org:443 "GET /works?search=RNA+aptamer+in+vitro+selection&per-page=100&cursor=IlsyNi43NTk2NzYsIDEzODExOTA0MDAwMDAsICdodHRwczovL29wZW5hbGV4Lm9yZy9XMTg4OTY3MDgyNSddIg%3D%3D&select=id%2Cdoi%2Ctitle%2Cabstract_inverted_index%2Copen_access HTTP/1.1" 200 None
2026-06-17 14:02:10,805 DEBUG    urllib3.connectionpool: https://api.biorxiv.org:443 "GET /details/biorxiv/2025-06-17/2026-06-17/7260 HTTP/1.1" 200 None
2026-06-17 14:02:11,590 DEBUG    urllib3.connectionpool: https://api.openalex.org:443 "GET /works?search=RNA+aptamer+in+vitro+selection&per-page=100&cursor=IlsyNi4xMjEwMjksIDE2ODU5MjMyMDAwMDAsICdodHRwczovL29wZW5hbGV4Lm9yZy9XNDM3OTQ2NzIzNCddIg%3D%3D&select=id%2Cdoi%2Ctitle%2Cabstract_inverted_index%2Copen_access HTTP/1.1" 200 None
2026-06-17 14:02:12,105 DEBUG    urllib3.connectionpool: https://api.openalex.org:443 "GET /works?search=RNA+aptamer+in+vitro+selection&per-page=100&cursor=IlsyNS40MDA5NDIsIDE1NDYzMDA4MDAwMDAsICdodHRwczovL29wZW5hbGV4Lm9yZy9XMjk5NTEyMzMxMSddIg%3D%3D&select=id%2Cdoi%2Ctitle%2Cabstract_inverted_index%2Copen_access HTTP/1.1" 200 None
2026-06-17 14:02:12,228 DEBUG    urllib3.connectionpool: https://api.biorxiv.org:443 "GET /details/biorxiv/2025-06-17/2026-06-17/7290 HTTP/1.1" 200 None
2026-06-17 14:02:12,755 DEBUG    urllib3.connectionpool: https://api.openalex.org:443 "GET /works?search=RNA+aptamer+in+vitro+selection&per-page=100&cursor=IlsyNC42MTExMDEsIDE1NDYzMDA4MDAwMDAsICdodHRwczovL29wZW5hbGV4Lm9yZy9XMjk1MTYzNDI0MSddIg%3D%3D&select=id%2Cdoi%2Ctitle%2Cabstract_inverted_index%2Copen_access HTTP/1.1" 200 None
2026-06-17 14:02:13,640 DEBUG    urllib3.connectionpool: https://api.openalex.org:443 "GET /works?search=RNA+aptamer+in+vitro+selection&per-page=100&cursor=IlsyMy45MTgzMiwgMTY3Mjk2MzIwMDAwMCwgJ2h0dHBzOi8vb3BlbmFsZXgub3JnL1c0MzEzODkwNzM4J10i&select=id%2Cdoi%2Ctitle%2Cabstract_inverted_index%2Copen_access HTTP/1.1" 200 None
2026-06-17 14:02:13,642 DEBUG    urllib3.connectionpool: https://api.biorxiv.org:443 "GET /details/biorxiv/2025-06-17/2026-06-17/7320 HTTP/1.1" 200 None
2026-06-17 14:02:14,135 DEBUG    urllib3.connectionpool: https://api.openalex.org:443 "GET /works?search=RNA+aptamer+in+vitro+selection&per-page=100&cursor=IlsyMy4yMzE0MzgsIDE1MjA0NjcyMDAwMDAsICdodHRwczovL29wZW5hbGV4Lm9yZy9XMjc5MDI3Mjc3NSddIg%3D%3D&select=id%2Cdoi%2Ctitle%2Cabstract_inverted_index%2Copen_access HTTP/1.1" 200 None
2026-06-17 14:02:14,860 DEBUG    urllib3.connectionpool: https://api.openalex.org:443 "GET /works?search=RNA+aptamer+in+vitro+selection&per-page=100&cursor=IlsyMi42OTM3NzMsIDk0OTM2MzIwMDAwMCwgJ2h0dHBzOi8vb3BlbmFsZXgub3JnL1cxNTI4MzU0MjI1J10i&select=id%2Cdoi%2Ctitle%2Cabstract_inverted_index%2Copen_access HTTP/1.1" 200 None
2026-06-17 14:02:15,792 DEBUG    urllib3.connectionpool: https://api.openalex.org:443 "GET /works?search=RNA+aptamer+in+vitro+selection&per-page=100&cursor=IlsyMi4xMjY3MjYsIDE2NzI1MzEyMDAwMDAsICdodHRwczovL29wZW5hbGV4Lm9yZy9XNDMxMzUxNjI1MiddIg%3D%3D&select=id%2Cdoi%2Ctitle%2Cabstract_inverted_index%2Copen_access HTTP/1.1" 200 None
2026-06-17 14:02:16,041 DEBUG    urllib3.connectionpool: https://api.biorxiv.org:443 "GET /details/biorxiv/2025-06-17/2026-06-17/7350 HTTP/1.1" 200 None
2026-06-17 14:02:16,313 DEBUG    urllib3.connectionpool: https://api.openalex.org:443 "GET /works?search=RNA+aptamer+in+vitro+selection&per-page=100&cursor=IlsyMS41NzExMjMsIDE1OTA3MTA0MDAwMDAsICdodHRwczovL29wZW5hbGV4Lm9yZy9XMzAyOTYxNzkyOSddIg%3D%3D&select=id%2Cdoi%2Ctitle%2Cabstract_inverted_index%2Copen_access HTTP/1.1" 200 None
2026-06-17 14:02:17,023 DEBUG    urllib3.connectionpool: https://api.openalex.org:443 "GET /works?search=RNA+aptamer+in+vitro+selection&per-page=100&cursor=IlsyMC45OTg2MDQsIDE2MDE1MTA0MDAwMDAsICdodHRwczovL29wZW5hbGV4Lm9yZy9XMzA5MDI5NzI4NyddIg%3D%3D&select=id%2Cdoi%2Ctitle%2Cabstract_inverted_index%2Copen_access HTTP/1.1" 200 None
2026-06-17 14:02:17,546 DEBUG    urllib3.connectionpool: https://api.biorxiv.org:443 "GET /details/biorxiv/2025-06-17/2026-06-17/7380 HTTP/1.1" 200 None
2026-06-17 14:02:17,666 DEBUG    urllib3.connectionpool: https://api.openalex.org:443 "GET /works?search=RNA+aptamer+in+vitro+selection&per-page=100&cursor=IlsyMC40MzY2LCAxNDgzNTc0NDAwMDAwLCAnaHR0cHM6Ly9vcGVuYWxleC5vcmcvVzI1NzA1NDk0NzUnXSI%3D&select=id%2Cdoi%2Ctitle%2Cabstract_inverted_index%2Copen_access HTTP/1.1" 200 None
2026-06-17 14:02:18,429 DEBUG    urllib3.connectionpool: https://api.openalex.org:443 "GET /works?search=RNA+aptamer+in+vitro+selection&per-page=100&cursor=IlsxOS45ODk0OTIsIDE3MjU5MjY0MDAwMDAsICdodHRwczovL29wZW5hbGV4Lm9yZy9XNDQwMjM5MzEyOCddIg%3D%3D&select=id%2Cdoi%2Ctitle%2Cabstract_inverted_index%2Copen_access HTTP/1.1" 200 None
2026-06-17 14:02:19,247 DEBUG    urllib3.connectionpool: https://api.openalex.org:443 "GET /works?search=RNA+aptamer+in+vitro+selection&per-page=100&cursor=IlsxOS40ODcyMjUsIDE3NDQyNDMyMDAwMDAsICdodHRwczovL29wZW5hbGV4Lm9yZy9XNDQwOTMyOTkyNCddIg%3D%3D&select=id%2Cdoi%2Ctitle%2Cabstract_inverted_index%2Copen_access HTTP/1.1" 200 None
2026-06-17 14:02:19,571 DEBUG    urllib3.connectionpool: https://api.biorxiv.org:443 "GET /details/biorxiv/2025-06-17/2026-06-17/7410 HTTP/1.1" 200 None
2026-06-17 14:02:20,093 DEBUG    urllib3.connectionpool: https://api.openalex.org:443 "GET /works?search=RNA+aptamer+in+vitro+selection&per-page=100&cursor=IlsxOS4xMTEwNSwgMTYyOTg0OTYwMDAwMCwgJ2h0dHBzOi8vb3BlbmFsZXgub3JnL1czMTk0NTg5NTcxJ10i&select=id%2Cdoi%2Ctitle%2Cabstract_inverted_index%2Copen_access HTTP/1.1" 200 None
2026-06-17 14:02:21,017 DEBUG    urllib3.connectionpool: https://api.openalex.org:443 "GET /works?search=RNA+aptamer+in+vitro+selection&per-page=100&cursor=IlsxOC41NDk1MjIsIDEzMzUzMTIwMDAwMDAsICdodHRwczovL29wZW5hbGV4Lm9yZy9XMjA3MzIzOTY3NSddIg%3D%3D&select=id%2Cdoi%2Ctitle%2Cabstract_inverted_index%2Copen_access HTTP/1.1" 200 None
2026-06-17 14:02:21,666 DEBUG    urllib3.connectionpool: https://api.openalex.org:443 "GET /works?search=RNA+aptamer+in+vitro+selection&per-page=100&cursor=IlsxOC4xMTc1OSwgMTExNDkwNTYwMDAwMCwgJ2h0dHBzOi8vb3BlbmFsZXgub3JnL1cxOTc4Njk4NTU3J10i&select=id%2Cdoi%2Ctitle%2Cabstract_inverted_index%2Copen_access HTTP/1.1" 200 None
2026-06-17 14:02:22,034 DEBUG    urllib3.connectionpool: https://api.biorxiv.org:443 "GET /details/biorxiv/2025-06-17/2026-06-17/7440 HTTP/1.1" 200 None
2026-06-17 14:02:22,250 DEBUG    urllib3.connectionpool: https://api.openalex.org:443 "GET /works?search=RNA+aptamer+in+vitro+selection&per-page=100&cursor=IlsxNy43Nzg5NiwgMTYyNDU3OTIwMDAwMCwgJ2h0dHBzOi8vb3BlbmFsZXgub3JnL1czMTc2NTk0MDQxJ10i&select=id%2Cdoi%2Ctitle%2Cabstract_inverted_index%2Copen_access HTTP/1.1" 200 None
2026-06-17 14:02:22,855 DEBUG    urllib3.connectionpool: https://api.openalex.org:443 "GET /works?search=RNA+aptamer+in+vitro+selection&per-page=100&cursor=IlsxNy4zNTk0MzgsIDE3MTU2NDQ4MDAwMDAsICdodHRwczovL29wZW5hbGV4Lm9yZy9XNDM5NjkwMzg2MiddIg%3D%3D&select=id%2Cdoi%2Ctitle%2Cabstract_inverted_index%2Copen_access HTTP/1.1" 200 None
2026-06-17 14:02:23,590 DEBUG    urllib3.connectionpool: https://api.biorxiv.org:443 "GET /details/biorxiv/2025-06-17/2026-06-17/7470 HTTP/1.1" 200 None
2026-06-17 14:02:23,612 DEBUG    urllib3.connectionpool: https://api.openalex.org:443 "GET /works?search=RNA+aptamer+in+vitro+selection&per-page=100&cursor=IlsxNy4wMDE3MzQsIDE1OTA2MjQwMDAwMDAsICdodHRwczovL29wZW5hbGV4Lm9yZy9XMzAyODgyNzUzMyddIg%3D%3D&select=id%2Cdoi%2Ctitle%2Cabstract_inverted_index%2Copen_access HTTP/1.1" 200 None
2026-06-17 14:02:24,290 DEBUG    urllib3.connectionpool: https://api.openalex.org:443 "GET /works?search=RNA+aptamer+in+vitro+selection&per-page=100&cursor=IlsxNi42MjUxMjgsIDE3MTA4MDY0MDAwMDAsICdodHRwczovL29wZW5hbGV4Lm9yZy9XNDM5Mjk1MjA3NCddIg%3D%3D&select=id%2Cdoi%2Ctitle%2Cabstract_inverted_index%2Copen_access HTTP/1.1" 200 None
2026-06-17 14:02:25,213 DEBUG    urllib3.connectionpool: https://api.openalex.org:443 "GET /works?search=RNA+aptamer+in+vitro+selection&per-page=100&cursor=IlsxNi4yOTE1MjUsIDE2NTYyODgwMDAwMDAsICdodHRwczovL29wZW5hbGV4Lm9yZy9XNDI4MzY1NjgwOSddIg%3D%3D&select=id%2Cdoi%2Ctitle%2Cabstract_inverted_index%2Copen_access HTTP/1.1" 200 None
2026-06-17 14:02:25,216 DEBUG    urllib3.connectionpool: https://api.biorxiv.org:443 "GET /details/biorxiv/2025-06-17/2026-06-17/7500 HTTP/1.1" 200 None
2026-06-17 14:02:25,862 DEBUG    urllib3.connectionpool: https://api.openalex.org:443 "GET /works?search=RNA+aptamer+in+vitro+selection&per-page=100&cursor=IlsxNS45MjY1ODIsIDE0ODk1MzYwMDAwMDAsICdodHRwczovL29wZW5hbGV4Lm9yZy9XMjU5OTYxOTkwMiddIg%3D%3D&select=id%2Cdoi%2Ctitle%2Cabstract_inverted_index%2Copen_access HTTP/1.1" 200 None
2026-06-17 14:02:26,554 DEBUG    urllib3.connectionpool: https://api.openalex.org:443 "GET /works?search=RNA+aptamer+in+vitro+selection&per-page=100&cursor=IlsxNS41NTkwOTUsIDE2MzQzNDI0MDAwMDAsICdodHRwczovL29wZW5hbGV4Lm9yZy9XMzIwNTQyNjgyOSddIg%3D%3D&select=id%2Cdoi%2Ctitle%2Cabstract_inverted_index%2Copen_access HTTP/1.1" 200 None
2026-06-17 14:02:26,911 DEBUG    urllib3.connectionpool: https://api.biorxiv.org:443 "GET /details/biorxiv/2025-06-17/2026-06-17/7530 HTTP/1.1" 200 None
2026-06-17 14:02:27,438 DEBUG    urllib3.connectionpool: https://api.openalex.org:443 "GET /works?search=RNA+aptamer+in+vitro+selection&per-page=100&cursor=IlsxNS4yMzY5NzMsIDE2NzI3MDQwMDAwMDAsICdodHRwczovL29wZW5hbGV4Lm9yZy9XNDMxMzQ1ODk3MSddIg%3D%3D&select=id%2Cdoi%2Ctitle%2Cabstract_inverted_index%2Copen_access HTTP/1.1" 200 None
2026-06-17 14:02:28,327 DEBUG    urllib3.connectionpool: https://api.openalex.org:443 "GET /works?search=RNA+aptamer+in+vitro+selection&per-page=100&cursor=IlsxNC45MzQzOTgsIDE2MjMzNjk2MDAwMDAsICdodHRwczovL29wZW5hbGV4Lm9yZy9XMzE2OTk2NDgwNyddIg%3D%3D&select=id%2Cdoi%2Ctitle%2Cabstract_inverted_index%2Copen_access HTTP/1.1" 200 None
2026-06-17 14:02:28,487 DEBUG    urllib3.connectionpool: https://api.biorxiv.org:443 "GET /details/biorxiv/2025-06-17/2026-06-17/7560 HTTP/1.1" 200 None
2026-06-17 14:02:28,836 DEBUG    urllib3.connectionpool: https://api.openalex.org:443 "GET /works?search=RNA+aptamer+in+vitro+selection&per-page=100&cursor=IlsxNC42MDAzMDgsIDE3MTkyNzM2MDAwMDAsICdodHRwczovL29wZW5hbGV4Lm9yZy9XNDQwMDA3OTQ3OSddIg%3D%3D&select=id%2Cdoi%2Ctitle%2Cabstract_inverted_index%2Copen_access HTTP/1.1" 200 None
2026-06-17 14:02:29,573 DEBUG    urllib3.connectionpool: https://api.openalex.org:443 "GET /works?search=RNA+aptamer+in+vitro+selection&per-page=100&cursor=IlsxNC4yOTc5MiwgMTQwMjYxNzYwMDAwMCwgJ2h0dHBzOi8vb3BlbmFsZXgub3JnL1cyMTA2OTA5MjQ2J10i&select=id%2Cdoi%2Ctitle%2Cabstract_inverted_index%2Copen_access HTTP/1.1" 200 None
2026-06-17 14:02:29,912 DEBUG    urllib3.connectionpool: https://api.biorxiv.org:443 "GET /details/biorxiv/2025-06-17/2026-06-17/7590 HTTP/1.1" 200 None
2026-06-17 14:02:30,207 DEBUG    urllib3.connectionpool: https://api.openalex.org:443 "GET /works?search=RNA+aptamer+in+vitro+selection&per-page=100&cursor=IlsxNC4wMzI0NSwgMTM4NjYzMzYwMDAwMCwgJ2h0dHBzOi8vb3BlbmFsZXgub3JnL1cyMDM5NDE4MTI3J10i&select=id%2Cdoi%2Ctitle%2Cabstract_inverted_index%2Copen_access HTTP/1.1" 200 None
2026-06-17 14:02:30,919 DEBUG    urllib3.connectionpool: https://api.openalex.org:443 "GET /works?search=RNA+aptamer+in+vitro+selection&per-page=100&cursor=IlsxMy43NzgyOCwgMTc2MTYwOTYwMDAwMCwgJ2h0dHBzOi8vb3BlbmFsZXgub3JnL1c0NDE2MDU3NDMxJ10i&select=id%2Cdoi%2Ctitle%2Cabstract_inverted_index%2Copen_access HTTP/1.1" 200 None
2026-06-17 14:02:31,436 DEBUG    urllib3.connectionpool: https://api.biorxiv.org:443 "GET /details/biorxiv/2025-06-17/2026-06-17/7620 HTTP/1.1" 200 None
2026-06-17 14:02:31,504 DEBUG    urllib3.connectionpool: https://api.openalex.org:443 "GET /works?search=RNA+aptamer+in+vitro+selection&per-page=100&cursor=IlsxMy41MTQyMTIsIDE2NzI1MzEyMDAwMDAsICdodHRwczovL29wZW5hbGV4Lm9yZy9XNDMyMTYxMjY2NiddIg%3D%3D&select=id%2Cdoi%2Ctitle%2Cabstract_inverted_index%2Copen_access HTTP/1.1" 200 None
2026-06-17 14:02:32,305 DEBUG    urllib3.connectionpool: https://api.openalex.org:443 "GET /works?search=RNA+aptamer+in+vitro+selection&per-page=100&cursor=IlsxMy4yMTgyOTMsIDE0NjYwMzUyMDAwMDAsICdodHRwczovL29wZW5hbGV4Lm9yZy9XMjQzNTg1ODIyMiddIg%3D%3D&select=id%2Cdoi%2Ctitle%2Cabstract_inverted_index%2Copen_access HTTP/1.1" 200 None
2026-06-17 14:02:33,036 DEBUG    urllib3.connectionpool: https://api.openalex.org:443 "GET /works?search=RNA+aptamer+in+vitro+selection&per-page=100&cursor=IlsxMi44ODY5NDgsIDE0ODc2MzUyMDAwMDAsICdodHRwczovL29wZW5hbGV4Lm9yZy9XMjYyMzY0MTA2NyddIg%3D%3D&select=id%2Cdoi%2Ctitle%2Cabstract_inverted_index%2Copen_access HTTP/1.1" 200 None
2026-06-17 14:02:33,087 DEBUG    urllib3.connectionpool: https://api.biorxiv.org:443 "GET /details/biorxiv/2025-06-17/2026-06-17/7650 HTTP/1.1" 200 None
2026-06-17 14:02:33,727 DEBUG    urllib3.connectionpool: https://api.openalex.org:443 "GET /works?search=RNA+aptamer+in+vitro+selection&per-page=100&cursor=IlsxMi42NDMyMDEsIDE0NTE2MDY0MDAwMDAsICdodHRwczovL29wZW5hbGV4Lm9yZy9XMjQ2MjY2NzU2MSddIg%3D%3D&select=id%2Cdoi%2Ctitle%2Cabstract_inverted_index%2Copen_access HTTP/1.1" 200 None
2026-06-17 14:02:34,412 DEBUG    urllib3.connectionpool: https://api.openalex.org:443 "GET /works?search=RNA+aptamer+in+vitro+selection&per-page=100&cursor=IlsxMi4zNzEzMDYsIDE1MzU3NjAwMDAwMDAsICdodHRwczovL29wZW5hbGV4Lm9yZy9XMjg4NTM4OTQwMCddIg%3D%3D&select=id%2Cdoi%2Ctitle%2Cabstract_inverted_index%2Copen_access HTTP/1.1" 200 None
2026-06-17 14:02:34,776 DEBUG    urllib3.connectionpool: https://api.biorxiv.org:443 "GET /details/biorxiv/2025-06-17/2026-06-17/7680 HTTP/1.1" 200 None
2026-06-17 14:02:35,106 DEBUG    urllib3.connectionpool: https://api.openalex.org:443 "GET /works?search=RNA+aptamer+in+vitro+selection&per-page=100&cursor=IlsxMi4xMTE5NTksIDE0MjAwNzA0MDAwMDAsICdodHRwczovL29wZW5hbGV4Lm9yZy9XMjA5MTU0Nzc2MiddIg%3D%3D&select=id%2Cdoi%2Ctitle%2Cabstract_inverted_index%2Copen_access HTTP/1.1" 200 None
2026-06-17 14:02:35,822 DEBUG    urllib3.connectionpool: https://api.openalex.org:443 "GET /works?search=RNA+aptamer+in+vitro+selection&per-page=100&cursor=IlsxMS44NDk1NTgsIDE3MzcwNzIwMDAwMDAsICdodHRwczovL29wZW5hbGV4Lm9yZy9XNDQwNjQ5NzQyMSddIg%3D%3D&select=id%2Cdoi%2Ctitle%2Cabstract_inverted_index%2Copen_access HTTP/1.1" 200 None
2026-06-17 14:02:36,160 DEBUG    urllib3.connectionpool: https://api.biorxiv.org:443 "GET /details/biorxiv/2025-06-17/2026-06-17/7710 HTTP/1.1" 200 None
2026-06-17 14:02:36,714 DEBUG    urllib3.connectionpool: https://api.openalex.org:443 "GET /works?search=RNA+aptamer+in+vitro+selection&per-page=100&cursor=IlsxMS41OTg4NzMsIDE1NDYzMDA4MDAwMDAsICdodHRwczovL29wZW5hbGV4Lm9yZy9XMjk0NzM5NjM5MyddIg%3D%3D&select=id%2Cdoi%2Ctitle%2Cabstract_inverted_index%2Copen_access HTTP/1.1" 200 None
2026-06-17 14:02:37,397 DEBUG    urllib3.connectionpool: https://api.openalex.org:443 "GET /works?search=RNA+aptamer+in+vitro+selection&per-page=100&cursor=IlsxMS4zOTg5NTUsIDE3NDczNTM2MDAwMDAsICdodHRwczovL29wZW5hbGV4Lm9yZy9XNDQxMDQzNTI1NyddIg%3D%3D&select=id%2Cdoi%2Ctitle%2Cabstract_inverted_index%2Copen_access HTTP/1.1" 200 None
2026-06-17 14:02:37,555 DEBUG    urllib3.connectionpool: https://api.biorxiv.org:443 "GET /details/biorxiv/2025-06-17/2026-06-17/7740 HTTP/1.1" 200 None
2026-06-17 14:02:38,068 DEBUG    urllib3.connectionpool: https://api.openalex.org:443 "GET /works?search=RNA+aptamer+in+vitro+selection&per-page=100&cursor=IlsxMS4xNjE1NjQsIDE2NTgyNzUyMDAwMDAsICdodHRwczovL29wZW5hbGV4Lm9yZy9XNDI4NjAwMTQyMSddIg%3D%3D&select=id%2Cdoi%2Ctitle%2Cabstract_inverted_index%2Copen_access HTTP/1.1" 200 None
2026-06-17 14:02:38,855 DEBUG    urllib3.connectionpool: https://api.openalex.org:443 "GET /works?search=RNA+aptamer+in+vitro+selection&per-page=100&cursor=IlsxMC45MTU2NzgsIDE3NTkxOTA0MDAwMDAsICdodHRwczovL29wZW5hbGV4Lm9yZy9XNDQxNDY1OTM0NSddIg%3D%3D&select=id%2Cdoi%2Ctitle%2Cabstract_inverted_index%2Copen_access HTTP/1.1" 200 None
2026-06-17 14:02:39,498 DEBUG    urllib3.connectionpool: https://api.biorxiv.org:443 "GET /details/biorxiv/2025-06-17/2026-06-17/7770 HTTP/1.1" 200 None
2026-06-17 14:02:39,499 DEBUG    urllib3.connectionpool: https://api.openalex.org:443 "GET /works?search=RNA+aptamer+in+vitro+selection&per-page=100&cursor=IlsxMC42ODAxMjgsIDE3MTQwMDMyMDAwMDAsICdodHRwczovL29wZW5hbGV4Lm9yZy9XNDM5NTQ1Njg2NyddIg%3D%3D&select=id%2Cdoi%2Ctitle%2Cabstract_inverted_index%2Copen_access HTTP/1.1" 200 None
2026-06-17 14:02:40,356 DEBUG    urllib3.connectionpool: https://api.openalex.org:443 "GET /works?search=RNA+aptamer+in+vitro+selection&per-page=100&cursor=IlsxMC40Mzc5NTQsIDE3Mjc3NDA4MDAwMDAsICdodHRwczovL29wZW5hbGV4Lm9yZy9XNDQwNDQyNDY5NiddIg%3D%3D&select=id%2Cdoi%2Ctitle%2Cabstract_inverted_index%2Copen_access HTTP/1.1" 200 None
2026-06-17 14:02:40,878 DEBUG    urllib3.connectionpool: https://api.biorxiv.org:443 "GET /details/biorxiv/2025-06-17/2026-06-17/7800 HTTP/1.1" 200 None
2026-06-17 14:02:40,950 DEBUG    urllib3.connectionpool: https://api.openalex.org:443 "GET /works?search=RNA+aptamer+in+vitro+selection&per-page=100&cursor=IlsxMC4yMTg4OTYsIDE2NTEzNjMyMDAwMDAsICdodHRwczovL29wZW5hbGV4Lm9yZy9XNDI4MTc4ODc4NCddIg%3D%3D&select=id%2Cdoi%2Ctitle%2Cabstract_inverted_index%2Copen_access HTTP/1.1" 200 None
2026-06-17 14:02:41,734 DEBUG    urllib3.connectionpool: https://api.openalex.org:443 "GET /works?search=RNA+aptamer+in+vitro+selection&per-page=100&cursor=IlsxMC4wMzkyNTUsIDE2NzgyMzM2MDAwMDAsICdodHRwczovL29wZW5hbGV4Lm9yZy9XNDMyMzY1Mzc4NSddIg%3D%3D&select=id%2Cdoi%2Ctitle%2Cabstract_inverted_index%2Copen_access HTTP/1.1" 200 None
2026-06-17 14:02:42,448 DEBUG    urllib3.connectionpool: https://api.openalex.org:443 "GET /works?search=RNA+aptamer+in+vitro+selection&per-page=100&cursor=Ils5LjgzNzUyMSwgMTU4OTg0NjQwMDAwMCwgJ2h0dHBzOi8vb3BlbmFsZXgub3JnL1czMDI2MTUzMjMxJ10i&select=id%2Cdoi%2Ctitle%2Cabstract_inverted_index%2Copen_access HTTP/1.1" 200 None
2026-06-17 14:02:43,043 DEBUG    urllib3.connectionpool: https://api.openalex.org:443 "GET /works?search=RNA+aptamer+in+vitro+selection&per-page=100&cursor=Ils5LjYyOTI5MywgMTY5NTQyNzIwMDAwMCwgJ2h0dHBzOi8vb3BlbmFsZXgub3JnL1c0Mzg2OTg4NzA4J10i&select=id%2Cdoi%2Ctitle%2Cabstract_inverted_index%2Copen_access HTTP/1.1" 200 None
2026-06-17 14:02:43,848 DEBUG    urllib3.connectionpool: https://api.openalex.org:443 "GET /works?search=RNA+aptamer+in+vitro+selection&per-page=100&cursor=Ils5LjQ1ODE1NywgMTQ3MzEyMDAwMDAwMCwgJ2h0dHBzOi8vb3BlbmFsZXgub3JnL1cyNTE3ODIzMzkxJ10i&select=id%2Cdoi%2Ctitle%2Cabstract_inverted_index%2Copen_access HTTP/1.1" 200 None
2026-06-17 14:02:43,859 DEBUG    urllib3.connectionpool: https://api.biorxiv.org:443 "GET /details/biorxiv/2025-06-17/2026-06-17/7830 HTTP/1.1" 200 None
2026-06-17 14:02:44,556 DEBUG    urllib3.connectionpool: https://api.openalex.org:443 "GET /works?search=RNA+aptamer+in+vitro+selection&per-page=100&cursor=Ils5LjI3NzU2NiwgMTcxNDUyMTYwMDAwMCwgJ2h0dHBzOi8vb3BlbmFsZXgub3JnL1c0Mzk2Njc2NjkzJ10i&select=id%2Cdoi%2Ctitle%2Cabstract_inverted_index%2Copen_access HTTP/1.1" 200 None
2026-06-17 14:02:45,263 DEBUG    urllib3.connectionpool: https://api.openalex.org:443 "GET /works?search=RNA+aptamer+in+vitro+selection&per-page=100&cursor=Ils5LjExNzU4NSwgMTY5NTM0MDgwMDAwMCwgJ2h0dHBzOi8vb3BlbmFsZXgub3JnL1c0Mzg2OTU3MDU4J10i&select=id%2Cdoi%2Ctitle%2Cabstract_inverted_index%2Copen_access HTTP/1.1" 200 None
2026-06-17 14:02:45,784 DEBUG    urllib3.connectionpool: https://api.biorxiv.org:443 "GET /details/biorxiv/2025-06-17/2026-06-17/7860 HTTP/1.1" 200 None
2026-06-17 14:02:46,117 DEBUG    urllib3.connectionpool: https://api.openalex.org:443 "GET /works?search=RNA+aptamer+in+vitro+selection&per-page=100&cursor=Ils4LjkyMjQ0OSwgMTY3MjUzMTIwMDAwMCwgJ2h0dHBzOi8vb3BlbmFsZXgub3JnL1c0Mzg2NTA2MzQ5J10i&select=id%2Cdoi%2Ctitle%2Cabstract_inverted_index%2Copen_access HTTP/1.1" 200 None
2026-06-17 14:02:46,832 DEBUG    urllib3.connectionpool: https://api.openalex.org:443 "GET /works?search=RNA+aptamer+in+vitro+selection&per-page=100&cursor=Ils4Ljc1MzE3NiwgMTY2MzAyNzIwMDAwMCwgJ2h0dHBzOi8vb3BlbmFsZXgub3JnL1c0Mjk1MzM4MzA2J10i&select=id%2Cdoi%2Ctitle%2Cabstract_inverted_index%2Copen_access HTTP/1.1" 200 None
2026-06-17 14:02:47,056 DEBUG    urllib3.connectionpool: https://api.biorxiv.org:443 "GET /details/biorxiv/2025-06-17/2026-06-17/7890 HTTP/1.1" 200 None
2026-06-17 14:02:47,471 DEBUG    urllib3.connectionpool: https://api.openalex.org:443 "GET /works?search=RNA+aptamer+in+vitro+selection&per-page=100&cursor=Ils4LjU5MDU1LCAxNjY4NDcwNDAwMDAwLCAnaHR0cHM6Ly9vcGVuYWxleC5vcmcvVzQzMDkwOTU4OTInXSI%3D&select=id%2Cdoi%2Ctitle%2Cabstract_inverted_index%2Copen_access HTTP/1.1" 200 None
2026-06-17 14:02:48,279 DEBUG    urllib3.connectionpool: https://api.openalex.org:443 "GET /works?search=RNA+aptamer+in+vitro+selection&per-page=100&cursor=Ils4LjQzOTgzOCwgMTcwODIxNDQwMDAwMCwgJ2h0dHBzOi8vb3BlbmFsZXgub3JnL1c0MzkxOTMxNjA2J10i&select=id%2Cdoi%2Ctitle%2Cabstract_inverted_index%2Copen_access HTTP/1.1" 200 None
2026-06-17 14:02:49,029 DEBUG    urllib3.connectionpool: https://api.openalex.org:443 "GET /works?search=RNA+aptamer+in+vitro+selection&per-page=100&cursor=Ils4LjIzNzA4MSwgMTU1NDk0MDgwMDAwMCwgJ2h0dHBzOi8vb3BlbmFsZXgub3JnL1cyOTQwNDExMDc5J10i&select=id%2Cdoi%2Ctitle%2Cabstract_inverted_index%2Copen_access HTTP/1.1" 200 None
2026-06-17 14:02:49,453 DEBUG    urllib3.connectionpool: https://api.biorxiv.org:443 "GET /details/biorxiv/2025-06-17/2026-06-17/7920 HTTP/1.1" 200 None
2026-06-17 14:02:49,841 DEBUG    urllib3.connectionpool: https://api.openalex.org:443 "GET /works?search=RNA+aptamer+in+vitro+selection&per-page=100&cursor=Ils4LjA5MjQ1NywgMTY1OTU3MTIwMDAwMCwgJ2h0dHBzOi8vb3BlbmFsZXgub3JnL1c0Mjg5ODQxNDMwJ10i&select=id%2Cdoi%2Ctitle%2Cabstract_inverted_index%2Copen_access HTTP/1.1" 200 None
2026-06-17 14:02:50,530 DEBUG    urllib3.connectionpool: https://api.openalex.org:443 "GET /works?search=RNA+aptamer+in+vitro+selection&per-page=100&cursor=Ils3Ljk0NTY1MSwgMTM4ODUzNDQwMDAwMCwgJ2h0dHBzOi8vb3BlbmFsZXgub3JnL1cyMDg1ODEwOTA3J10i&select=id%2Cdoi%2Ctitle%2Cabstract_inverted_index%2Copen_access HTTP/1.1" 200 None
2026-06-17 14:02:51,176 DEBUG    urllib3.connectionpool: https://api.openalex.org:443 "GET /works?search=RNA+aptamer+in+vitro+selection&per-page=100&cursor=Ils3Ljc5NzIyMDcsIDE2NjMyODY0MDAwMDAsICdodHRwczovL29wZW5hbGV4Lm9yZy9XNDI5NjIxMTMyNiddIg%3D%3D&select=id%2Cdoi%2Ctitle%2Cabstract_inverted_index%2Copen_access HTTP/1.1" 200 None
2026-06-17 14:02:51,450 DEBUG    urllib3.connectionpool: https://api.biorxiv.org:443 "GET /details/biorxiv/2025-06-17/2026-06-17/7950 HTTP/1.1" 200 None
2026-06-17 14:02:51,949 DEBUG    urllib3.connectionpool: https://api.openalex.org:443 "GET /works?search=RNA+aptamer+in+vitro+selection&per-page=100&cursor=Ils3LjYzOTc5MDUsIDE3Mzk4MzY4MDAwMDAsICdodHRwczovL29wZW5hbGV4Lm9yZy9XNDQwNzY4ODk0NiddIg%3D%3D&select=id%2Cdoi%2Ctitle%2Cabstract_inverted_index%2Copen_access HTTP/1.1" 200 None
2026-06-17 14:02:52,960 DEBUG    urllib3.connectionpool: https://api.openalex.org:443 "GET /works?search=RNA+aptamer+in+vitro+selection&per-page=100&cursor=Ils3LjQ5OTQ2LCAxNjgwMDQ4MDAwMDAwLCAnaHR0cHM6Ly9vcGVuYWxleC5vcmcvVzQzNjI0NjgzOTQnXSI%3D&select=id%2Cdoi%2Ctitle%2Cabstract_inverted_index%2Copen_access HTTP/1.1" 200 None
2026-06-17 14:02:52,962 DEBUG    urllib3.connectionpool: https://api.biorxiv.org:443 "GET /details/biorxiv/2025-06-17/2026-06-17/7980 HTTP/1.1" 200 None
2026-06-17 14:02:53,500 DEBUG    urllib3.connectionpool: https://api.openalex.org:443 "GET /works?search=RNA+aptamer+in+vitro+selection&per-page=100&cursor=Ils3LjM1MTM2NDYsIDE1MDA0MjI0MDAwMDAsICdodHRwczovL29wZW5hbGV4Lm9yZy9XMjczODc2NzIzNyddIg%3D%3D&select=id%2Cdoi%2Ctitle%2Cabstract_inverted_index%2Copen_access HTTP/1.1" 200 None
2026-06-17 14:02:54,180 DEBUG    urllib3.connectionpool: https://api.openalex.org:443 "GET /works?search=RNA+aptamer+in+vitro+selection&per-page=100&cursor=Ils3LjIwMjEwOCwgMTcwNDA2NzIwMDAwMCwgJ2h0dHBzOi8vb3BlbmFsZXgub3JnL1c0NDAyODg0NDAzJ10i&select=id%2Cdoi%2Ctitle%2Cabstract_inverted_index%2Copen_access HTTP/1.1" 200 None
2026-06-17 14:02:54,761 DEBUG    urllib3.connectionpool: https://api.biorxiv.org:443 "GET /details/biorxiv/2025-06-17/2026-06-17/8010 HTTP/1.1" 200 None
2026-06-17 14:02:55,224 DEBUG    urllib3.connectionpool: https://api.openalex.org:443 "GET /works?search=RNA+aptamer+in+vitro+selection&per-page=100&cursor=Ils3LjA1MjUxNCwgMTc0NTE5MzYwMDAwMCwgJ2h0dHBzOi8vb3BlbmFsZXgub3JnL1c0NDA5NjM5MDA0J10i&select=id%2Cdoi%2Ctitle%2Cabstract_inverted_index%2Copen_access HTTP/1.1" 200 None
2026-06-17 14:02:55,941 DEBUG    urllib3.connectionpool: https://api.openalex.org:443 "GET /works?search=RNA+aptamer+in+vitro+selection&per-page=100&cursor=Ils2LjkwNzQ2LCAxNzAyODU3NjAwMDAwLCAnaHR0cHM6Ly9vcGVuYWxleC5vcmcvVzQzODk4OTQzMDknXSI%3D&select=id%2Cdoi%2Ctitle%2Cabstract_inverted_index%2Copen_access HTTP/1.1" 200 None
2026-06-17 14:02:56,340 DEBUG    urllib3.connectionpool: https://api.biorxiv.org:443 "GET /details/biorxiv/2025-06-17/2026-06-17/8040 HTTP/1.1" 200 None
2026-06-17 14:02:56,649 DEBUG    urllib3.connectionpool: https://api.openalex.org:443 "GET /works?search=RNA+aptamer+in+vitro+selection&per-page=100&cursor=Ils2Ljc2OTM0NywgMTcwMTMwMjQwMDAwMCwgJ2h0dHBzOi8vb3BlbmFsZXgub3JnL1c0Mzg5MjAzMTUyJ10i&select=id%2Cdoi%2Ctitle%2Cabstract_inverted_index%2Copen_access HTTP/1.1" 200 None
2026-06-17 14:02:57,319 DEBUG    urllib3.connectionpool: https://api.openalex.org:443 "GET /works?search=RNA+aptamer+in+vitro+selection&per-page=100&cursor=Ils2LjU5ODMzOSwgMTcyODg2NDAwMDAwMCwgJ2h0dHBzOi8vb3BlbmFsZXgub3JnL1c0NDAzMzg0ODc1J10i&select=id%2Cdoi%2Ctitle%2Cabstract_inverted_index%2Copen_access HTTP/1.1" 200 None
2026-06-17 14:02:57,844 DEBUG    urllib3.connectionpool: https://api.biorxiv.org:443 "GET /details/biorxiv/2025-06-17/2026-06-17/8070 HTTP/1.1" 200 None
2026-06-17 14:02:58,177 DEBUG    urllib3.connectionpool: https://api.openalex.org:443 "GET /works?search=RNA+aptamer+in+vitro+selection&per-page=100&cursor=Ils2LjQzNjc1NCwgMTY2MTM4NTYwMDAwMCwgJ2h0dHBzOi8vb3BlbmFsZXgub3JnL1c0MjkzMTk0ODk2J10i&select=id%2Cdoi%2Ctitle%2Cabstract_inverted_index%2Copen_access HTTP/1.1" 200 None
2026-06-17 14:02:58,723 DEBUG    urllib3.connectionpool: https://api.openalex.org:443 "GET /works?search=RNA+aptamer+in+vitro+selection&per-page=100&cursor=Ils2LjI3NDk0NDMsIDEyMzMzNjAwMDAwMDAsICdodHRwczovL29wZW5hbGV4Lm9yZy9XMjMwOTU0NDA0OCddIg%3D%3D&select=id%2Cdoi%2Ctitle%2Cabstract_inverted_index%2Copen_access HTTP/1.1" 200 None
2026-06-17 14:02:59,323 DEBUG    urllib3.connectionpool: https://api.biorxiv.org:443 "GET /details/biorxiv/2025-06-17/2026-06-17/8100 HTTP/1.1" 200 None
2026-06-17 14:02:59,418 DEBUG    urllib3.connectionpool: https://api.openalex.org:443 "GET /works?search=RNA+aptamer+in+vitro+selection&per-page=100&cursor=Ils2LjE0Mjc4NCwgMTY4OTg5NzYwMDAwMCwgJ2h0dHBzOi8vb3BlbmFsZXgub3JnL1c0Mzg1MDcwNDU2J10i&select=id%2Cdoi%2Ctitle%2Cabstract_inverted_index%2Copen_access HTTP/1.1" 200 None
2026-06-17 14:03:00,294 DEBUG    urllib3.connectionpool: https://api.openalex.org:443 "GET /works?search=RNA+aptamer+in+vitro+selection&per-page=100&cursor=Ils1Ljk3Nzk5ODMsIDE3NTU2NDgwMDAwMDAsICdodHRwczovL29wZW5hbGV4Lm9yZy9XNDQxMzM1MDc2NiddIg%3D%3D&select=id%2Cdoi%2Ctitle%2Cabstract_inverted_index%2Copen_access HTTP/1.1" 200 None
2026-06-17 14:03:00,990 DEBUG    urllib3.connectionpool: https://api.openalex.org:443 "GET /works?search=RNA+aptamer+in+vitro+selection&per-page=100&cursor=Ils1LjgyNzIwODUsIDE3NTk1MzYwMDAwMDAsICdodHRwczovL29wZW5hbGV4Lm9yZy9XNDQxNDgwNjMwNyddIg%3D%3D&select=id%2Cdoi%2Ctitle%2Cabstract_inverted_index%2Copen_access HTTP/1.1" 200 None
2026-06-17 14:03:01,658 DEBUG    urllib3.connectionpool: https://api.openalex.org:443 "GET /works?search=RNA+aptamer+in+vitro+selection&per-page=100&cursor=Ils1LjcwMDMwMjYsIDE2ODA3MzkyMDAwMDAsICdodHRwczovL29wZW5hbGV4Lm9yZy9XNDM2MjY3MTcxMCddIg%3D%3D&select=id%2Cdoi%2Ctitle%2Cabstract_inverted_index%2Copen_access HTTP/1.1" 200 None
2026-06-17 14:03:01,849 DEBUG    urllib3.connectionpool: https://api.biorxiv.org:443 "GET /details/biorxiv/2025-06-17/2026-06-17/8130 HTTP/1.1" 200 None
2026-06-17 14:03:02,437 DEBUG    urllib3.connectionpool: https://api.openalex.org:443 "GET /works?search=RNA+aptamer+in+vitro+selection&per-page=100&cursor=Ils1LjU1NDM3MSwgMTc2OTk5MDQwMDAwMCwgJ2h0dHBzOi8vb3BlbmFsZXgub3JnL1c3MTI3MDk0NTA0J10i&select=id%2Cdoi%2Ctitle%2Cabstract_inverted_index%2Copen_access HTTP/1.1" 200 None
2026-06-17 14:03:03,164 DEBUG    urllib3.connectionpool: https://api.openalex.org:443 "GET /works?search=RNA+aptamer+in+vitro+selection&per-page=100&cursor=Ils1LjQyNDIzNzMsIDEyOTM4NDAwMDAwMDAsICdodHRwczovL29wZW5hbGV4Lm9yZy9XNDgwMjgwNDEnXSI%3D&select=id%2Cdoi%2Ctitle%2Cabstract_inverted_index%2Copen_access HTTP/1.1" 200 None
2026-06-17 14:03:03,438 DEBUG    urllib3.connectionpool: https://api.biorxiv.org:443 "GET /details/biorxiv/2025-06-17/2026-06-17/8160 HTTP/1.1" 200 None
2026-06-17 14:03:03,948 DEBUG    urllib3.connectionpool: https://api.openalex.org:443 "GET /works?search=RNA+aptamer+in+vitro+selection&per-page=100&cursor=Ils1LjI2NTk0NCwgMTY0MTg1OTIwMDAwMCwgJ2h0dHBzOi8vb3BlbmFsZXgub3JnL1c0MjA2MTU2MjY1J10i&select=id%2Cdoi%2Ctitle%2Cabstract_inverted_index%2Copen_access HTTP/1.1" 200 None
2026-06-17 14:03:04,505 DEBUG    urllib3.connectionpool: https://api.openalex.org:443 "GET /works?search=RNA+aptamer+in+vitro+selection&per-page=100&cursor=Ils1LjE0MzQ0ODQsIDE3MzQ0ODAwMDAwMDAsICdodHRwczovL29wZW5hbGV4Lm9yZy9XNDQwNTUzMzM4NSddIg%3D%3D&select=id%2Cdoi%2Ctitle%2Cabstract_inverted_index%2Copen_access HTTP/1.1" 200 None
2026-06-17 14:03:05,230 DEBUG    urllib3.connectionpool: https://api.biorxiv.org:443 "GET /details/biorxiv/2025-06-17/2026-06-17/8190 HTTP/1.1" 200 None
2026-06-17 14:03:05,269 DEBUG    urllib3.connectionpool: https://api.openalex.org:443 "GET /works?search=RNA+aptamer+in+vitro+selection&per-page=100&cursor=Ils0Ljk5MDY0NiwgMTc2NjE4ODgwMDAwMCwgJ2h0dHBzOi8vb3BlbmFsZXgub3JnL1c3MTE2NjYzNjkzJ10i&select=id%2Cdoi%2Ctitle%2Cabstract_inverted_index%2Copen_access HTTP/1.1" 200 None
2026-06-17 14:03:06,084 DEBUG    urllib3.connectionpool: https://api.openalex.org:443 "GET /works?search=RNA+aptamer+in+vitro+selection&per-page=100&cursor=Ils0Ljg2OTk2MTMsIDE3NTI1Mzc2MDAwMDAsICdodHRwczovL29wZW5hbGV4Lm9yZy9XNDQxMjQxNzIxMSddIg%3D%3D&select=id%2Cdoi%2Ctitle%2Cabstract_inverted_index%2Copen_access HTTP/1.1" 200 None
2026-06-17 14:03:06,630 DEBUG    urllib3.connectionpool: https://api.openalex.org:443 "GET /works?search=RNA+aptamer+in+vitro+selection&per-page=100&cursor=Ils0LjcyNzE4NTIsIDE2NDMwNjg4MDAwMDAsICdodHRwczovL29wZW5hbGV4Lm9yZy9XNDIxMDc3NjgwOSddIg%3D%3D&select=id%2Cdoi%2Ctitle%2Cabstract_inverted_index%2Copen_access HTTP/1.1" 200 None
2026-06-17 14:03:06,838 DEBUG    urllib3.connectionpool: https://api.biorxiv.org:443 "GET /details/biorxiv/2025-06-17/2026-06-17/8220 HTTP/1.1" 200 None
2026-06-17 14:03:07,823 DEBUG    urllib3.connectionpool: https://api.openalex.org:443 "GET /works?search=RNA+aptamer+in+vitro+selection&per-page=100&cursor=Ils0LjU3MzY0ODUsIDE2NTUzMzc2MDAwMDAsICdodHRwczovL29wZW5hbGV4Lm9yZy9XNDI4MzAxMzU0MyddIg%3D%3D&select=id%2Cdoi%2Ctitle%2Cabstract_inverted_index%2Copen_access HTTP/1.1" 200 None
2026-06-17 14:03:08,431 DEBUG    urllib3.connectionpool: https://api.openalex.org:443 "GET /works?search=RNA+aptamer+in+vitro+selection&per-page=100&cursor=Ils0LjQ1NDc1NjcsIDE3MzU2ODk2MDAwMDAsICdodHRwczovL29wZW5hbGV4Lm9yZy9XNDQxMzk5MjgxMCddIg%3D%3D&select=id%2Cdoi%2Ctitle%2Cabstract_inverted_index%2Copen_access HTTP/1.1" 200 None
2026-06-17 14:03:08,952 DEBUG    urllib3.connectionpool: https://api.biorxiv.org:443 "GET /details/biorxiv/2025-06-17/2026-06-17/8250 HTTP/1.1" 200 None
2026-06-17 14:03:09,219 DEBUG    urllib3.connectionpool: https://api.openalex.org:443 "GET /works?search=RNA+aptamer+in+vitro+selection&per-page=100&cursor=Ils0LjMzNTE2MDcsIDE3MzA2Nzg0MDAwMDAsICdodHRwczovL29wZW5hbGV4Lm9yZy9XNDQwNDAxOTcxMSddIg%3D%3D&select=id%2Cdoi%2Ctitle%2Cabstract_inverted_index%2Copen_access HTTP/1.1" 200 None
2026-06-17 14:03:09,965 DEBUG    urllib3.connectionpool: https://api.openalex.org:443 "GET /works?search=RNA+aptamer+in+vitro+selection&per-page=100&cursor=Ils0LjE4NjgxNzYsIDE3NjEyNjQwMDAwMDAsICdodHRwczovL29wZW5hbGV4Lm9yZy9XNDQxNjAxNjI4NCddIg%3D%3D&select=id%2Cdoi%2Ctitle%2Cabstract_inverted_index%2Copen_access HTTP/1.1" 200 None
2026-06-17 14:03:10,259 DEBUG    urllib3.connectionpool: https://api.biorxiv.org:443 "GET /details/biorxiv/2025-06-17/2026-06-17/8280 HTTP/1.1" 200 None
2026-06-17 14:03:10,816 DEBUG    urllib3.connectionpool: https://api.openalex.org:443 "GET /works?search=RNA+aptamer+in+vitro+selection&per-page=100&cursor=Ils0LjAzMTQ1MTcsIDEyMzA3NjgwMDAwMDAsICdodHRwczovL29wZW5hbGV4Lm9yZy9XMzc1OTE2MzUnXSI%3D&select=id%2Cdoi%2Ctitle%2Cabstract_inverted_index%2Copen_access HTTP/1.1" 200 None
2026-06-17 14:03:11,584 DEBUG    urllib3.connectionpool: https://api.biorxiv.org:443 "GET /details/biorxiv/2025-06-17/2026-06-17/8310 HTTP/1.1" 200 None
2026-06-17 14:03:11,585 DEBUG    urllib3.connectionpool: https://api.openalex.org:443 "GET /works?search=RNA+aptamer+in+vitro+selection&per-page=100&cursor=IlszLjg2NDU2NDIsIDE2NTg5NjY0MDAwMDAsICdodHRwczovL29wZW5hbGV4Lm9yZy9XNDI4ODQ1Mzg1NyddIg%3D%3D&select=id%2Cdoi%2Ctitle%2Cabstract_inverted_index%2Copen_access HTTP/1.1" 200 None
2026-06-17 14:03:12,329 DEBUG    urllib3.connectionpool: https://api.openalex.org:443 "GET /works?search=RNA+aptamer+in+vitro+selection&per-page=100&cursor=IlszLjY2NzMxMjQsIDE3NTY5NDQwMDAwMDAsICdodHRwczovL29wZW5hbGV4Lm9yZy9XNDQxNDAwMDMzNiddIg%3D%3D&select=id%2Cdoi%2Ctitle%2Cabstract_inverted_index%2Copen_access HTTP/1.1" 200 None
2026-06-17 14:03:13,083 DEBUG    urllib3.connectionpool: https://api.openalex.org:443 "GET /works?search=RNA+aptamer+in+vitro+selection&per-page=100&cursor=IlszLjQ4MTEwMDgsIDEyOTM4NDAwMDAwMDAsICdodHRwczovL29wZW5hbGV4Lm9yZy9XMzU1NDAyMTQnXSI%3D&select=id%2Cdoi%2Ctitle%2Cabstract_inverted_index%2Copen_access HTTP/1.1" 200 None
2026-06-17 14:03:13,124 DEBUG    urllib3.connectionpool: https://api.biorxiv.org:443 "GET /details/biorxiv/2025-06-17/2026-06-17/8340 HTTP/1.1" 200 None
2026-06-17 14:03:13,793 DEBUG    urllib3.connectionpool: https://api.openalex.org:443 "GET /works?search=RNA+aptamer+in+vitro+selection&per-page=100&cursor=IlszLjI5NDM3MSwgMTE2MjMzOTIwMDAwMCwgJ2h0dHBzOi8vb3BlbmFsZXgub3JnL1cxOTYwMjMxNDc0J10i&select=id%2Cdoi%2Ctitle%2Cabstract_inverted_index%2Copen_access HTTP/1.1" 200 None
2026-06-17 14:03:14,618 DEBUG    urllib3.connectionpool: https://api.openalex.org:443 "GET /works?search=RNA+aptamer+in+vitro+selection&per-page=100&cursor=IlszLjA3MDA5NjUsIDE2NDA5OTUyMDAwMDAsICdodHRwczovL29wZW5hbGV4Lm9yZy9XNDIwNTU3NDk4MCddIg%3D%3D&select=id%2Cdoi%2Ctitle%2Cabstract_inverted_index%2Copen_access HTTP/1.1" 200 None
2026-06-17 14:03:14,643 DEBUG    urllib3.connectionpool: https://api.biorxiv.org:443 "GET /details/biorxiv/2025-06-17/2026-06-17/8370 HTTP/1.1" 200 None
2026-06-17 14:03:15,285 DEBUG    urllib3.connectionpool: https://api.openalex.org:443 "GET /works?search=RNA+aptamer+in+vitro+selection&per-page=100&cursor=IlsyLjg4Mjg1NTQsIDE3NjgyNjI0MDAwMDAsICdodHRwczovL29wZW5hbGV4Lm9yZy9XNzEyMzM1OTc2MyddIg%3D%3D&select=id%2Cdoi%2Ctitle%2Cabstract_inverted_index%2Copen_access HTTP/1.1" 200 None
2026-06-17 14:03:16,316 DEBUG    urllib3.connectionpool: https://api.openalex.org:443 "GET /works?search=RNA+aptamer+in+vitro+selection&per-page=100&cursor=IlsyLjY5OTMwNTUsIDE1NDYzMDA4MDAwMDAsICdodHRwczovL29wZW5hbGV4Lm9yZy9XNDQxMDgwMzA3OCddIg%3D%3D&select=id%2Cdoi%2Ctitle%2Cabstract_inverted_index%2Copen_access HTTP/1.1" 200 None
2026-06-17 14:03:16,527 DEBUG    urllib3.connectionpool: https://api.biorxiv.org:443 "GET /details/biorxiv/2025-06-17/2026-06-17/8400 HTTP/1.1" 200 None
2026-06-17 14:03:17,054 DEBUG    urllib3.connectionpool: https://api.openalex.org:443 "GET /works?search=RNA+aptamer+in+vitro+selection&per-page=100&cursor=IlsyLjQyMjQxOSwgMTc2MjQ3MzYwMDAwMCwgJ2h0dHBzOi8vb3BlbmFsZXgub3JnL1c0NDE1OTg5NTk2J10i&select=id%2Cdoi%2Ctitle%2Cabstract_inverted_index%2Copen_access HTTP/1.1" 200 None
2026-06-17 14:03:17,607 DEBUG    urllib3.connectionpool: https://api.openalex.org:443 "GET /works?search=RNA+aptamer+in+vitro+selection&per-page=100&cursor=IlsyLjE3NjU4NzYsIDEzNzk1NDg4MDAwMDAsICdodHRwczovL29wZW5hbGV4Lm9yZy9XODY4NTQ5MTYnXSI%3D&select=id%2Cdoi%2Ctitle%2Cabstract_inverted_index%2Copen_access HTTP/1.1" 200 None
2026-06-17 14:03:17,985 DEBUG    urllib3.connectionpool: https://api.biorxiv.org:443 "GET /details/biorxiv/2025-06-17/2026-06-17/8430 HTTP/1.1" 200 None
2026-06-17 14:03:18,318 DEBUG    urllib3.connectionpool: https://api.openalex.org:443 "GET /works?search=RNA+aptamer+in+vitro+selection&per-page=100&cursor=IlsxLjk4ODM0MDksIDE3NjI3MzI4MDAwMDAsICdodHRwczovL29wZW5hbGV4Lm9yZy9XNDQxNjA4ODMzNSddIg%3D%3D&select=id%2Cdoi%2Ctitle%2Cabstract_inverted_index%2Copen_access HTTP/1.1" 200 None
2026-06-17 14:03:19,152 DEBUG    urllib3.connectionpool: https://api.openalex.org:443 "GET /works?search=RNA+aptamer+in+vitro+selection&per-page=100&cursor=IlsxLjgzNDcxNDcsIDE1MjkwMjA4MDAwMDAsICdodHRwczovL29wZW5hbGV4Lm9yZy9XNDI1NDYyMzg4MSddIg%3D%3D&select=id%2Cdoi%2Ctitle%2Cabstract_inverted_index%2Copen_access HTTP/1.1" 200 None
2026-06-17 14:03:19,526 DEBUG    urllib3.connectionpool: https://api.biorxiv.org:443 "GET /details/biorxiv/2025-06-17/2026-06-17/8460 HTTP/1.1" 200 None
2026-06-17 14:03:19,888 DEBUG    urllib3.connectionpool: https://api.openalex.org:443 "GET /works?search=RNA+aptamer+in+vitro+selection&per-page=100&cursor=IlsxLjY2ODQ2MDQsIDExNjc2MDk2MDAwMDAsICdodHRwczovL29wZW5hbGV4Lm9yZy9XMjQ3NjU1MjQnXSI%3D&select=id%2Cdoi%2Ctitle%2Cabstract_inverted_index%2Copen_access HTTP/1.1" 200 None
2026-06-17 14:03:20,821 DEBUG    urllib3.connectionpool: https://api.openalex.org:443 "GET /works?search=RNA+aptamer+in+vitro+selection&per-page=100&cursor=IlsxLjU0MzAzMjYsIDEzMjUzNzYwMDAwMDAsICdodHRwczovL29wZW5hbGV4Lm9yZy9XMjE4ODE2MzU1NCddIg%3D%3D&select=id%2Cdoi%2Ctitle%2Cabstract_inverted_index%2Copen_access HTTP/1.1" 200 None
2026-06-17 14:03:21,123 DEBUG    urllib3.connectionpool: https://api.biorxiv.org:443 "GET /details/biorxiv/2025-06-17/2026-06-17/8490 HTTP/1.1" 200 None
2026-06-17 14:03:22,150 DEBUG    urllib3.connectionpool: https://api.openalex.org:443 "GET /works?search=RNA+aptamer+in+vitro+selection&per-page=100&cursor=IlsxLjQxOTEwOCwgMTc4MTQ4MTYwMDAwMCwgJ2h0dHBzOi8vb3BlbmFsZXgub3JnL1c3MTY0NzMzODMyJ10i&select=id%2Cdoi%2Ctitle%2Cabstract_inverted_index%2Copen_access HTTP/1.1" 200 None
2026-06-17 14:03:22,680 DEBUG    urllib3.connectionpool: https://api.biorxiv.org:443 "GET /details/biorxiv/2025-06-17/2026-06-17/8520 HTTP/1.1" 200 None
2026-06-17 14:03:22,881 DEBUG    urllib3.connectionpool: https://api.openalex.org:443 "GET /works?search=RNA+aptamer+in+vitro+selection&per-page=100&cursor=IlsxLjM0MTQ2NDQsIDE3MzU2ODk2MDAwMDAsICdodHRwczovL29wZW5hbGV4Lm9yZy9XNDQxNjA2NTE2NyddIg%3D%3D&select=id%2Cdoi%2Ctitle%2Cabstract_inverted_index%2Copen_access HTTP/1.1" 200 None
2026-06-17 14:03:23,713 DEBUG    urllib3.connectionpool: https://api.openalex.org:443 "GET /works?search=RNA+aptamer+in+vitro+selection&per-page=100&cursor=IlsxLjI3OTUxNjgsIDE2NjU0NDY0MDAwMDAsICdodHRwczovL29wZW5hbGV4Lm9yZy9XNDMwNDU4ODM5MCddIg%3D%3D&select=id%2Cdoi%2Ctitle%2Cabstract_inverted_index%2Copen_access HTTP/1.1" 200 None
2026-06-17 14:03:24,154 DEBUG    urllib3.connectionpool: https://api.biorxiv.org:443 "GET /details/biorxiv/2025-06-17/2026-06-17/8550 HTTP/1.1" 200 None
2026-06-17 14:03:24,582 DEBUG    urllib3.connectionpool: https://api.openalex.org:443 "GET /works?search=RNA+aptamer+in+vitro+selection&per-page=100&cursor=IlsxLjIyNzE2MDMsIDE1Nzc4MzY4MDAwMDAsICdodHRwczovL29wZW5hbGV4Lm9yZy9XMzA0MTg3MTkwNyddIg%3D%3D&select=id%2Cdoi%2Ctitle%2Cabstract_inverted_index%2Copen_access HTTP/1.1" 200 None
2026-06-17 14:03:25,321 DEBUG    urllib3.connectionpool: https://api.openalex.org:443 "GET /works?search=RNA+aptamer+in+vitro+selection&per-page=100&cursor=IlsxLjE3MTY4ODQsIDE0NTE2MDY0MDAwMDAsICdodHRwczovL29wZW5hbGV4Lm9yZy9XMjU4NzYyNzAwOCddIg%3D%3D&select=id%2Cdoi%2Ctitle%2Cabstract_inverted_index%2Copen_access HTTP/1.1" 200 None
2026-06-17 14:03:25,630 DEBUG    urllib3.connectionpool: https://api.biorxiv.org:443 "GET /details/biorxiv/2025-06-17/2026-06-17/8580 HTTP/1.1" 200 None
2026-06-17 14:03:26,288 DEBUG    urllib3.connectionpool: https://api.openalex.org:443 "GET /works?search=RNA+aptamer+in+vitro+selection&per-page=100&cursor=IlsxLjEyMDc4NzUsIDE2NTUzMzc2MDAwMDAsICdodHRwczovL29wZW5hbGV4Lm9yZy9XNDI4Mjk3NDE4MCddIg%3D%3D&select=id%2Cdoi%2Ctitle%2Cabstract_inverted_index%2Copen_access HTTP/1.1" 200 None
2026-06-17 14:03:27,104 DEBUG    urllib3.connectionpool: https://api.openalex.org:443 "GET /works?search=RNA+aptamer+in+vitro+selection&per-page=100&cursor=IlsxLjA3MzkzNDgsIDE3MDI4NTc2MDAwMDAsICdodHRwczovL29wZW5hbGV4Lm9yZy9XNDQxNDg1MDM0MiddIg%3D%3D&select=id%2Cdoi%2Ctitle%2Cabstract_inverted_index%2Copen_access HTTP/1.1" 200 None
2026-06-17 14:03:27,282 DEBUG    urllib3.connectionpool: https://api.biorxiv.org:443 "GET /details/biorxiv/2025-06-17/2026-06-17/8610 HTTP/1.1" 200 None
2026-06-17 14:03:27,834 DEBUG    urllib3.connectionpool: https://api.openalex.org:443 "GET /works?search=RNA+aptamer+in+vitro+selection&per-page=100&cursor=IlsxLjA0MDcxODMsIDE0NTE2MDY0MDAwMDAsICdodHRwczovL29wZW5hbGV4Lm9yZy9XMjk1MDQyNTk0MSddIg%3D%3D&select=id%2Cdoi%2Ctitle%2Cabstract_inverted_index%2Copen_access HTTP/1.1" 200 None
2026-06-17 14:03:28,684 DEBUG    urllib3.connectionpool: https://api.openalex.org:443 "GET /works?search=RNA+aptamer+in+vitro+selection&per-page=100&cursor=IlswLjk5ODQwNTQ2LCA3NTczODI0MDAwMDAsICdodHRwczovL29wZW5hbGV4Lm9yZy9XMzg2NjcxODcnXSI%3D&select=id%2Cdoi%2Ctitle%2Cabstract_inverted_index%2Copen_access HTTP/1.1" 200 None
2026-06-17 14:03:28,778 DEBUG    urllib3.connectionpool: https://api.biorxiv.org:443 "GET /details/biorxiv/2025-06-17/2026-06-17/8640 HTTP/1.1" 200 None
2026-06-17 14:03:29,467 DEBUG    urllib3.connectionpool: https://api.openalex.org:443 "GET /works?search=RNA+aptamer+in+vitro+selection&per-page=100&cursor=IlswLjk2NTc5NDUsIDE3NzUwMDE2MDAwMDAsICdodHRwczovL29wZW5hbGV4Lm9yZy9XNzE0NzI5OTQxMSddIg%3D%3D&select=id%2Cdoi%2Ctitle%2Cabstract_inverted_index%2Copen_access HTTP/1.1" 200 None
2026-06-17 14:03:30,171 DEBUG    urllib3.connectionpool: https://api.biorxiv.org:443 "GET /details/biorxiv/2025-06-17/2026-06-17/8670 HTTP/1.1" 200 None
2026-06-17 14:03:30,257 DEBUG    urllib3.connectionpool: https://api.openalex.org:443 "GET /works?search=RNA+aptamer+in+vitro+selection&per-page=100&cursor=IlswLjkyOTczNDIzLCAxNDIwMDcwNDAwMDAwLCAnaHR0cHM6Ly9vcGVuYWxleC5vcmcvVzE4OTU0NTg1ODgnXSI%3D&select=id%2Cdoi%2Ctitle%2Cabstract_inverted_index%2Copen_access HTTP/1.1" 200 None
2026-06-17 14:03:31,261 DEBUG    urllib3.connectionpool: https://api.openalex.org:443 "GET /works?search=RNA+aptamer+in+vitro+selection&per-page=100&cursor=IlswLjg5Njc3NzgsIDE1NDUwMDQ4MDAwMDAsICdodHRwczovL29wZW5hbGV4Lm9yZy9XMzAxOTEyMzQ1NyddIg%3D%3D&select=id%2Cdoi%2Ctitle%2Cabstract_inverted_index%2Copen_access HTTP/1.1" 200 None
2026-06-17 14:03:31,727 DEBUG    urllib3.connectionpool: https://api.biorxiv.org:443 "GET /details/biorxiv/2025-06-17/2026-06-17/8700 HTTP/1.1" 200 None
2026-06-17 14:03:31,919 DEBUG    urllib3.connectionpool: https://api.openalex.org:443 "GET /works?search=RNA+aptamer+in+vitro+selection&per-page=100&cursor=IlswLjg2MjQwMjQ0LCAxNTQ2MzAwODAwMDAwLCAnaHR0cHM6Ly9vcGVuYWxleC5vcmcvVzI5NDQ3MzU5MzYnXSI%3D&select=id%2Cdoi%2Ctitle%2Cabstract_inverted_index%2Copen_access HTTP/1.1" 200 None
2026-06-17 14:03:32,498 DEBUG    urllib3.connectionpool: https://api.openalex.org:443 "GET /works?search=RNA+aptamer+in+vitro+selection&per-page=100&cursor=IlswLjgyOTQxNjE2LCAxNTE1OTc0NDAwMDAwLCAnaHR0cHM6Ly9vcGVuYWxleC5vcmcvVzI5MDkyMzU4NjgnXSI%3D&select=id%2Cdoi%2Ctitle%2Cabstract_inverted_index%2Copen_access HTTP/1.1" 200 None
2026-06-17 14:03:33,309 DEBUG    urllib3.connectionpool: https://api.openalex.org:443 "GET /works?search=RNA+aptamer+in+vitro+selection&per-page=100&cursor=IlswLjgwMDgwNjEsIDE0Mjg4ODMyMDAwMDAsICdodHRwczovL29wZW5hbGV4Lm9yZy9XMjIxODQyNjk5OSddIg%3D%3D&select=id%2Cdoi%2Ctitle%2Cabstract_inverted_index%2Copen_access HTTP/1.1" 200 None
2026-06-17 14:03:33,495 DEBUG    urllib3.connectionpool: https://api.biorxiv.org:443 "GET /details/biorxiv/2025-06-17/2026-06-17/8730 HTTP/1.1" 200 None
2026-06-17 14:03:34,053 DEBUG    urllib3.connectionpool: https://api.openalex.org:443 "GET /works?search=RNA+aptamer+in+vitro+selection&per-page=100&cursor=IlswLjc3NDIwMTMsIDE0ODMyMjg4MDAwMDAsICdodHRwczovL29wZW5hbGV4Lm9yZy9XMjc2ODEyNzY3MiddIg%3D%3D&select=id%2Cdoi%2Ctitle%2Cabstract_inverted_index%2Copen_access HTTP/1.1" 200 None
2026-06-17 14:03:34,708 DEBUG    urllib3.connectionpool: https://api.biorxiv.org:443 "GET /details/biorxiv/2025-06-17/2026-06-17/8760 HTTP/1.1" 200 None
2026-06-17 14:03:34,776 DEBUG    urllib3.connectionpool: https://api.openalex.org:443 "GET /works?search=RNA+aptamer+in+vitro+selection&per-page=100&cursor=IlswLjc1MjY3NDY0LCAxNzAyNTk4NDAwMDAwLCAnaHR0cHM6Ly9vcGVuYWxleC5vcmcvVzQzODk4MjkzODInXSI%3D&select=id%2Cdoi%2Ctitle%2Cabstract_inverted_index%2Copen_access HTTP/1.1" 200 None
2026-06-17 14:03:35,461 DEBUG    urllib3.connectionpool: https://api.openalex.org:443 "GET /works?search=RNA+aptamer+in+vitro+selection&per-page=100&cursor=IlswLjczMDQzMiwgMTUwNDc0MjQwMDAwMCwgJ2h0dHBzOi8vb3BlbmFsZXgub3JnL1cyNzUyMDQzNDM2J10i&select=id%2Cdoi%2Ctitle%2Cabstract_inverted_index%2Copen_access HTTP/1.1" 200 None
2026-06-17 14:03:36,142 DEBUG    urllib3.connectionpool: https://api.openalex.org:443 "GET /works?search=RNA+aptamer+in+vitro+selection&per-page=100&cursor=IlswLjY4NzIzNTgzLCAxNzY3MjI1NjAwMDAwLCAnaHR0cHM6Ly9vcGVuYWxleC5vcmcvVzcxMjgyNDUxNjUnXSI%3D&select=id%2Cdoi%2Ctitle%2Cabstract_inverted_index%2Copen_access HTTP/1.1" 200 None
2026-06-17 14:03:36,859 DEBUG    urllib3.connectionpool: https://api.openalex.org:443 "GET /works?search=RNA+aptamer+in+vitro+selection&per-page=100&cursor=IlswLjY0NzY1NDMsIDE0NTUyMzUyMDAwMDAsICdodHRwczovL29wZW5hbGV4Lm9yZy9XMjU1Mzk2ODIwMiddIg%3D%3D&select=id%2Cdoi%2Ctitle%2Cabstract_inverted_index%2Copen_access HTTP/1.1" 200 None
2026-06-17 14:03:37,497 DEBUG    urllib3.connectionpool: https://api.biorxiv.org:443 "GET /details/biorxiv/2025-06-17/2026-06-17/8790 HTTP/1.1" 200 None
2026-06-17 14:03:37,696 DEBUG    urllib3.connectionpool: https://api.openalex.org:443 "GET /works?search=RNA+aptamer+in+vitro+selection&per-page=100&cursor=IlswLjYwNTc0NzksIDE0OTU0MTEyMDAwMDAsICdodHRwczovL29wZW5hbGV4Lm9yZy9XNDI1NTQ1ODYxNyddIg%3D%3D&select=id%2Cdoi%2Ctitle%2Cabstract_inverted_index%2Copen_access HTTP/1.1" 200 None
2026-06-17 14:03:38,307 DEBUG    urllib3.connectionpool: https://api.openalex.org:443 "GET /works?search=RNA+aptamer+in+vitro+selection&per-page=100&cursor=IlswLjUzNjExNjEsIDE1Nzc4MzY4MDAwMDAsICdodHRwczovL29wZW5hbGV4Lm9yZy9XMzE1ODU2NDE2NiddIg%3D%3D&select=id%2Cdoi%2Ctitle%2Cabstract_inverted_index%2Copen_access HTTP/1.1" 200 None
2026-06-17 14:03:39,145 DEBUG    urllib3.connectionpool: https://api.openalex.org:443 "GET /works?search=RNA+aptamer+in+vitro+selection&per-page=100&cursor=IlswLjQyMzI4ODM1LCAxMjkzODQwMDAwMDAwLCAnaHR0cHM6Ly9vcGVuYWxleC5vcmcvVzE5MDkzMTAzNzEnXSI%3D&select=id%2Cdoi%2Ctitle%2Cabstract_inverted_index%2Copen_access HTTP/1.1" 200 None
2026-06-17 14:03:39,270 INFO     scripts.data.scraper.adapters.openalex: OpenAlexAdapter: 34 records
2026-06-17 14:03:39,271 DEBUG    urllib3.connectionpool: https://api.biorxiv.org:443 "GET /details/biorxiv/2025-06-17/2026-06-17/8820 HTTP/1.1" 200 None
2026-06-17 14:03:39,275 INFO     __main__: [openalex] 34 records in 477.9s
2026-06-17 14:03:40,885 DEBUG    urllib3.connectionpool: https://api.biorxiv.org:443 "GET /details/biorxiv/2025-06-17/2026-06-17/8850 HTTP/1.1" 200 None
2026-06-17 14:03:42,285 DEBUG    urllib3.connectionpool: https://api.biorxiv.org:443 "GET /details/biorxiv/2025-06-17/2026-06-17/8880 HTTP/1.1" 200 None
2026-06-17 14:03:43,650 DEBUG    urllib3.connectionpool: https://api.biorxiv.org:443 "GET /details/biorxiv/2025-06-17/2026-06-17/8910 HTTP/1.1" 200 None
2026-06-17 14:03:45,440 DEBUG    urllib3.connectionpool: https://api.biorxiv.org:443 "GET /details/biorxiv/2025-06-17/2026-06-17/8940 HTTP/1.1" 200 None
2026-06-17 14:03:47,542 DEBUG    urllib3.connectionpool: https://api.biorxiv.org:443 "GET /details/biorxiv/2025-06-17/2026-06-17/8970 HTTP/1.1" 200 None
2026-06-17 14:03:48,759 DEBUG    urllib3.connectionpool: https://api.biorxiv.org:443 "GET /details/biorxiv/2025-06-17/2026-06-17/9000 HTTP/1.1" 200 None
2026-06-17 14:03:52,261 DEBUG    urllib3.connectionpool: https://api.biorxiv.org:443 "GET /details/biorxiv/2025-06-17/2026-06-17/9030 HTTP/1.1" 200 None
2026-06-17 14:03:54,712 DEBUG    urllib3.connectionpool: https://api.biorxiv.org:443 "GET /details/biorxiv/2025-06-17/2026-06-17/9060 HTTP/1.1" 200 None
2026-06-17 14:03:56,452 DEBUG    urllib3.connectionpool: https://api.biorxiv.org:443 "GET /details/biorxiv/2025-06-17/2026-06-17/9090 HTTP/1.1" 200 None
2026-06-17 14:03:57,992 DEBUG    urllib3.connectionpool: https://api.biorxiv.org:443 "GET /details/biorxiv/2025-06-17/2026-06-17/9120 HTTP/1.1" 200 None
2026-06-17 14:03:59,635 DEBUG    urllib3.connectionpool: https://api.biorxiv.org:443 "GET /details/biorxiv/2025-06-17/2026-06-17/9150 HTTP/1.1" 200 None
2026-06-17 14:04:01,161 DEBUG    urllib3.connectionpool: https://api.biorxiv.org:443 "GET /details/biorxiv/2025-06-17/2026-06-17/9180 HTTP/1.1" 200 None
2026-06-17 14:04:02,688 DEBUG    urllib3.connectionpool: https://api.biorxiv.org:443 "GET /details/biorxiv/2025-06-17/2026-06-17/9210 HTTP/1.1" 200 None
2026-06-17 14:04:04,305 DEBUG    urllib3.connectionpool: https://api.biorxiv.org:443 "GET /details/biorxiv/2025-06-17/2026-06-17/9240 HTTP/1.1" 200 None
2026-06-17 14:04:05,877 DEBUG    urllib3.connectionpool: https://api.biorxiv.org:443 "GET /details/biorxiv/2025-06-17/2026-06-17/9270 HTTP/1.1" 200 None
2026-06-17 14:04:07,511 DEBUG    urllib3.connectionpool: https://api.biorxiv.org:443 "GET /details/biorxiv/2025-06-17/2026-06-17/9300 HTTP/1.1" 200 None
2026-06-17 14:04:08,729 DEBUG    urllib3.connectionpool: https://api.biorxiv.org:443 "GET /details/biorxiv/2025-06-17/2026-06-17/9330 HTTP/1.1" 200 None
2026-06-17 14:04:11,505 DEBUG    urllib3.connectionpool: https://api.biorxiv.org:443 "GET /details/biorxiv/2025-06-17/2026-06-17/9360 HTTP/1.1" 200 None
2026-06-17 14:04:12,885 DEBUG    urllib3.connectionpool: https://api.biorxiv.org:443 "GET /details/biorxiv/2025-06-17/2026-06-17/9390 HTTP/1.1" 200 None
2026-06-17 14:04:14,638 DEBUG    urllib3.connectionpool: https://api.biorxiv.org:443 "GET /details/biorxiv/2025-06-17/2026-06-17/9420 HTTP/1.1" 200 None
2026-06-17 14:04:15,999 DEBUG    urllib3.connectionpool: https://api.biorxiv.org:443 "GET /details/biorxiv/2025-06-17/2026-06-17/9450 HTTP/1.1" 200 None
2026-06-17 14:04:17,774 DEBUG    urllib3.connectionpool: https://api.biorxiv.org:443 "GET /details/biorxiv/2025-06-17/2026-06-17/9480 HTTP/1.1" 200 None
2026-06-17 14:04:19,224 DEBUG    urllib3.connectionpool: https://api.biorxiv.org:443 "GET /details/biorxiv/2025-06-17/2026-06-17/9510 HTTP/1.1" 200 None
2026-06-17 14:04:20,617 DEBUG    urllib3.connectionpool: https://api.biorxiv.org:443 "GET /details/biorxiv/2025-06-17/2026-06-17/9540 HTTP/1.1" 200 None
2026-06-17 14:04:22,354 DEBUG    urllib3.connectionpool: https://api.biorxiv.org:443 "GET /details/biorxiv/2025-06-17/2026-06-17/9570 HTTP/1.1" 200 None
2026-06-17 14:04:24,037 DEBUG    urllib3.connectionpool: https://api.biorxiv.org:443 "GET /details/biorxiv/2025-06-17/2026-06-17/9600 HTTP/1.1" 200 None
2026-06-17 14:04:25,671 DEBUG    urllib3.connectionpool: https://api.biorxiv.org:443 "GET /details/biorxiv/2025-06-17/2026-06-17/9630 HTTP/1.1" 200 None
2026-06-17 14:04:27,375 DEBUG    urllib3.connectionpool: https://api.biorxiv.org:443 "GET /details/biorxiv/2025-06-17/2026-06-17/9660 HTTP/1.1" 200 None
2026-06-17 14:04:29,629 DEBUG    urllib3.connectionpool: https://api.biorxiv.org:443 "GET /details/biorxiv/2025-06-17/2026-06-17/9690 HTTP/1.1" 200 None
2026-06-17 14:04:31,075 DEBUG    urllib3.connectionpool: https://api.biorxiv.org:443 "GET /details/biorxiv/2025-06-17/2026-06-17/9720 HTTP/1.1" 200 None
2026-06-17 14:04:32,498 DEBUG    urllib3.connectionpool: https://api.biorxiv.org:443 "GET /details/biorxiv/2025-06-17/2026-06-17/9750 HTTP/1.1" 200 None
2026-06-17 14:04:33,896 DEBUG    urllib3.connectionpool: https://api.biorxiv.org:443 "GET /details/biorxiv/2025-06-17/2026-06-17/9780 HTTP/1.1" 200 None
2026-06-17 14:04:35,568 DEBUG    urllib3.connectionpool: https://api.biorxiv.org:443 "GET /details/biorxiv/2025-06-17/2026-06-17/9810 HTTP/1.1" 200 None
2026-06-17 14:04:37,131 DEBUG    urllib3.connectionpool: https://api.biorxiv.org:443 "GET /details/biorxiv/2025-06-17/2026-06-17/9840 HTTP/1.1" 200 None
2026-06-17 14:04:38,376 DEBUG    urllib3.connectionpool: https://api.biorxiv.org:443 "GET /details/biorxiv/2025-06-17/2026-06-17/9870 HTTP/1.1" 200 None
2026-06-17 14:04:39,645 DEBUG    urllib3.connectionpool: https://api.biorxiv.org:443 "GET /details/biorxiv/2025-06-17/2026-06-17/9900 HTTP/1.1" 200 None
2026-06-17 14:04:41,227 DEBUG    urllib3.connectionpool: https://api.biorxiv.org:443 "GET /details/biorxiv/2025-06-17/2026-06-17/9930 HTTP/1.1" 200 None
2026-06-17 14:04:42,945 DEBUG    urllib3.connectionpool: https://api.biorxiv.org:443 "GET /details/biorxiv/2025-06-17/2026-06-17/9960 HTTP/1.1" 200 None
2026-06-17 14:04:44,526 DEBUG    urllib3.connectionpool: https://api.biorxiv.org:443 "GET /details/biorxiv/2025-06-17/2026-06-17/9990 HTTP/1.1" 200 None
2026-06-17 14:04:44,970 INFO     scripts.data.scraper.adapters.biorxiv: BioRxivAdapter: 0 records
2026-06-17 14:04:44,973 INFO     __main__: [biorxiv] 0 records in 543.6s
2026-06-17 14:04:44,975 INFO     __main__: All adapters done in 543.6s — 1503 records collected from 10 sources
2026-06-17 14:04:44,986 INFO     scripts.data.scraper.merge: Merge: 1503 incoming → 1503 valid, 0 invalid
2026-06-17 14:04:45,139 INFO     scripts.data.scraper.utils.deduplication: Deduplicator loaded 4300 existing (sequence, target) pairs from /Users/shivanshbansal/GitHub/continuitybioML/data/processed/master_dataset.csv
2026-06-17 14:04:45,139 INFO     scripts.data.scraper.merge: Deduplicator loaded 4300 pairs from master
2026-06-17 14:04:45,162 INFO     scripts.data.scraper.utils.deduplication: Deduplicator loaded 1029 existing (sequence, target) pairs from /Users/shivanshbansal/GitHub/continuitybioML/data/raw/scraped_dataset.csv
2026-06-17 14:04:45,162 DEBUG    scripts.data.scraper.merge: Also loaded 1029 pairs from existing output file
2026-06-17 14:04:45,200 INFO     scripts.data.scraper.merge: Merge: 315 unique new rows, 1188 duplicates (combined master + intra-batch)
2026-06-17 14:04:45,208 INFO     scripts.data.scraper.merge: Wrote 315 rows to /Users/shivanshbansal/GitHub/continuitybioML/data/raw/scraped_dataset.csv
2026-06-17 14:04:45,209 INFO     scripts.data.scraper.merge: Coverage report written to /Users/shivanshbansal/GitHub/continuitybioML/data/raw/scraper_coverage_report.txt
2026-06-17 14:04:45,209 INFO     __main__: Pipeline complete — 315 new rows written to /Users/shivanshbansal/GitHub/continuitybioML/data/raw/scraped_dataset.csv
2026-06-17T21:52:24Z ERROR [databases] adapter failed: network down
2026-06-17 14:52:24,180 ERROR    scripts.data.scraper.main: Unknown source(s): ['nonexistent_source']. Available: ['databases', 'pubmed', 'semantic_scholar', 'openalex', 'biorxiv', 'patents_us', 'patents_epo', 'patents_wipo', 'lens', 'google_patents']
2026-06-17 14:52:24,181 INFO     scripts.data.scraper.main: Pipeline starting — sources: ['databases'], max_per_source: 500, workers: 1, dry_run: True
2026-06-17 14:52:24,181 INFO     scripts.data.scraper.main: [databases] 0 records in 0.0s
2026-06-17 14:52:24,181 INFO     scripts.data.scraper.main: All adapters done in 0.0s — 0 records collected from 1 sources
2026-06-17 14:52:24,181 INFO     scripts.data.scraper.main: Dry run — skipping write to disk.
2026-06-17 14:52:24,183 INFO     scripts.data.scraper.main: Pipeline starting — sources: ['databases'], max_per_source: 500, workers: 1, dry_run: False
2026-06-17 14:52:24,183 INFO     scripts.data.scraper.main: [databases] 0 records in 0.0s
2026-06-17 14:52:24,183 INFO     scripts.data.scraper.main: All adapters done in 0.0s — 0 records collected from 1 sources
2026-06-17 14:52:24,183 ERROR    scripts.data.scraper.main: Pipeline error: output_path (/private/var/folders/nq/qxs1sy3s0v11yyz6hx_sx3480000gn/T/pytest-of-shivanshbansal/pytest-29/test_main_safety_guard_exits_10/same.csv) must not be the same as master_path (/private/var/folders/nq/qxs1sy3s0v11yyz6hx_sx3480000gn/T/pytest-of-shivanshbansal/pytest-29/test_main_safety_guard_exits_10/same.csv). The master dataset must never be overwritten.
2026-06-17 14:52:24,192 INFO     scripts.data.scraper.adapters.supp_fetcher: Supplementary file parsed: https://example.com/data.csv (67 chars)
2026-06-17 14:52:24,200 INFO     scripts.data.scraper.adapters.supp_fetcher: Supplementary file parsed: https://example.com/supp.xlsx (66 chars)
2026-06-17 14:52:24,209 INFO     scripts.data.scraper.adapters.supp_fetcher: Supplementary file parsed: https://example.com/supp0.xlsx (66 chars)
2026-06-17 14:52:24,209 WARNING  scripts.data.scraper.parsers.excel_parser: Excel open failed (<bytes>): Excel file format cannot be determined, you must specify an engine manually.
2026-06-17 14:52:24,209 WARNING  scripts.data.scraper.parsers.excel_parser: Excel open failed (<bytes>): Excel file format cannot be determined, you must specify an engine manually.
2026-06-17 14:52:24,209 WARNING  scripts.data.scraper.parsers.excel_parser: Excel open failed (<bytes>): Excel file format cannot be determined, you must specify an engine manually.
2026-06-17 14:52:24,209 WARNING  scripts.data.scraper.parsers.excel_parser: Excel open failed (<bytes>): Excel file format cannot be determined, you must specify an engine manually.
2026-06-17 14:52:24,209 WARNING  scripts.data.scraper.parsers.excel_parser: Excel open failed (<bytes>): Excel file format cannot be determined, you must specify an engine manually.
2026-06-17 14:52:24,209 WARNING  scripts.data.scraper.parsers.excel_parser: Excel open failed (<bytes>): Excel file format cannot be determined, you must specify an engine manually.
2026-06-17 14:52:24,209 WARNING  scripts.data.scraper.parsers.excel_parser: Excel open failed (<bytes>): Excel file format cannot be determined, you must specify an engine manually.
2026-06-17 14:52:24,209 WARNING  scripts.data.scraper.parsers.excel_parser: Excel open failed (<bytes>): Excel file format cannot be determined, you must specify an engine manually.
2026-06-17 14:52:24,209 WARNING  scripts.data.scraper.parsers.excel_parser: Excel open failed (<bytes>): Excel file format cannot be determined, you must specify an engine manually.
2026-06-17 14:52:24,214 INFO     scripts.data.scraper.adapters.supp_fetcher: Supplementary file parsed: https://example.com/a.csv (4 chars)
2026-06-17 14:52:24,214 INFO     scripts.data.scraper.adapters.supp_fetcher: Supplementary file parsed: https://example.com/b.csv (4 chars)
2026-06-17 14:52:24,216 INFO     scripts.data.scraper.adapters.supp_fetcher: Supplementary file parsed: https://ncbi.nlm.nih.gov/pmc/articles/PMC999/bin/table1.csv (20 chars)
2026-06-17 14:52:24,219 INFO     scripts.data.scraper.adapters.pubmed_pmc: PubMed query '("DNA aptamer"[Title/Abstract] AND "SELEX"[Title/Abstract])' → 1 new PMIDs
2026-06-17 14:52:24,219 INFO     scripts.data.scraper.adapters.pubmed_pmc: PubMedPMCAdapter: extracted 0 records
2026-06-17 14:52:24,221 INFO     scripts.data.scraper.adapters.pubmed_pmc: PubMed query '("DNA aptamer"[Title/Abstract] AND "SELEX"[Title/Abstract])' → 1 new PMIDs
2026-06-17 14:52:24,221 INFO     scripts.data.scraper.adapters.pubmed_pmc: PubMedPMCAdapter: extracted 0 records
2026-06-18T17:39:41Z ERROR [databases] adapter failed: network down
2026-06-18 10:39:41,965 ERROR    scripts.data.scraper.main: Unknown source(s): ['nonexistent_source']. Available: ['databases', 'pubmed', 'semantic_scholar', 'openalex', 'biorxiv', 'patents_us', 'patents_epo', 'patents_wipo', 'lens', 'google_patents']
2026-06-18 10:39:41,967 INFO     scripts.data.scraper.main: Pipeline starting — sources: ['databases'], max_per_source: 500, workers: 1, dry_run: True
2026-06-18 10:39:41,967 INFO     scripts.data.scraper.main: [databases] 0 records in 0.0s
2026-06-18 10:39:41,967 INFO     scripts.data.scraper.main: All adapters done in 0.0s — 0 records collected from 1 sources
2026-06-18 10:39:41,967 INFO     scripts.data.scraper.main: Dry run — skipping write to disk.
2026-06-18 10:39:41,969 INFO     scripts.data.scraper.main: Pipeline starting — sources: ['databases'], max_per_source: 500, workers: 1, dry_run: False
2026-06-18 10:39:41,969 INFO     scripts.data.scraper.main: [databases] 0 records in 0.0s
2026-06-18 10:39:41,969 INFO     scripts.data.scraper.main: All adapters done in 0.0s — 0 records collected from 1 sources
2026-06-18 10:39:41,969 ERROR    scripts.data.scraper.main: Pipeline error: output_path (/private/var/folders/nq/qxs1sy3s0v11yyz6hx_sx3480000gn/T/pytest-of-shivanshbansal/pytest-0/test_main_safety_guard_exits_10/same.csv) must not be the same as master_path (/private/var/folders/nq/qxs1sy3s0v11yyz6hx_sx3480000gn/T/pytest-of-shivanshbansal/pytest-0/test_main_safety_guard_exits_10/same.csv). The master dataset must never be overwritten.
2026-06-18 10:39:41,979 INFO     scripts.data.scraper.adapters.supp_fetcher: Supplementary file parsed: https://example.com/data.csv (67 chars)
2026-06-18 10:39:41,989 INFO     scripts.data.scraper.adapters.supp_fetcher: Supplementary file parsed: https://example.com/supp.xlsx (66 chars)
2026-06-18 10:39:41,998 INFO     scripts.data.scraper.adapters.supp_fetcher: Supplementary file parsed: https://example.com/supp0.xlsx (66 chars)
2026-06-18 10:39:41,998 WARNING  scripts.data.scraper.parsers.excel_parser: Excel open failed (<bytes>): Excel file format cannot be determined, you must specify an engine manually.
2026-06-18 10:39:41,998 WARNING  scripts.data.scraper.parsers.excel_parser: Excel open failed (<bytes>): Excel file format cannot be determined, you must specify an engine manually.
2026-06-18 10:39:41,998 WARNING  scripts.data.scraper.parsers.excel_parser: Excel open failed (<bytes>): Excel file format cannot be determined, you must specify an engine manually.
2026-06-18 10:39:41,998 WARNING  scripts.data.scraper.parsers.excel_parser: Excel open failed (<bytes>): Excel file format cannot be determined, you must specify an engine manually.
2026-06-18 10:39:41,998 WARNING  scripts.data.scraper.parsers.excel_parser: Excel open failed (<bytes>): Excel file format cannot be determined, you must specify an engine manually.
2026-06-18 10:39:41,998 WARNING  scripts.data.scraper.parsers.excel_parser: Excel open failed (<bytes>): Excel file format cannot be determined, you must specify an engine manually.
2026-06-18 10:39:41,998 WARNING  scripts.data.scraper.parsers.excel_parser: Excel open failed (<bytes>): Excel file format cannot be determined, you must specify an engine manually.
2026-06-18 10:39:41,998 WARNING  scripts.data.scraper.parsers.excel_parser: Excel open failed (<bytes>): Excel file format cannot be determined, you must specify an engine manually.
2026-06-18 10:39:41,999 WARNING  scripts.data.scraper.parsers.excel_parser: Excel open failed (<bytes>): Excel file format cannot be determined, you must specify an engine manually.
2026-06-18 10:39:42,004 INFO     scripts.data.scraper.adapters.supp_fetcher: Supplementary file parsed: https://example.com/a.csv (4 chars)
2026-06-18 10:39:42,004 INFO     scripts.data.scraper.adapters.supp_fetcher: Supplementary file parsed: https://example.com/b.csv (4 chars)
2026-06-18 10:39:42,006 INFO     scripts.data.scraper.adapters.supp_fetcher: Supplementary file parsed: https://ncbi.nlm.nih.gov/pmc/articles/PMC999/bin/table1.csv (20 chars)
2026-06-18 10:39:42,010 INFO     scripts.data.scraper.adapters.pubmed_pmc: PubMed query '("DNA aptamer"[Title/Abstract] AND "SELEX"[Title/Abstract])' → 1 new PMIDs
2026-06-18 10:39:42,011 INFO     scripts.data.scraper.adapters.pubmed_pmc: PubMedPMCAdapter: extracted 0 records
2026-06-18 10:39:42,013 INFO     scripts.data.scraper.adapters.pubmed_pmc: PubMed query '("DNA aptamer"[Title/Abstract] AND "SELEX"[Title/Abstract])' → 1 new PMIDs
2026-06-18 10:39:42,013 INFO     scripts.data.scraper.adapters.pubmed_pmc: PubMedPMCAdapter: extracted 0 records
2026-06-18T17:41:20Z ERROR [databases] adapter failed: network down
2026-06-18 10:41:20,543 ERROR    scripts.data.scraper.main: Unknown source(s): ['nonexistent_source']. Available: ['databases', 'pubmed', 'semantic_scholar', 'openalex', 'biorxiv', 'patents_us', 'patents_epo', 'patents_wipo', 'lens', 'google_patents']
2026-06-18 10:41:20,545 INFO     scripts.data.scraper.main: Pipeline starting — sources: ['databases'], max_per_source: 500, workers: 1, dry_run: True
2026-06-18 10:41:20,545 INFO     scripts.data.scraper.main: [databases] 0 records in 0.0s
2026-06-18 10:41:20,545 INFO     scripts.data.scraper.main: All adapters done in 0.0s — 0 records collected from 1 sources
2026-06-18 10:41:20,545 INFO     scripts.data.scraper.main: Dry run — skipping write to disk.
2026-06-18 10:41:20,547 INFO     scripts.data.scraper.main: Pipeline starting — sources: ['databases'], max_per_source: 500, workers: 1, dry_run: False
2026-06-18 10:41:20,547 INFO     scripts.data.scraper.main: [databases] 0 records in 0.0s
2026-06-18 10:41:20,547 INFO     scripts.data.scraper.main: All adapters done in 0.0s — 0 records collected from 1 sources
2026-06-18 10:41:20,547 ERROR    scripts.data.scraper.main: Pipeline error: output_path (/private/var/folders/nq/qxs1sy3s0v11yyz6hx_sx3480000gn/T/pytest-of-shivanshbansal/pytest-1/test_main_safety_guard_exits_10/same.csv) must not be the same as master_path (/private/var/folders/nq/qxs1sy3s0v11yyz6hx_sx3480000gn/T/pytest-of-shivanshbansal/pytest-1/test_main_safety_guard_exits_10/same.csv). The master dataset must never be overwritten.
2026-06-18 10:41:20,556 INFO     scripts.data.scraper.adapters.supp_fetcher: Supplementary file parsed: https://example.com/data.csv (67 chars)
2026-06-18 10:41:20,566 INFO     scripts.data.scraper.adapters.supp_fetcher: Supplementary file parsed: https://example.com/supp.xlsx (66 chars)
2026-06-18 10:41:20,575 INFO     scripts.data.scraper.adapters.supp_fetcher: Supplementary file parsed: https://example.com/supp0.xlsx (66 chars)
2026-06-18 10:41:20,575 WARNING  scripts.data.scraper.parsers.excel_parser: Excel open failed (<bytes>): Excel file format cannot be determined, you must specify an engine manually.
2026-06-18 10:41:20,576 WARNING  scripts.data.scraper.parsers.excel_parser: Excel open failed (<bytes>): Excel file format cannot be determined, you must specify an engine manually.
2026-06-18 10:41:20,576 WARNING  scripts.data.scraper.parsers.excel_parser: Excel open failed (<bytes>): Excel file format cannot be determined, you must specify an engine manually.
2026-06-18 10:41:20,576 WARNING  scripts.data.scraper.parsers.excel_parser: Excel open failed (<bytes>): Excel file format cannot be determined, you must specify an engine manually.
2026-06-18 10:41:20,576 WARNING  scripts.data.scraper.parsers.excel_parser: Excel open failed (<bytes>): Excel file format cannot be determined, you must specify an engine manually.
2026-06-18 10:41:20,576 WARNING  scripts.data.scraper.parsers.excel_parser: Excel open failed (<bytes>): Excel file format cannot be determined, you must specify an engine manually.
2026-06-18 10:41:20,576 WARNING  scripts.data.scraper.parsers.excel_parser: Excel open failed (<bytes>): Excel file format cannot be determined, you must specify an engine manually.
2026-06-18 10:41:20,576 WARNING  scripts.data.scraper.parsers.excel_parser: Excel open failed (<bytes>): Excel file format cannot be determined, you must specify an engine manually.
2026-06-18 10:41:20,576 WARNING  scripts.data.scraper.parsers.excel_parser: Excel open failed (<bytes>): Excel file format cannot be determined, you must specify an engine manually.
2026-06-18 10:41:20,581 INFO     scripts.data.scraper.adapters.supp_fetcher: Supplementary file parsed: https://example.com/a.csv (4 chars)
2026-06-18 10:41:20,581 INFO     scripts.data.scraper.adapters.supp_fetcher: Supplementary file parsed: https://example.com/b.csv (4 chars)
2026-06-18 10:41:20,583 INFO     scripts.data.scraper.adapters.supp_fetcher: Supplementary file parsed: https://ncbi.nlm.nih.gov/pmc/articles/PMC999/bin/table1.csv (20 chars)
2026-06-18 10:41:20,587 INFO     scripts.data.scraper.adapters.pubmed_pmc: PubMed query '("DNA aptamer"[Title/Abstract] AND "SELEX"[Title/Abstract])' → 1 new PMIDs
2026-06-18 10:41:20,588 INFO     scripts.data.scraper.adapters.pubmed_pmc: PubMedPMCAdapter: extracted 0 records
2026-06-18 10:41:20,589 INFO     scripts.data.scraper.adapters.pubmed_pmc: PubMed query '("DNA aptamer"[Title/Abstract] AND "SELEX"[Title/Abstract])' → 1 new PMIDs
2026-06-18 10:41:20,589 INFO     scripts.data.scraper.adapters.pubmed_pmc: PubMedPMCAdapter: extracted 0 records
2026-06-18T17:53:40Z ERROR [databases] adapter failed: network down
2026-06-18 10:53:40,914 ERROR    scripts.data.scraper.main: Unknown source(s): ['nonexistent_source']. Available: ['databases', 'pubmed', 'semantic_scholar', 'openalex', 'biorxiv', 'patents_us', 'patents_epo', 'patents_wipo', 'lens', 'google_patents']
2026-06-18 10:53:40,916 INFO     scripts.data.scraper.main: Pipeline starting — sources: ['databases'], max_per_source: 500, workers: 1, dry_run: True
2026-06-18 10:53:40,916 INFO     scripts.data.scraper.main: [databases] 0 records in 0.0s
2026-06-18 10:53:40,916 INFO     scripts.data.scraper.main: All adapters done in 0.0s — 0 records collected from 1 sources
2026-06-18 10:53:40,916 INFO     scripts.data.scraper.main: Dry run — skipping write to disk.
2026-06-18 10:53:40,918 INFO     scripts.data.scraper.main: Pipeline starting — sources: ['databases'], max_per_source: 500, workers: 1, dry_run: False
2026-06-18 10:53:40,918 INFO     scripts.data.scraper.main: [databases] 0 records in 0.0s
2026-06-18 10:53:40,918 INFO     scripts.data.scraper.main: All adapters done in 0.0s — 0 records collected from 1 sources
2026-06-18 10:53:40,918 ERROR    scripts.data.scraper.main: Pipeline error: output_path (/private/var/folders/nq/qxs1sy3s0v11yyz6hx_sx3480000gn/T/pytest-of-shivanshbansal/pytest-2/test_main_safety_guard_exits_10/same.csv) must not be the same as master_path (/private/var/folders/nq/qxs1sy3s0v11yyz6hx_sx3480000gn/T/pytest-of-shivanshbansal/pytest-2/test_main_safety_guard_exits_10/same.csv). The master dataset must never be overwritten.
2026-06-18 10:53:40,927 INFO     scripts.data.scraper.adapters.supp_fetcher: Supplementary file parsed: https://example.com/data.csv (67 chars)
2026-06-18 10:53:40,935 INFO     scripts.data.scraper.adapters.supp_fetcher: Supplementary file parsed: https://example.com/supp.xlsx (66 chars)
2026-06-18 10:53:40,943 INFO     scripts.data.scraper.adapters.supp_fetcher: Supplementary file parsed: https://example.com/supp0.xlsx (66 chars)
2026-06-18 10:53:40,943 WARNING  scripts.data.scraper.parsers.excel_parser: Excel open failed (<bytes>): Excel file format cannot be determined, you must specify an engine manually.
2026-06-18 10:53:40,944 WARNING  scripts.data.scraper.parsers.excel_parser: Excel open failed (<bytes>): Excel file format cannot be determined, you must specify an engine manually.
2026-06-18 10:53:40,944 WARNING  scripts.data.scraper.parsers.excel_parser: Excel open failed (<bytes>): Excel file format cannot be determined, you must specify an engine manually.
2026-06-18 10:53:40,944 WARNING  scripts.data.scraper.parsers.excel_parser: Excel open failed (<bytes>): Excel file format cannot be determined, you must specify an engine manually.
2026-06-18 10:53:40,944 WARNING  scripts.data.scraper.parsers.excel_parser: Excel open failed (<bytes>): Excel file format cannot be determined, you must specify an engine manually.
2026-06-18 10:53:40,944 WARNING  scripts.data.scraper.parsers.excel_parser: Excel open failed (<bytes>): Excel file format cannot be determined, you must specify an engine manually.
2026-06-18 10:53:40,944 WARNING  scripts.data.scraper.parsers.excel_parser: Excel open failed (<bytes>): Excel file format cannot be determined, you must specify an engine manually.
2026-06-18 10:53:40,944 WARNING  scripts.data.scraper.parsers.excel_parser: Excel open failed (<bytes>): Excel file format cannot be determined, you must specify an engine manually.
2026-06-18 10:53:40,944 WARNING  scripts.data.scraper.parsers.excel_parser: Excel open failed (<bytes>): Excel file format cannot be determined, you must specify an engine manually.
2026-06-18 10:53:40,949 INFO     scripts.data.scraper.adapters.supp_fetcher: Supplementary file parsed: https://example.com/a.csv (4 chars)
2026-06-18 10:53:40,949 INFO     scripts.data.scraper.adapters.supp_fetcher: Supplementary file parsed: https://example.com/b.csv (4 chars)
2026-06-18 10:53:40,951 INFO     scripts.data.scraper.adapters.supp_fetcher: Supplementary file parsed: https://ncbi.nlm.nih.gov/pmc/articles/PMC999/bin/table1.csv (20 chars)
2026-06-18 10:53:40,954 INFO     scripts.data.scraper.adapters.pubmed_pmc: PubMed query '("DNA aptamer"[Title/Abstract] AND "SELEX"[Title/Abstract])' → 1 new PMIDs
2026-06-18 10:53:40,954 INFO     scripts.data.scraper.adapters.pubmed_pmc: PubMedPMCAdapter: extracted 0 records
2026-06-18 10:53:40,956 INFO     scripts.data.scraper.adapters.pubmed_pmc: PubMed query '("DNA aptamer"[Title/Abstract] AND "SELEX"[Title/Abstract])' → 1 new PMIDs
2026-06-18 10:53:40,956 INFO     scripts.data.scraper.adapters.pubmed_pmc: PubMedPMCAdapter: extracted 0 records
